[Licensing::Module] Trying to connect to existing licensing client channel...
[Licensing::IpcConnector] Successfully connected to the License Client on channel: "LicenseClient-admin" at "2026-09-14T16:42:37.4308928Z"
[Licensing::Client] Error: Code 10 while verifying Licensing Client signature (process Id: 36092, path: "D:/Program Files/Unity Hub/UnityLicensingClient_V1/Unity.Licensing.Client.exe")
[Licensing::Module] Error: LicensingClient has failed validation; ignoring
[Licensing::Client] Handshaking with LicensingClient:
  Version:                 1.16.1+e780b2e
  Session Id:              976998a8a4474c788314ff2e7a345a64
  Correlation Id:          2635a8e8a1e919187b9dde9484adda90
  External correlation Id: 3942230726990332592
  Machine Id:              lHjMRQhilFGXGFYO/g8U2v5+XBc=
[Licensing::Module] Successfully connected to LicensingClient on channel: "LicenseClient-admin" (connect: 0.00s, validation: 0.01s, handshake: 0.03s)
[Licensing::IpcConnector] Successfully connected to the License Notification on channel: "LicenseClient-admin-notifications" at "2026-09-14T16:42:37.469298Z"
[Licensing::Module] Error: Access token is unavailable; failed to update
[Licensing::Client] Successfully updated license
Built from '6000.0/china_unity/23f1' branch; Version is '6000.0.23f1c1 (d40c2aeae294) revision 13896746'; Using compiler version '193933523'; Build Type 'Release'
OS: 'Windows 10  (10.0.19045) 64bit Professional' Language: 'zh' Physical Memory: 32581 MB
[Licensing::Client] Successfully resolved entitlement details
[Licensing::Module] Serial number assigned to: "I4-6KQ6-SA25-FZVR-P4YR-XXXX"
BatchMode: 1, IsHumanControllingUs: 0, StartBugReporterOnCrash: 0, Is64bit: 1, IsPro: 1
[Licensing::Client] Successfully resolved entitlement details

COMMAND LINE ARGUMENTS:
D:\Unity\Editor\6000.0.23f1c1\Editor\Unity.exe
-batchmode
-quit
-projectPath
E:/UnityProject/Sunset-glow/Sunset-glow/Sunset Glow
-executeMethod
SunsetGlow.Editor.VisualRefinementBuild.BuildEnvironmentPreview
-logFile
E:/UnityProject/Sunset-glow/Sunset-glow/artifacts/refinement/environment-build.log
Successfully changed project path to: E:/UnityProject/Sunset-glow/Sunset-glow/Sunset Glow
E:/UnityProject/Sunset-glow/Sunset-glow/Sunset Glow
[UnityMemory] Configuration Parameters - Can be set up in boot.config
    "memorysetup-bucket-allocator-granularity=16"
    "memorysetup-bucket-allocator-bucket-count=8"
    "memorysetup-bucket-allocator-block-size=33554432"
    "memorysetup-bucket-allocator-block-count=8"
    "memorysetup-main-allocator-block-size=16777216"
    "memorysetup-thread-allocator-block-size=16777216"
    "memorysetup-gfx-main-allocator-block-size=16777216"
    "memorysetup-gfx-thread-allocator-block-size=16777216"
    "memorysetup-cache-allocator-block-size=4194304"
    "memorysetup-typetree-allocator-block-size=2097152"
    "memorysetup-profiler-bucket-allocator-granularity=16"
    "memorysetup-profiler-bucket-allocator-bucket-count=8"
    "memorysetup-profiler-bucket-allocator-block-size=33554432"
    "memorysetup-profiler-bucket-allocator-block-count=8"
    "memorysetup-profiler-allocator-block-size=16777216"
    "memorysetup-profiler-editor-allocator-block-size=1048576"
    "memorysetup-temp-allocator-size-main=16777216"
    "memorysetup-job-temp-allocator-block-size=2097152"
    "memorysetup-job-temp-allocator-block-size-background=1048576"
    "memorysetup-job-temp-allocator-reduction-small-platforms=262144"
    "memorysetup-allocator-temp-initial-block-size-main=262144"
    "memorysetup-allocator-temp-initial-block-size-worker=262144"
    "memorysetup-temp-allocator-size-background-worker=32768"
    "memorysetup-temp-allocator-size-job-worker=262144"
    "memorysetup-temp-allocator-size-preload-manager=33554432"
    "memorysetup-temp-allocator-size-nav-mesh-worker=65536"
    "memorysetup-temp-allocator-size-audio-worker=65536"
    "memorysetup-temp-allocator-size-cloud-worker=32768"
    "memorysetup-temp-allocator-size-gi-baking-worker=262144"
    "memorysetup-temp-allocator-size-gi-baking-worker=262144"
    "memorysetup-temp-allocator-size-gi-baking-worker=262144"
    "memorysetup-temp-allocator-size-gi-baking-worker=262144"
    "memorysetup-temp-allocator-size-gi-baking-worker=262144"
    "memorysetup-temp-allocator-size-gfx=262144"
Player connection [132628]  Target information:

Player connection [132628]  * "[IP] 192.168.1.5 [Port] 55505 [Flags] 2 [Guid] 540315460 [EditorId] 540315460 [Version] 1048832 [Id] WindowsEditor(7,DESKTOP-N57VUJT) [Debug] 1 [PackageName] WindowsEditor [ProjectName] Editor" 

Player connection [132628]  * "[IP] 26.179.140.201 [Port] 55505 [Flags] 2 [Guid] 540315460 [EditorId] 540315460 [Version] 1048832 [Id] WindowsEditor(7,DESKTOP-N57VUJT) [Debug] 1 [PackageName] WindowsEditor [ProjectName] Editor" 

Player connection [132628]  * "[IP] 172.22.112.1 [Port] 55505 [Flags] 2 [Guid] 540315460 [EditorId] 540315460 [Version] 1048832 [Id] WindowsEditor(7,DESKTOP-N57VUJT) [Debug] 1 [PackageName] WindowsEditor [ProjectName] Editor" 

Player connection [132628] Host joined multi-casting on [225.0.0.222:54997]...
Player connection [132628] Host joined alternative multi-casting on [225.0.0.222:34997]...
[Physics::Module] Initialized fallback backend.
[Physics::Module] Id: 0xdecafbad
[Package Manager] Connected to IPC stream "Upm-140152" after 0.2 seconds.
Library Redirect Path: Library/
[Package Manager] Restoring resolved packages state from cache
[Licensing::Client] Successfully resolved entitlement details
[Package Manager] Registered 60 packages:
  Packages from [https://packages.unity.cn]:
    com.unity.collab-proxy@2.13.6 (location: E:\UnityProject\Sunset-glow\Sunset-glow\Sunset Glow\Library\PackageCache\com.unity.collab-proxy)
    com.unity.timeline@1.8.7 (location: E:\UnityProject\Sunset-glow\Sunset-glow\Sunset Glow\Library\PackageCache\com.unity.timeline)
    com.unity.visualscripting@1.9.4 (location: E:\UnityProject\Sunset-glow\Sunset-glow\Sunset Glow\Library\PackageCache\com.unity.visualscripting)
    com.unity.ide.visualstudio@2.0.22 (location: E:\UnityProject\Sunset-glow\Sunset-glow\Sunset Glow\Library\PackageCache\com.unity.ide.visualstudio)
    com.unity.ide.rider@3.0.31 (location: E:\UnityProject\Sunset-glow\Sunset-glow\Sunset Glow\Library\PackageCache\com.unity.ide.rider)
    com.unity.editorcoroutines@1.0.0 (location: E:\UnityProject\Sunset-glow\Sunset-glow\Sunset Glow\Library\PackageCache\com.unity.editorcoroutines)
    com.unity.performance.profile-analyzer@1.2.2 (location: E:\UnityProject\Sunset-glow\Sunset-glow\Sunset Glow\Library\PackageCache\com.unity.performance.profile-analyzer)
    com.unity.test-framework@1.4.5 (location: E:\UnityProject\Sunset-glow\Sunset-glow\Sunset Glow\Library\PackageCache\com.unity.test-framework)
    com.unity.testtools.codecoverage@1.2.6 (location: E:\UnityProject\Sunset-glow\Sunset-glow\Sunset Glow\Library\PackageCache\com.unity.testtools.codecoverage)
    com.unity.searcher@4.9.2 (location: E:\UnityProject\Sunset-glow\Sunset-glow\Sunset Glow\Library\PackageCache\com.unity.searcher)
    com.unity.burst@1.8.18 (location: E:\UnityProject\Sunset-glow\Sunset-glow\Sunset Glow\Library\PackageCache\com.unity.burst)
    com.unity.mathematics@1.3.2 (location: E:\UnityProject\Sunset-glow\Sunset-glow\Sunset Glow\Library\PackageCache\com.unity.mathematics)
    com.unity.collections@2.5.1 (location: E:\UnityProject\Sunset-glow\Sunset-glow\Sunset Glow\Library\PackageCache\com.unity.collections)
    com.unity.settings-manager@2.0.1 (location: E:\UnityProject\Sunset-glow\Sunset-glow\Sunset Glow\Library\PackageCache\com.unity.settings-manager)
    com.unity.ext.nunit@2.0.5 (location: E:\UnityProject\Sunset-glow\Sunset-glow\Sunset Glow\Library\PackageCache\com.unity.ext.nunit)
    com.unity.nuget.mono-cecil@1.11.4 (location: E:\UnityProject\Sunset-glow\Sunset-glow\Sunset Glow\Library\PackageCache\com.unity.nuget.mono-cecil)
    com.unity.test-framework.performance@3.0.3 (location: E:\UnityProject\Sunset-glow\Sunset-glow\Sunset Glow\Library\PackageCache\com.unity.test-framework.performance)
  Built-in packages:
    com.unity.feature.development@1.0.2 (location: E:\UnityProject\Sunset-glow\Sunset-glow\Sunset Glow\Library\PackageCache\com.unity.feature.development)
    com.unity.multiplayer.center@1.0.0 (location: E:\UnityProject\Sunset-glow\Sunset-glow\Sunset Glow\Library\PackageCache\com.unity.multiplayer.center)
    com.unity.render-pipelines.high-definition@17.0.3 (location: E:\UnityProject\Sunset-glow\Sunset-glow\Sunset Glow\Library\PackageCache\com.unity.render-pipelines.high-definition)
    com.unity.ugui@2.0.0 (location: E:\UnityProject\Sunset-glow\Sunset-glow\Sunset Glow\Library\PackageCache\com.unity.ugui)
    com.unity.modules.accessibility@1.0.0 (location: E:\UnityProject\Sunset-glow\Sunset-glow\Sunset Glow\Library\PackageCache\com.unity.modules.accessibility)
    com.unity.modules.ai@1.0.0 (location: E:\UnityProject\Sunset-glow\Sunset-glow\Sunset Glow\Library\PackageCache\com.unity.modules.ai)
    com.unity.modules.androidjni@1.0.0 (location: E:\UnityProject\Sunset-glow\Sunset-glow\Sunset Glow\Library\PackageCache\com.unity.modules.androidjni)
    com.unity.modules.animation@1.0.0 (location: E:\UnityProject\Sunset-glow\Sunset-glow\Sunset Glow\Library\PackageCache\com.unity.modules.animation)
    com.unity.modules.assetbundle@1.0.0 (location: E:\UnityProject\Sunset-glow\Sunset-glow\Sunset Glow\Library\PackageCache\com.unity.modules.assetbundle)
    com.unity.modules.audio@1.0.0 (location: E:\UnityProject\Sunset-glow\Sunset-glow\Sunset Glow\Library\PackageCache\com.unity.modules.audio)
    com.unity.modules.cloth@1.0.0 (location: E:\UnityProject\Sunset-glow\Sunset-glow\Sunset Glow\Library\PackageCache\com.unity.modules.cloth)
    com.unity.modules.director@1.0.0 (location: E:\UnityProject\Sunset-glow\Sunset-glow\Sunset Glow\Library\PackageCache\com.unity.modules.director)
    com.unity.modules.imageconversion@1.0.0 (location: E:\UnityProject\Sunset-glow\Sunset-glow\Sunset Glow\Library\PackageCache\com.unity.modules.imageconversion)
    com.unity.modules.imgui@1.0.0 (location: E:\UnityProject\Sunset-glow\Sunset-glow\Sunset Glow\Library\PackageCache\com.unity.modules.imgui)
    com.unity.modules.jsonserialize@1.0.0 (location: E:\UnityProject\Sunset-glow\Sunset-glow\Sunset Glow\Library\PackageCache\com.unity.modules.jsonserialize)
    com.unity.modules.particlesystem@1.0.0 (location: E:\UnityProject\Sunset-glow\Sunset-glow\Sunset Glow\Library\PackageCache\com.unity.modules.particlesystem)
    com.unity.modules.physics@1.0.0 (location: E:\UnityProject\Sunset-glow\Sunset-glow\Sunset Glow\Library\PackageCache\com.unity.modules.physics)
    com.unity.modules.physics2d@1.0.0 (location: E:\UnityProject\Sunset-glow\Sunset-glow\Sunset Glow\Library\PackageCache\com.unity.modules.physics2d)
    com.unity.modules.screencapture@1.0.0 (location: E:\UnityProject\Sunset-glow\Sunset-glow\Sunset Glow\Library\PackageCache\com.unity.modules.screencapture)
    com.unity.modules.terrain@1.0.0 (location: E:\UnityProject\Sunset-glow\Sunset-glow\Sunset Glow\Library\PackageCache\com.unity.modules.terrain)
    com.unity.modules.terrainphysics@1.0.0 (location: E:\UnityProject\Sunset-glow\Sunset-glow\Sunset Glow\Library\PackageCache\com.unity.modules.terrainphysics)
    com.unity.modules.tilemap@1.0.0 (location: E:\UnityProject\Sunset-glow\Sunset-glow\Sunset Glow\Library\PackageCache\com.unity.modules.tilemap)
    com.unity.modules.ui@1.0.0 (location: E:\UnityProject\Sunset-glow\Sunset-glow\Sunset Glow\Library\PackageCache\com.unity.modules.ui)
    com.unity.modules.uielements@1.0.0 (location: E:\UnityProject\Sunset-glow\Sunset-glow\Sunset Glow\Library\PackageCache\com.unity.modules.uielements)
    com.unity.modules.umbra@1.0.0 (location: E:\UnityProject\Sunset-glow\Sunset-glow\Sunset Glow\Library\PackageCache\com.unity.modules.umbra)
    com.unity.modules.unityanalytics@1.0.0 (location: E:\UnityProject\Sunset-glow\Sunset-glow\Sunset Glow\Library\PackageCache\com.unity.modules.unityanalytics)
    com.unity.modules.unitywebrequest@1.0.0 (location: E:\UnityProject\Sunset-glow\Sunset-glow\Sunset Glow\Library\PackageCache\com.unity.modules.unitywebrequest)
    com.unity.modules.unitywebrequestassetbundle@1.0.0 (location: E:\UnityProject\Sunset-glow\Sunset-glow\Sunset Glow\Library\PackageCache\com.unity.modules.unitywebrequestassetbundle)
    com.unity.modules.unitywebrequestaudio@1.0.0 (location: E:\UnityProject\Sunset-glow\Sunset-glow\Sunset Glow\Library\PackageCache\com.unity.modules.unitywebrequestaudio)
    com.unity.modules.unitywebrequesttexture@1.0.0 (location: E:\UnityProject\Sunset-glow\Sunset-glow\Sunset Glow\Library\PackageCache\com.unity.modules.unitywebrequesttexture)
    com.unity.modules.unitywebrequestwww@1.0.0 (location: E:\UnityProject\Sunset-glow\Sunset-glow\Sunset Glow\Library\PackageCache\com.unity.modules.unitywebrequestwww)
    com.unity.modules.vehicles@1.0.0 (location: E:\UnityProject\Sunset-glow\Sunset-glow\Sunset Glow\Library\PackageCache\com.unity.modules.vehicles)
    com.unity.modules.video@1.0.0 (location: E:\UnityProject\Sunset-glow\Sunset-glow\Sunset Glow\Library\PackageCache\com.unity.modules.video)
    com.unity.modules.vr@1.0.0 (location: E:\UnityProject\Sunset-glow\Sunset-glow\Sunset Glow\Library\PackageCache\com.unity.modules.vr)
    com.unity.modules.wind@1.0.0 (location: E:\UnityProject\Sunset-glow\Sunset-glow\Sunset Glow\Library\PackageCache\com.unity.modules.wind)
    com.unity.modules.xr@1.0.0 (location: E:\UnityProject\Sunset-glow\Sunset-glow\Sunset Glow\Library\PackageCache\com.unity.modules.xr)
    com.unity.modules.subsystems@1.0.0 (location: E:\UnityProject\Sunset-glow\Sunset-glow\Sunset Glow\Library\PackageCache\com.unity.modules.subsystems)
    com.unity.modules.hierarchycore@1.0.0 (location: E:\UnityProject\Sunset-glow\Sunset-glow\Sunset Glow\Library\PackageCache\com.unity.modules.hierarchycore)
    com.unity.render-pipelines.core@17.0.3 (location: E:\UnityProject\Sunset-glow\Sunset-glow\Sunset Glow\Library\PackageCache\com.unity.render-pipelines.core)
    com.unity.shadergraph@17.0.3 (location: E:\UnityProject\Sunset-glow\Sunset-glow\Sunset Glow\Library\PackageCache\com.unity.shadergraph)
    com.unity.visualeffectgraph@17.0.3 (location: E:\UnityProject\Sunset-glow\Sunset-glow\Sunset Glow\Library\PackageCache\com.unity.visualeffectgraph)
    com.unity.render-pipelines.high-definition-config@17.0.3 (location: E:\UnityProject\Sunset-glow\Sunset-glow\Sunset Glow\Library\PackageCache\com.unity.render-pipelines.high-definition-config)
    com.unity.rendering.light-transport@1.0.1 (location: E:\UnityProject\Sunset-glow\Sunset-glow\Sunset Glow\Library\PackageCache\com.unity.rendering.light-transport)
[Physics::Module] Selected backend.
[Physics::Module] Name: PhysX
[Physics::Module] Id: 0xf2b8ea05
[Physics::Module] SDK Version: 4.1.2
[Physics::Module] Integration Version: 1.0.0
[Physics::Module] Threading Mode: Multi-Threaded
[Subsystems] No new subsystems found in resolved package list.
Package Manager log level set to [2]
[Package Manager] Done registering packages in 0.08 seconds
Refreshing native plugins compatible for Editor in 2.11 ms, found 4 plugins.
Preloading 0 native plugins for Editor in 0.00 ms.
Initialize engine version: 6000.0.23f1c1 (d40c2aeae294)
[Subsystems] Discovering subsystems at path D:/Unity/Editor/6000.0.23f1c1/Editor/Data/Resources/UnitySubsystems
[Subsystems] Discovering subsystems at path E:/UnityProject/Sunset-glow/Sunset-glow/Sunset Glow/Assets
GfxDevice: creating device client; kGfxThreadingModeNonThreaded
Direct3D:
    Version:         Direct3D 12 [level 12.1]
    Renderer:        NVIDIA GeForce RTX 4070 Ti SUPER (ID=0x2689)
    Vendor:          NVIDIA
    VRAM:            16063 MB
    App VRAM Budget: 15295 MB
    Driver:          32.0.15.6081
[Licensing::Client] Successfully resolved entitlement details
Initialize mono
Mono path[0] = 'D:/Unity/Editor/6000.0.23f1c1/Editor/Data/Managed'
Mono path[1] = 'D:/Unity/Editor/6000.0.23f1c1/Editor/Data/MonoBleedingEdge/lib/mono/unityjit-win32'
Mono config path = 'D:/Unity/Editor/6000.0.23f1c1/Editor/Data/MonoBleedingEdge/etc'
Using monoOptions --debugger-agent=transport=dt_socket,embedding=1,server=y,suspend=n,address=127.0.0.1:56152
Using cacheserver namespaces - metadata:defaultmetadata, artifacts:defaultartifacts
Using cacheserver namespaces - metadata:defaultmetadata, artifacts:defaultartifacts
ImportWorker Server TCP listen port: 0
AcceleratorClientConnectionCallback - disconnected - :0
Begin MonoManager ReloadAssembly
Registering precompiled unity dll's ...
Register platform support module: D:/Unity/Editor/6000.0.23f1c1/Editor/Data/PlaybackEngines/WindowsStandaloneSupport/UnityEditor.WindowsStandalone.Extensions.dll
[Licensing::Client] Successfully resolved entitlement details
Register platform support module: D:/Unity/Editor/6000.0.23f1c1/Editor/Data/PlaybackEngines/AndroidPlayer/UnityEditor.Android.Extensions.dll
Registered in 0.015705 seconds.
- Loaded All Assemblies, in  0.297 seconds
Native extension for Android target not found
Android Extension - Scanning For ADB Devices 2258 ms
Native extension for WindowsStandalone target not found
Mono: successfully reloaded assembly
- Finished resetting the current domain, in  2.521 seconds
Domain Reload Profiling: 2814ms
	BeginReloadAssembly (102ms)
		ExecutionOrderSort (0ms)
		DisableScriptedObjects (0ms)
		BackupInstance (0ms)
		ReleaseScriptingObjects (0ms)
		CreateAndSetChildDomain (1ms)
	RebuildCommonClasses (30ms)
	RebuildNativeTypeToScriptingClass (7ms)
	initialDomainReloadingComplete (50ms)
	LoadAllAssembliesAndSetupDomain (105ms)
		LoadAssemblies (99ms)
		RebuildTransferFunctionScriptingTraits (0ms)
		AnalyzeDomain (102ms)
			TypeCache.Refresh (101ms)
				TypeCache.ScanAssembly (92ms)
			BuildScriptInfoCaches (0ms)
			ResolveRequiredComponents (1ms)
	FinalizeReload (2521ms)
		ReleaseScriptCaches (0ms)
		RebuildScriptCaches (0ms)
		SetupLoadedEditorAssemblies (2495ms)
			LogAssemblyErrors (0ms)
			InitializePlatformSupportModulesInManaged (2342ms)
			SetLoadedEditorAssemblies (3ms)
			BeforeProcessingInitializeOnLoad (4ms)
			ProcessInitializeOnLoadAttributes (94ms)
			ProcessInitializeOnLoadMethodAttributes (50ms)
			AfterProcessingInitializeOnLoad (2ms)
			EditorAssembliesLoaded (0ms)
		ExecutionOrderSort2 (0ms)
		AwakeInstancesAfterBackupRestoration (0ms)
[Licensing::Client] Successfully resolved entitlement details
Application.AssetDatabase Initial Refresh Start
[ScriptCompilation] Requested script compilation because: Assetdatabase observed changes in script compilation related files
Starting: D:\Unity\Editor\6000.0.23f1c1\Editor\Data\bee_backend.exe --dont-print-to-structured-log --ipc --defer-dag-verification --dagfile="Library/Bee/1900b0aEDbg.dag" --continue-on-failure --profile="Library/Bee/backend1.traceevents" ScriptAssemblies
WorkingDir: E:/UnityProject/Sunset-glow/Sunset-glow/Sunset Glow
DisplayProgressbar: Compiling Scripts
ExitCode: 4 Duration: 0s926ms
Rebuilding DAG because FileSignature timestamp changed: Library/Bee/1900b0aEDbg-inputdata.json
[608/769    0s] ILPP-Configuration Library/ilpp-configuration.nevergeneratedoutput
[609/769    0s] Csc Library/Bee/artifacts/1900b0aEDbg.dag/Assembly-CSharp-Editor.dll (+2 others)
Assets\_Game\Editor\CoastalLightingSetup.cs(79,37): warning CS0612: 'FrameSettingsField.MSAA' is obsolete
*** Tundra requires additional run (0.90 seconds), 2 items updated, 607 evaluated
Starting: D:\Unity\Editor\6000.0.23f1c1\Editor\Data\Tools\netcorerun\netcorerun.exe "D:\Unity\Editor\6000.0.23f1c1\Editor\Data\Tools\BuildPipeline\ScriptCompilationBuildProgram.exe" "Library/Bee/1900b0aEDbg.dag.json" "Library/Bee/1900b0aEDbg-inputdata.json" "Library\Bee\buildprogram0.traceevents"
WorkingDir: E:/UnityProject/Sunset-glow/Sunset-glow/Sunset Glow
ExitCode: 0 Duration: 0s416ms
Starting: D:\Unity\Editor\6000.0.23f1c1\Editor\Data\bee_backend.exe --dont-print-to-structured-log --ipc --defer-dag-verification --dagfile="Library/Bee/1900b0aEDbg.dag" --continue-on-failure --dagfilejson="Library\Bee\1900b0aEDbg.dag.json" --profile="Library/Bee/backend2.traceevents" ScriptAssemblies
WorkingDir: E:/UnityProject/Sunset-glow/Sunset-glow/Sunset Glow
ExitCode: 0 Duration: 0s897ms
Finished compiling graph: 772 nodes, 12951 flattened edges (10659 ToBuild, 118 ToUse), maximum node priority 858
[428/769    0s] WriteText Library/Bee/artifacts/1900b0aEDbg.dag/Assembly-CSharp.rsp
[607/769    0s] ILPP-Configuration Library/ilpp-configuration.nevergeneratedoutput
[761/769    0s] Csc Library/Bee/artifacts/1900b0aEDbg.dag/Assembly-CSharp.dll (+2 others)
[762/769    0s] Csc Library/Bee/artifacts/1900b0aEDbg.dag/Assembly-CSharp-Editor.dll (+2 others)
Assets\_Game\Editor\CoastalLightingSetup.cs(79,37): warning CS0612: 'FrameSettingsField.MSAA' is obsolete
[763/769    0s] ILPostProcess Library/Bee/artifacts/1900b0aEDbg.dag/post-processed/Assembly-CSharp.dll (+pdb)
Processing assembly Library/Bee/artifacts/1900b0aEDbg.dag/Assembly-CSharp.dll, with 128 defines and 292 references

processors: Unity.Jobs.CodeGen.JobsILPostProcessor, zzzUnity.Burst.CodeGen.BurstILPostProcessor

running Unity.Jobs.CodeGen.JobsILPostProcessor

running zzzUnity.Burst.CodeGen.BurstILPostProcessor
[764/769    0s] ILPostProcess Library/Bee/artifacts/1900b0aEDbg.dag/post-processed/Assembly-CSharp-Editor.dll (+pdb)
Processing assembly Library/Bee/artifacts/1900b0aEDbg.dag/Assembly-CSharp-Editor.dll, with 126 defines and 314 references

processors: Unity.Jobs.CodeGen.JobsILPostProcessor, zzzUnity.Burst.CodeGen.BurstILPostProcessor

running Unity.Jobs.CodeGen.JobsILPostProcessor

running zzzUnity.Burst.CodeGen.BurstILPostProcessor
[765/769    0s] CopyFiles Library/ScriptAssemblies/Assembly-CSharp.pdb
[766/769    0s] CopyFiles Library/ScriptAssemblies/Assembly-CSharp-Editor.pdb
[767/769    0s] CopyFiles Library/ScriptAssemblies/Assembly-CSharp.dll
[768/769    0s] CopyFiles Library/ScriptAssemblies/Assembly-CSharp-Editor.dll
*** Tundra build success (0.88 seconds), 10 items updated, 769 evaluated
Assets\_Game\Editor\CoastalLightingSetup.cs(79,37): warning CS0612: 'FrameSettingsField.MSAA' is obsolete
AssetDatabase: script compilation time: 2.592092s
Begin MonoManager ReloadAssembly
Total cache size 267985738
Total cache size after purge 267985738, took 00:00:00.1331332
- Loaded All Assemblies, in  0.842 seconds
'Packages/com.unity.render-pipelines.high-definition/Editor/Wizard/HDWizard.Window.cs' contains partial class of Unity.Object, exactly 1 of the partial classes needs to be in a file with the same filename. This is to know the one that can be referenced from ie. GameObjects
'Packages/com.unity.render-pipelines.high-definition/Editor/Wizard/HDWizard.UIElement.cs' contains partial class of Unity.Object, exactly 1 of the partial classes needs to be in a file with the same filename. This is to know the one that can be referenced from ie. GameObjects
'Packages/com.unity.render-pipelines.high-definition/Editor/Wizard/HDWizard.Configuration.cs' contains partial class of Unity.Object, exactly 1 of the partial classes needs to be in a file with the same filename. This is to know the one that can be referenced from ie. GameObjects
Refreshing native plugins compatible for Editor in 1.82 ms, found 4 plugins.
Native extension for Android target not found
Native extension for WindowsStandalone target not found
Refreshing native plugins compatible for Editor in 1.71 ms, found 4 plugins.
Mono: successfully reloaded assembly
- Finished resetting the current domain, in  3.807 seconds
Domain Reload Profiling: 4643ms
	BeginReloadAssembly (255ms)
		ExecutionOrderSort (0ms)
		DisableScriptedObjects (6ms)
		BackupInstance (0ms)
		ReleaseScriptingObjects (0ms)
		CreateAndSetChildDomain (22ms)
	RebuildCommonClasses (22ms)
	RebuildNativeTypeToScriptingClass (8ms)
	initialDomainReloadingComplete (25ms)
	LoadAllAssembliesAndSetupDomain (526ms)
		LoadAssemblies (369ms)
		RebuildTransferFunctionScriptingTraits (0ms)
		AnalyzeDomain (239ms)
			TypeCache.Refresh (170ms)
				TypeCache.ScanAssembly (160ms)
			BuildScriptInfoCaches (58ms)
			ResolveRequiredComponents (8ms)
	FinalizeReload (3808ms)
		ReleaseScriptCaches (0ms)
		RebuildScriptCaches (0ms)
		SetupLoadedEditorAssemblies (3605ms)
			LogAssemblyErrors (0ms)
			InitializePlatformSupportModulesInManaged (25ms)
			SetLoadedEditorAssemblies (4ms)
			BeforeProcessingInitializeOnLoad (128ms)
			ProcessInitializeOnLoadAttributes (3232ms)
			ProcessInitializeOnLoadMethodAttributes (207ms)
			AfterProcessingInitializeOnLoad (8ms)
			EditorAssembliesLoaded (0ms)
		ExecutionOrderSort2 (0ms)
		AwakeInstancesAfterBackupRestoration (11ms)
Start importing Assets/_Game/Art/Characters/RiceShower/RiceShower.fbx using Guid(35a6959419a6121478763aab9cb26f2d) (FBXImporter)Launched and connected shader compiler UnityShaderCompiler.exe after 0.01 seconds
Keyframe reduction: Ratio: 7.461715%;
A polygon of Mesh 'Head' in Assets/_Game/Art/Characters/RiceShower/RiceShower.fbx is self-intersecting and has been discarded.
A polygon of Mesh 'Head' in Assets/_Game/Art/Characters/RiceShower/RiceShower.fbx is self-intersecting and has been discarded.
A polygon of Mesh 'Head' in Assets/_Game/Art/Characters/RiceShower/RiceShower.fbx is self-intersecting and has been discarded.
A polygon of Mesh 'Head' in Assets/_Game/Art/Characters/RiceShower/RiceShower.fbx is self-intersecting and has been discarded.
A polygon of Mesh 'Head' in Assets/_Game/Art/Characters/RiceShower/RiceShower.fbx is self-intersecting and has been discarded.
A polygon of Mesh 'Head' in Assets/_Game/Art/Characters/RiceShower/RiceShower.fbx is self-intersecting and has been discarded.
 -> (artifact id: 'eccc58749be5192c44274ae845a08d16') in 0.3184712 seconds
Refreshing native plugins compatible for Editor in 1.51 ms, found 4 plugins.
Preloading 0 native plugins for Editor in 0.00 ms.
Asset Pipeline Refresh (id=5d8058a3babcbfc46962dc7ce2ac2a50): Total: 10.233 seconds - Initiated by InitialRefreshV2(ForceSynchronousImport)
	Summary:
		Imports: total=0 (actual=0, local cache=0, cache server=0)
		Asset DB Process Time: managed=94 ms, native=5678 ms
		Asset DB Callback time: managed=823 ms, native=7 ms
		Scripting: domain reloads=1, domain reload time=939 ms, compile time=2593 ms, other=96 ms
		Project Asset Count: scripts=1491, non-scripts=2990
		Asset File Changes: new=2, changed=4, moved=0, deleted=0
		Scan Filter Count: 0
	InvokeCustomDependenciesCallbacks: 0.001ms
	InvokePackagesCallback: 2.328ms
	ApplyChangesToAssetFolders: 0.421ms
	Scan: 1293.244ms
	OnSourceAssetsModified: 0.663ms
	CategorizeAssetsWithTransientArtifact: 47.904ms
	ProcessAssetsWithTransientArtifactChanges: 66.842ms
	CategorizeAssets: 46.912ms
	ImportOutOfDateAssets: 4141.744ms (1225.572ms without children)
		ImportManagerImport: 319.666ms (0.858ms without children)
			ImportInProcess: 318.808ms
		CompileScripts: 2593.289ms
		ReloadNativeAssets: 0.054ms
		UnloadImportedAssets: 2.098ms
		ReloadImportedAssets: 0.000ms
		EnsureUptoDateAssetsAreRegisteredWithGuidPM: 0.711ms
		InitializingProgressBar: 0.009ms
		PostProcessAllAssetNotificationsAddChangedAssets: 0.001ms
		OnDemandSchedulerStart: 0.345ms
	PostProcessAllAssets: 824.487ms
	Hotreload: 5.603ms
	GatherAllCurrentPrimaryArtifactRevisions: 0.000ms
	UnloadStreamsBegin: 1.699ms
	PersistCurrentRevisions: 0.150ms
	UnloadStreamsEnd: 0.001ms
	GenerateScriptTypeHashes: 1.960ms
	Untracked: 3801.475ms

Application.AssetDatabase Initial Refresh End
Scanning for USB devices : 3.848ms
Initializing Unity extensions:
[Licensing::Client] Successfully resolved entitlement details
[MODES] ModeService[none].Initialize
[MODES] ModeService[none].LoadModes
[MODES] Loading mode Default (0) for mode-current-id-Sunset Glow
Unloading 23 Unused Serialized files (Serialized files now loaded: 0)
Unloading 7410 unused Assets / (6.0 MB). Loaded Objects now: 8331.
Memory consumption went from 288.4 MB to 282.3 MB.
Total: 7.707600 ms (FindLiveObjects: 0.576700 ms CreateObjectMapping: 0.215200 ms MarkObjects: 5.205600 ms  DeleteObjects: 1.709100 ms)

Opening scene 'Assets/_Game/Scenes/IslandPrototype.unity'
Unloading 18 Unused Serialized files (Serialized files now loaded: 0)
Loaded scene 'Assets/_Game/Scenes/IslandPrototype.unity'
	Deserialize:            45.297 ms
	Integration:            1064.650 ms
	Integration of assets:  2.154 ms
	Thread Wait Time:       0.185 ms
	Total Operation Time:   1112.286 ms
Unloading 6 unused Assets / (45.0 KB). Loaded Objects now: 9937.
Memory consumption went from 387.5 MB to 387.5 MB.
Total: 5.756000 ms (FindLiveObjects: 0.309200 ms CreateObjectMapping: 0.124600 ms MarkObjects: 5.199300 ms  DeleteObjects: 0.122100 ms)

[ScriptCompilation] Requested script compilation because: Assetdatabase observed changes in script compilation related files
AssetDatabase: script compilation time: 0.000444s
Refreshing native plugins compatible for Editor in 1.59 ms, found 4 plugins.
Preloading 0 native plugins for Editor in 0.00 ms.
Asset Pipeline Refresh (id=71b10184e8064124b9b05b704970822b): Total: 0.062 seconds - Initiated by RefreshV2(NoUpdateAssetOptions)
Start importing Assets/_Game/Art/Land/LandTerrain_Summer_Albedo.png using Guid(d86bd663d074e9f4a9bd1208828ee5bc) (TextureImporter) -> (artifact id: '3fa04696563d637e839e06432d828c69') in 0.0881812 seconds
Refreshing native plugins compatible for Editor in 1.66 ms, found 4 plugins.
Preloading 0 native plugins for Editor in 0.00 ms.
Asset Pipeline Refresh (id=ab555e580c6a7ec44ac42b20d869284e): Total: 0.103 seconds - Initiated by StopAssetImportingV2(NoUpdateAssetOptions)
Start importing Assets/_Game/Art/Land/LandTerrain_Summer_Albedo.png using Guid(d86bd663d074e9f4a9bd1208828ee5bc) (TextureImporter) -> (artifact id: '3fa04696563d637e839e06432d828c69') in 0.0704818 seconds
Refreshing native plugins compatible for Editor in 1.42 ms, found 4 plugins.
Preloading 0 native plugins for Editor in 0.00 ms.
Asset Pipeline Refresh (id=9cbf19199a0ca5e4683bc01841433518): Total: 0.086 seconds - Initiated by StopAssetImportingV2(NoUpdateAssetOptions)
Start importing Assets/_Game/Art/Land/LandTerrain_Summer_Normal.png using Guid(528cea08d6928434798f2157f6573962) (TextureImporter) -> (artifact id: '0b4215f05b7f67ff45f4a1fd1b6fb424') in 0.080352 seconds
Refreshing native plugins compatible for Editor in 1.41 ms, found 4 plugins.
Preloading 0 native plugins for Editor in 0.00 ms.
Asset Pipeline Refresh (id=a8b4891fe8e3cd64895fae0e44afe399): Total: 0.094 seconds - Initiated by StopAssetImportingV2(NoUpdateAssetOptions)
Start importing Assets/_Game/Art/Land/LandTerrain_Summer_Normal.png using Guid(528cea08d6928434798f2157f6573962) (TextureImporter) -> (artifact id: '0b4215f05b7f67ff45f4a1fd1b6fb424') in 0.0788399 seconds
Refreshing native plugins compatible for Editor in 1.47 ms, found 4 plugins.
Preloading 0 native plugins for Editor in 0.00 ms.
Asset Pipeline Refresh (id=347a3c23fd9acb042a013beed8585307): Total: 0.093 seconds - Initiated by StopAssetImportingV2(NoUpdateAssetOptions)
Start importing Assets/_Game/Art/Land/GroundMicroDetail.png using Guid(2cb6798b120a5514bb89e588066fce6a) (TextureImporter) -> (artifact id: '3fd76d21da2ad2836b7c609578d6a4fc') in 0.010382 seconds
Refreshing native plugins compatible for Editor in 1.71 ms, found 4 plugins.
Preloading 0 native plugins for Editor in 0.00 ms.
Asset Pipeline Refresh (id=f1ed33884a8019d40b3e06a3db6cc8d1): Total: 0.025 seconds - Initiated by StopAssetImportingV2(NoUpdateAssetOptions)
Start importing Assets/_Game/Art/Land/GroundMicroDetail.png using Guid(2cb6798b120a5514bb89e588066fce6a) (TextureImporter) -> (artifact id: '77bf6dd67cd604974d1eb14e2e3ad5d5') in 0.0078274 seconds
Refreshing native plugins compatible for Editor in 1.42 ms, found 4 plugins.
Preloading 0 native plugins for Editor in 0.00 ms.
Asset Pipeline Refresh (id=654e6e4c020cfd34f8cd69c89eaff684): Total: 0.042 seconds - Initiated by StopAssetImportingV2(NoUpdateAssetOptions)
Start importing Assets/_Game/Art/Land/GroundMicroDetail.png using Guid(2cb6798b120a5514bb89e588066fce6a) (TextureImporter) -> (artifact id: '3fd76d21da2ad2836b7c609578d6a4fc') in 0.0088369 seconds
Refreshing native plugins compatible for Editor in 1.66 ms, found 4 plugins.
Preloading 0 native plugins for Editor in 0.00 ms.
Asset Pipeline Refresh (id=e8aa3cfc16b563a4b8d12e4d669f6ac3): Total: 0.044 seconds - Initiated by StopAssetImportingV2(NoUpdateAssetOptions)
Start importing Assets/_Game/Art/Land/LandTerrain_Winter_Albedo.png using Guid(aec58c48b1b3e8445893adc1bdf8040f) (TextureImporter) -> (artifact id: '87735d18350848b1ebd9b56af6ac758d') in 0.0644586 seconds
Refreshing native plugins compatible for Editor in 1.94 ms, found 4 plugins.
Preloading 0 native plugins for Editor in 0.00 ms.
Asset Pipeline Refresh (id=d0ec2f619eba180459c7197101ef807f): Total: 0.080 seconds - Initiated by StopAssetImportingV2(NoUpdateAssetOptions)
Start importing Assets/_Game/Art/Land/LandTerrain_Winter_Albedo.png using Guid(aec58c48b1b3e8445893adc1bdf8040f) (TextureImporter) -> (artifact id: '87735d18350848b1ebd9b56af6ac758d') in 0.0688461 seconds
Refreshing native plugins compatible for Editor in 2.08 ms, found 4 plugins.
Preloading 0 native plugins for Editor in 0.00 ms.
Asset Pipeline Refresh (id=56238386d6362cc48ac7f1a59e4eeaa9): Total: 0.085 seconds - Initiated by StopAssetImportingV2(NoUpdateAssetOptions)
Start importing Assets/_Game/Art/Land/LandTerrain_Winter_Normal.png using Guid(93176450c6531d94d96e26f443af1db1) (TextureImporter) -> (artifact id: '5882adb7075574baf378e0b79eadcebc') in 0.083871 seconds
Refreshing native plugins compatible for Editor in 1.78 ms, found 4 plugins.
Preloading 0 native plugins for Editor in 0.00 ms.
Asset Pipeline Refresh (id=4401786bce84a3044b807891aaf0bec9): Total: 0.099 seconds - Initiated by StopAssetImportingV2(NoUpdateAssetOptions)
Start importing Assets/_Game/Art/Land/LandTerrain_Winter_Normal.png using Guid(93176450c6531d94d96e26f443af1db1) (TextureImporter) -> (artifact id: '5882adb7075574baf378e0b79eadcebc') in 0.0782883 seconds
Refreshing native plugins compatible for Editor in 1.51 ms, found 4 plugins.
Preloading 0 native plugins for Editor in 0.00 ms.
Asset Pipeline Refresh (id=1c291266a3c262f40a4a756d42378d12): Total: 0.094 seconds - Initiated by StopAssetImportingV2(NoUpdateAssetOptions)
Start importing Assets/_Game/Art/Land/GroundMicroDetail.png using Guid(2cb6798b120a5514bb89e588066fce6a) (TextureImporter) -> (artifact id: '3fd76d21da2ad2836b7c609578d6a4fc') in 0.0109884 seconds
Refreshing native plugins compatible for Editor in 1.69 ms, found 4 plugins.
Preloading 0 native plugins for Editor in 0.00 ms.
Asset Pipeline Refresh (id=fb2aedff268571e4b852d58fa2201536): Total: 0.027 seconds - Initiated by StopAssetImportingV2(NoUpdateAssetOptions)
Start importing Assets/_Game/Art/Land/GroundMicroDetail.png using Guid(2cb6798b120a5514bb89e588066fce6a) (TextureImporter) -> (artifact id: '77bf6dd67cd604974d1eb14e2e3ad5d5') in 0.0075301 seconds
Refreshing native plugins compatible for Editor in 1.79 ms, found 4 plugins.
Preloading 0 native plugins for Editor in 0.00 ms.
Asset Pipeline Refresh (id=2151b2a83ea7de74f92329b603df62ab): Total: 0.045 seconds - Initiated by StopAssetImportingV2(NoUpdateAssetOptions)
Start importing Assets/_Game/Art/Land/GroundMicroDetail.png using Guid(2cb6798b120a5514bb89e588066fce6a) (TextureImporter) -> (artifact id: '3fd76d21da2ad2836b7c609578d6a4fc') in 0.009861 seconds
Refreshing native plugins compatible for Editor in 2.40 ms, found 4 plugins.
Preloading 0 native plugins for Editor in 0.00 ms.
Asset Pipeline Refresh (id=da2be2eb2f6e6d340a975e02e0853574): Total: 0.050 seconds - Initiated by StopAssetImportingV2(NoUpdateAssetOptions)
Start importing Assets/_Game/Art/Land/PineBark_Albedo.png using Guid(ec399f31408703e41bb50a245da28a38) (TextureImporter) -> (artifact id: '9722e9cb6d5a773291e7ae951b541f0b') in 0.0079319 seconds
Refreshing native plugins compatible for Editor in 1.78 ms, found 4 plugins.
Preloading 0 native plugins for Editor in 0.00 ms.
Asset Pipeline Refresh (id=695930bdde13ada41a606fcb37d49ab8): Total: 0.024 seconds - Initiated by StopAssetImportingV2(NoUpdateAssetOptions)
Start importing Assets/_Game/Art/Land/PineBark_Albedo.png using Guid(ec399f31408703e41bb50a245da28a38) (TextureImporter) -> (artifact id: '9722e9cb6d5a773291e7ae951b541f0b') in 0.0090819 seconds
Refreshing native plugins compatible for Editor in 1.88 ms, found 4 plugins.
Preloading 0 native plugins for Editor in 0.00 ms.
Asset Pipeline Refresh (id=52eec5154827d4f46897e2abd9600f03): Total: 0.025 seconds - Initiated by StopAssetImportingV2(NoUpdateAssetOptions)
Start importing Assets/_Game/Art/Land/PineBark_Normal.png using Guid(433bb13098b80ba44b316074943ea391) (TextureImporter) -> (artifact id: '9a2db9331245092541f723d990215267') in 0.0101308 seconds
Refreshing native plugins compatible for Editor in 1.86 ms, found 4 plugins.
Preloading 0 native plugins for Editor in 0.00 ms.
Asset Pipeline Refresh (id=9b752df4b88060f4790a2359d5f91724): Total: 0.027 seconds - Initiated by StopAssetImportingV2(NoUpdateAssetOptions)
Start importing Assets/_Game/Art/Land/PineBark_Normal.png using Guid(433bb13098b80ba44b316074943ea391) (TextureImporter) -> (artifact id: '9a2db9331245092541f723d990215267') in 0.010439 seconds
Refreshing native plugins compatible for Editor in 1.74 ms, found 4 plugins.
Preloading 0 native plugins for Editor in 0.00 ms.
Asset Pipeline Refresh (id=bebd6762248db0c4bbd42a60bffb82d2): Total: 0.028 seconds - Initiated by StopAssetImportingV2(NoUpdateAssetOptions)
Start importing Assets/_Game/Art/Land/CabinTimber_Albedo.png using Guid(9e563c3f5e072be4c81838149b9b3818) (TextureImporter) -> (artifact id: '473bc97ffa6d3ea56607797a156d9c9b') in 0.0102641 seconds
Refreshing native plugins compatible for Editor in 1.95 ms, found 4 plugins.
Preloading 0 native plugins for Editor in 0.00 ms.
Asset Pipeline Refresh (id=23eb68e23590cbf438ef4d69431ce40b): Total: 0.031 seconds - Initiated by StopAssetImportingV2(NoUpdateAssetOptions)
Start importing Assets/_Game/Art/Land/CabinTimber_Albedo.png using Guid(9e563c3f5e072be4c81838149b9b3818) (TextureImporter) -> (artifact id: '473bc97ffa6d3ea56607797a156d9c9b') in 0.007893 seconds
Refreshing native plugins compatible for Editor in 2.20 ms, found 4 plugins.
Preloading 0 native plugins for Editor in 0.00 ms.
Asset Pipeline Refresh (id=8a7e3dfbfcf11d24b935dd92c0e1bcd1): Total: 0.029 seconds - Initiated by StopAssetImportingV2(NoUpdateAssetOptions)
Start importing Assets/_Game/Art/Land/CabinTimber_Normal.png using Guid(9fafa715e871dc746b10387f9afed64d) (TextureImporter) -> (artifact id: '67e4ee3f2c2d6bc3d78db13368dedbe8') in 0.0083722 seconds
Refreshing native plugins compatible for Editor in 1.93 ms, found 4 plugins.
Preloading 0 native plugins for Editor in 0.00 ms.
Asset Pipeline Refresh (id=52575a583e26bd14aba4aa4460ed1288): Total: 0.024 seconds - Initiated by StopAssetImportingV2(NoUpdateAssetOptions)
Start importing Assets/_Game/Art/Land/CabinTimber_Normal.png using Guid(9fafa715e871dc746b10387f9afed64d) (TextureImporter) -> (artifact id: '67e4ee3f2c2d6bc3d78db13368dedbe8') in 0.0108887 seconds
Refreshing native plugins compatible for Editor in 3.46 ms, found 4 plugins.
Preloading 0 native plugins for Editor in 0.00 ms.
Asset Pipeline Refresh (id=e8529590a87b1174aac55da26f18e150): Total: 0.040 seconds - Initiated by StopAssetImportingV2(NoUpdateAssetOptions)
Start importing Assets/_Game/Art/Land/CabinRoof_Summer_Albedo.png using Guid(9968c9d0ddd306444aa0d900bdf0e2e9) (TextureImporter) -> (artifact id: '48e4d3d427a4637db1e1f3fab2ae7bd3') in 0.0094553 seconds
Refreshing native plugins compatible for Editor in 1.61 ms, found 4 plugins.
Preloading 0 native plugins for Editor in 0.00 ms.
Asset Pipeline Refresh (id=4e6c4774474be1c4c991ed802d55af21): Total: 0.024 seconds - Initiated by StopAssetImportingV2(NoUpdateAssetOptions)
Start importing Assets/_Game/Art/Land/CabinRoof_Summer_Albedo.png using Guid(9968c9d0ddd306444aa0d900bdf0e2e9) (TextureImporter) -> (artifact id: '48e4d3d427a4637db1e1f3fab2ae7bd3') in 0.0088574 seconds
Refreshing native plugins compatible for Editor in 1.96 ms, found 4 plugins.
Preloading 0 native plugins for Editor in 0.00 ms.
Asset Pipeline Refresh (id=7be1847c46a97fb4f8c0d504d92043fc): Total: 0.025 seconds - Initiated by StopAssetImportingV2(NoUpdateAssetOptions)
Start importing Assets/_Game/Art/Land/CabinRoof_Summer_Normal.png using Guid(dd40743ecb44645469bee4f6fa354c27) (TextureImporter) -> (artifact id: 'aac5c9200c210ffd3630ad447bb0ac52') in 0.0098166 seconds
Refreshing native plugins compatible for Editor in 1.59 ms, found 4 plugins.
Preloading 0 native plugins for Editor in 0.00 ms.
Asset Pipeline Refresh (id=9c310eb8d472cd64aba8fe1356ddfc61): Total: 0.026 seconds - Initiated by StopAssetImportingV2(NoUpdateAssetOptions)
Start importing Assets/_Game/Art/Land/CabinRoof_Summer_Normal.png using Guid(dd40743ecb44645469bee4f6fa354c27) (TextureImporter) -> (artifact id: 'aac5c9200c210ffd3630ad447bb0ac52') in 0.0086641 seconds
Refreshing native plugins compatible for Editor in 1.49 ms, found 4 plugins.
Preloading 0 native plugins for Editor in 0.00 ms.
Asset Pipeline Refresh (id=7734f919441fe074ba1c66af85dd23ed): Total: 0.024 seconds - Initiated by StopAssetImportingV2(NoUpdateAssetOptions)
Start importing Assets/_Game/Art/Land/CabinEaves_Albedo.png using Guid(69c6ce5be9e217f4393751feb1c776c6) (TextureImporter) -> (artifact id: '371eb72898858ca4e0663eb37c1d075b') in 0.0086259 seconds
Refreshing native plugins compatible for Editor in 3.41 ms, found 4 plugins.
Preloading 0 native plugins for Editor in 0.00 ms.
Asset Pipeline Refresh (id=e98d52f72e64cad4e913205d1b20ed5a): Total: 0.027 seconds - Initiated by StopAssetImportingV2(NoUpdateAssetOptions)
Start importing Assets/_Game/Art/Land/CabinEaves_Albedo.png using Guid(69c6ce5be9e217f4393751feb1c776c6) (TextureImporter) -> (artifact id: '371eb72898858ca4e0663eb37c1d075b') in 0.007456 seconds
Refreshing native plugins compatible for Editor in 1.63 ms, found 4 plugins.
Preloading 0 native plugins for Editor in 0.00 ms.
Asset Pipeline Refresh (id=df30d42c93b827445ad1c190984fe720): Total: 0.032 seconds - Initiated by StopAssetImportingV2(NoUpdateAssetOptions)
Start importing Assets/_Game/Art/Land/CabinEaves_Normal.png using Guid(67f2dc788a330f14fa9624763fbe9045) (TextureImporter) -> (artifact id: '1a1629491b98bbd75c764b864728d407') in 0.0120656 seconds
Refreshing native plugins compatible for Editor in 1.85 ms, found 4 plugins.
Preloading 0 native plugins for Editor in 0.00 ms.
Asset Pipeline Refresh (id=9b18bf15e35a09d47abcae72d8c8870b): Total: 0.028 seconds - Initiated by StopAssetImportingV2(NoUpdateAssetOptions)
Start importing Assets/_Game/Art/Land/CabinEaves_Normal.png using Guid(67f2dc788a330f14fa9624763fbe9045) (TextureImporter) -> (artifact id: '1a1629491b98bbd75c764b864728d407') in 0.0081712 seconds
Refreshing native plugins compatible for Editor in 1.73 ms, found 4 plugins.
Preloading 0 native plugins for Editor in 0.00 ms.
Asset Pipeline Refresh (id=3594fc7e5fdc1dc4b820d35268f55575): Total: 0.025 seconds - Initiated by StopAssetImportingV2(NoUpdateAssetOptions)
Start importing Assets/_Game/Art/Land/CabinRoof_Winter_Albedo.png using Guid(a17703394183c0043aa4ae60c778afdf) (TextureImporter) -> (artifact id: '79b7bf6868afd0b1e8c052349c894faf') in 0.0082752 seconds
Refreshing native plugins compatible for Editor in 1.62 ms, found 4 plugins.
Preloading 0 native plugins for Editor in 0.00 ms.
Asset Pipeline Refresh (id=88c6b5610a75bd4418de4066eba01126): Total: 0.024 seconds - Initiated by StopAssetImportingV2(NoUpdateAssetOptions)
Start importing Assets/_Game/Art/Land/CabinRoof_Winter_Albedo.png using Guid(a17703394183c0043aa4ae60c778afdf) (TextureImporter) -> (artifact id: '79b7bf6868afd0b1e8c052349c894faf') in 0.0089074 seconds
Refreshing native plugins compatible for Editor in 1.58 ms, found 4 plugins.
Preloading 0 native plugins for Editor in 0.00 ms.
Asset Pipeline Refresh (id=242f0998a41a6014dbf63b1074036422): Total: 0.024 seconds - Initiated by StopAssetImportingV2(NoUpdateAssetOptions)
Start importing Assets/_Game/Art/Land/CabinRoof_Winter_Normal.png using Guid(128537fc7f92ec646911a6a11e8fb7f4) (TextureImporter) -> (artifact id: 'aa61c4b3ff007db15f78c4967d17f9b9') in 0.0101396 seconds
Refreshing native plugins compatible for Editor in 1.90 ms, found 4 plugins.
Preloading 0 native plugins for Editor in 0.00 ms.
Asset Pipeline Refresh (id=05ca9b39d56be8e44986b26325bf3b1b): Total: 0.026 seconds - Initiated by StopAssetImportingV2(NoUpdateAssetOptions)
Start importing Assets/_Game/Art/Land/CabinRoof_Winter_Normal.png using Guid(128537fc7f92ec646911a6a11e8fb7f4) (TextureImporter) -> (artifact id: 'aa61c4b3ff007db15f78c4967d17f9b9') in 0.0083421 seconds
Refreshing native plugins compatible for Editor in 1.53 ms, found 4 plugins.
Preloading 0 native plugins for Editor in 0.00 ms.
Asset Pipeline Refresh (id=0df92d2ff7728e343b83ad082751dbfa): Total: 0.024 seconds - Initiated by StopAssetImportingV2(NoUpdateAssetOptions)
Start importing Assets/_Game/Art/Land/PineNeedles_Summer_Albedo.png using Guid(1b2767a5696d4fc4a8e1113bf990d11f) (TextureImporter) -> (artifact id: '44610a274c4608adeae6af88e4092c9f') in 0.0058057 seconds
Refreshing native plugins compatible for Editor in 1.55 ms, found 4 plugins.
Preloading 0 native plugins for Editor in 0.00 ms.
Asset Pipeline Refresh (id=e6177f1ce28c066428821fe9cd825a19): Total: 0.021 seconds - Initiated by StopAssetImportingV2(NoUpdateAssetOptions)
Start importing Assets/_Game/Art/Land/PineNeedles_Summer_Albedo.png using Guid(1b2767a5696d4fc4a8e1113bf990d11f) (TextureImporter) -> (artifact id: '44610a274c4608adeae6af88e4092c9f') in 0.0052078 seconds
Refreshing native plugins compatible for Editor in 1.57 ms, found 4 plugins.
Preloading 0 native plugins for Editor in 0.00 ms.
Asset Pipeline Refresh (id=cbd1f6c37f68d5543a339d784f176796): Total: 0.020 seconds - Initiated by StopAssetImportingV2(NoUpdateAssetOptions)
Start importing Assets/_Game/Art/Land/PineNeedles_Winter_Albedo.png using Guid(6c6fc9991fc7bb74a8b0fc3d9238a71b) (TextureImporter) -> (artifact id: 'd4ea3a70d0ea765d2fdc5cd31bf88a6e') in 0.0055098 seconds
Refreshing native plugins compatible for Editor in 2.09 ms, found 4 plugins.
Preloading 0 native plugins for Editor in 0.00 ms.
Asset Pipeline Refresh (id=fc2401b336dc669459c780c36d39494d): Total: 0.021 seconds - Initiated by StopAssetImportingV2(NoUpdateAssetOptions)
Start importing Assets/_Game/Art/Land/PineNeedles_Winter_Albedo.png using Guid(6c6fc9991fc7bb74a8b0fc3d9238a71b) (TextureImporter) -> (artifact id: 'd4ea3a70d0ea765d2fdc5cd31bf88a6e') in 0.0053172 seconds
Refreshing native plugins compatible for Editor in 1.55 ms, found 4 plugins.
Preloading 0 native plugins for Editor in 0.00 ms.
Asset Pipeline Refresh (id=181940e2e5a76df49bcd29c87318b816): Total: 0.021 seconds - Initiated by StopAssetImportingV2(NoUpdateAssetOptions)
Start importing Assets/_Game/Art/Land/CoastalRock_Albedo.png using Guid(5155aa2f2910c8248bb11fd6c449b5a0) (TextureImporter) -> (artifact id: 'a2ad6b311b4624d69caaf246df7ba299') in 0.010046 seconds
Refreshing native plugins compatible for Editor in 1.64 ms, found 4 plugins.
Preloading 0 native plugins for Editor in 0.00 ms.
Asset Pipeline Refresh (id=f98b961d4c839ee41b60a534ebd33589): Total: 0.027 seconds - Initiated by StopAssetImportingV2(NoUpdateAssetOptions)
Start importing Assets/_Game/Art/Land/CoastalRock_Albedo.png using Guid(5155aa2f2910c8248bb11fd6c449b5a0) (TextureImporter) -> (artifact id: 'a2ad6b311b4624d69caaf246df7ba299') in 0.0103545 seconds
Refreshing native plugins compatible for Editor in 1.49 ms, found 4 plugins.
Preloading 0 native plugins for Editor in 0.00 ms.
Asset Pipeline Refresh (id=66e1548f5a70d3c4dba70fbbc272856d): Total: 0.028 seconds - Initiated by StopAssetImportingV2(NoUpdateAssetOptions)
Start importing Assets/_Game/Art/Land/CoastalRock_Normal.png using Guid(8788c1c38bacbb14c8add839b663ee98) (TextureImporter) -> (artifact id: '0e70c3a337d7253cf0f1bc388f22bfc8') in 0.0116301 seconds
Refreshing native plugins compatible for Editor in 1.56 ms, found 4 plugins.
Preloading 0 native plugins for Editor in 0.00 ms.
Asset Pipeline Refresh (id=9c1223a232b0a63449fff8a06a8a9794): Total: 0.028 seconds - Initiated by StopAssetImportingV2(NoUpdateAssetOptions)
Start importing Assets/_Game/Art/Land/CoastalRock_Normal.png using Guid(8788c1c38bacbb14c8add839b663ee98) (TextureImporter) -> (artifact id: '0e70c3a337d7253cf0f1bc388f22bfc8') in 0.0103052 seconds
Refreshing native plugins compatible for Editor in 1.59 ms, found 4 plugins.
Preloading 0 native plugins for Editor in 0.00 ms.
Asset Pipeline Refresh (id=7837c64a60c5fcd4cbc774799f5f61ac): Total: 0.026 seconds - Initiated by StopAssetImportingV2(NoUpdateAssetOptions)
Start importing Assets/_Game/Art/Land/PineTrunk_1.asset using Guid(7c2d2c627b700e84883cf25835b0e9cd) (NativeFormatImporter) -> (artifact id: 'f2b0b76490ad7d2c091580435d74ea92') in 0.0054405 seconds
Refreshing native plugins compatible for Editor in 1.75 ms, found 4 plugins.
Preloading 0 native plugins for Editor in 0.00 ms.
Asset Pipeline Refresh (id=fe983f677e34ee944895c1391a94df8a): Total: 0.036 seconds - Initiated by StopAssetImportingV2(NoUpdateAssetOptions)
Start importing Assets/_Game/Art/Land/PineTrunk_2.asset using Guid(426aa3860709fbb4ca072c5c8f47d142) (NativeFormatImporter) -> (artifact id: '1607d9944e2956b1bd7f221cc67349aa') in 0.0097041 seconds
Refreshing native plugins compatible for Editor in 2.10 ms, found 4 plugins.
Preloading 0 native plugins for Editor in 0.00 ms.
Asset Pipeline Refresh (id=c32a528bf67bd0842ad67cfa93558a39): Total: 0.048 seconds - Initiated by StopAssetImportingV2(NoUpdateAssetOptions)
Start importing Assets/_Game/Art/Land/PineTrunk_3.asset using Guid(aca39b98fa4ac8a4187303c98f23edfd) (NativeFormatImporter) -> (artifact id: '77b7f123c94a4baec16f73ca7ceefcd9') in 0.0052947 seconds
Refreshing native plugins compatible for Editor in 1.89 ms, found 4 plugins.
Preloading 0 native plugins for Editor in 0.00 ms.
Asset Pipeline Refresh (id=15467773869c2d54d821eac3be6148da): Total: 0.038 seconds - Initiated by StopAssetImportingV2(NoUpdateAssetOptions)
Start importing Assets/_Game/Art/Land/PineTrunk_4.asset using Guid(2446153579bf68b4997181238e45f9b9) (NativeFormatImporter) -> (artifact id: '4dbc315247f76011e68d17a83b0301ab') in 0.0053643 seconds
Refreshing native plugins compatible for Editor in 1.50 ms, found 4 plugins.
Preloading 0 native plugins for Editor in 0.00 ms.
Asset Pipeline Refresh (id=daf3be2a19221574389cad633de8b84c): Total: 0.036 seconds - Initiated by StopAssetImportingV2(NoUpdateAssetOptions)
Start importing Assets/_Game/Art/Land/PineTrunk_5.asset using Guid(7adba6fbbb42fa84d823f5c161c01c3d) (NativeFormatImporter) -> (artifact id: '828d178fce1ea0f29607528ff33244b0') in 0.009765 seconds
Refreshing native plugins compatible for Editor in 1.60 ms, found 4 plugins.
Preloading 0 native plugins for Editor in 0.00 ms.
Asset Pipeline Refresh (id=51ef5b7e20e540547b99d84c438c04b4): Total: 0.046 seconds - Initiated by StopAssetImportingV2(NoUpdateAssetOptions)
Start importing Assets/_Game/Art/Land/PineTrunk_6.asset using Guid(90f0c112a968f4c469fa98b8e96301af) (NativeFormatImporter) -> (artifact id: 'aa09935592b84f09a69704b0bb5f3327') in 0.0069286 seconds
Refreshing native plugins compatible for Editor in 2.12 ms, found 4 plugins.
Preloading 0 native plugins for Editor in 0.00 ms.
Asset Pipeline Refresh (id=352e94579ac0e8b47a1b82fa50d60a6e): Total: 0.044 seconds - Initiated by StopAssetImportingV2(NoUpdateAssetOptions)
Start importing Assets/_Game/Art/Land/PineTrunk_7.asset using Guid(e54363a24e1996c47a51ac277f7091c2) (NativeFormatImporter) -> (artifact id: '48274975cb60588e40368d7a5c08b191') in 0.0054015 seconds
Refreshing native plugins compatible for Editor in 1.54 ms, found 4 plugins.
Preloading 0 native plugins for Editor in 0.00 ms.
Asset Pipeline Refresh (id=8a1bfdc05ba1d554e95280673beab3c4): Total: 0.036 seconds - Initiated by StopAssetImportingV2(NoUpdateAssetOptions)
Start importing Assets/_Game/Art/Land/PineTrunk_8.asset using Guid(c689f7ecd8012134d8da05f522583a30) (NativeFormatImporter) -> (artifact id: 'f785647f657667c6b815d0ed81183fb5') in 0.0053593 seconds
Refreshing native plugins compatible for Editor in 4.17 ms, found 4 plugins.
Preloading 0 native plugins for Editor in 0.00 ms.
Asset Pipeline Refresh (id=ea8c8e54d78d01c4282a738c85d22b92): Total: 0.039 seconds - Initiated by StopAssetImportingV2(NoUpdateAssetOptions)
Start importing Assets/_Game/Art/Land/PineTrunk_9.asset using Guid(3d041340c0ee79b43a1c80649313e9d3) (NativeFormatImporter) -> (artifact id: '6dbca38b77aaa7ab2398eb817016cc62') in 0.0057423 seconds
Refreshing native plugins compatible for Editor in 1.61 ms, found 4 plugins.
Preloading 0 native plugins for Editor in 0.00 ms.
Asset Pipeline Refresh (id=47f3e96b7ea2a7b4e90c0010a470ebd4): Total: 0.036 seconds - Initiated by StopAssetImportingV2(NoUpdateAssetOptions)
Start importing Assets/_Game/Art/Land/PineTrunk_10.asset using Guid(4052b7f4842c1b546ae656bb280d5a8a) (NativeFormatImporter) -> (artifact id: '990b47ced204ccb06d664b686474cc02') in 0.0054505 seconds
Refreshing native plugins compatible for Editor in 1.67 ms, found 4 plugins.
Preloading 0 native plugins for Editor in 0.00 ms.
Asset Pipeline Refresh (id=0005834d8dbae884bbc2e9f8c4dee39d): Total: 0.037 seconds - Initiated by StopAssetImportingV2(NoUpdateAssetOptions)
Start importing Assets/_Game/Art/Land/PineTrunk_11.asset using Guid(201701152d1d89940b43eee1a5d812bc) (NativeFormatImporter) -> (artifact id: '5ea504c6763d7883247ee7994187a336') in 0.0053577 seconds
Refreshing native plugins compatible for Editor in 1.60 ms, found 4 plugins.
Preloading 0 native plugins for Editor in 0.00 ms.
Asset Pipeline Refresh (id=c78692d0a14fd4b4e8d32caf81d8d002): Total: 0.036 seconds - Initiated by StopAssetImportingV2(NoUpdateAssetOptions)
Start importing Assets/_Game/Art/Land/PineTrunk_12.asset using Guid(8760bfcc7cdcdcc4aaa7aed051238dba) (NativeFormatImporter) -> (artifact id: 'f9c4fdfaf21a35623f81c8f70abe8d9a') in 0.0068377 seconds
Refreshing native plugins compatible for Editor in 1.59 ms, found 4 plugins.
Preloading 0 native plugins for Editor in 0.00 ms.
Asset Pipeline Refresh (id=c2b097812a24adf4da4308d96c14b9f4): Total: 0.038 seconds - Initiated by StopAssetImportingV2(NoUpdateAssetOptions)
Start importing Assets/_Game/Art/Land/PineTrunk_13.asset using Guid(b2c56b133c525234681b0f95b4ca3755) (NativeFormatImporter) -> (artifact id: '97fe14b0a0cf8ddfe6a15aafc6a13aef') in 0.0053478 seconds
Refreshing native plugins compatible for Editor in 1.62 ms, found 4 plugins.
Preloading 0 native plugins for Editor in 0.00 ms.
Asset Pipeline Refresh (id=30ea22c04b2a342499b28dd140a0172f): Total: 0.037 seconds - Initiated by StopAssetImportingV2(NoUpdateAssetOptions)
Start importing Assets/_Game/Art/Land/PineTrunk_14.asset using Guid(b8d0a699a10e7b441847d66eb8948b54) (NativeFormatImporter) -> (artifact id: 'd806d315261414ce5d2bbb11e4f76227') in 0.0053685 seconds
Refreshing native plugins compatible for Editor in 1.86 ms, found 4 plugins.
Preloading 0 native plugins for Editor in 0.00 ms.
Asset Pipeline Refresh (id=83bafc7cf82bd024387958373aebf5de): Total: 0.036 seconds - Initiated by StopAssetImportingV2(NoUpdateAssetOptions)
Start importing Assets/_Game/Art/Land/PineTrunk_15.asset using Guid(15817df71b337834eaaa7c7ea6aef2e7) (NativeFormatImporter) -> (artifact id: 'be1671236ec122244d3b420583966ede') in 0.0057097 seconds
Refreshing native plugins compatible for Editor in 1.97 ms, found 4 plugins.
Preloading 0 native plugins for Editor in 0.00 ms.
Asset Pipeline Refresh (id=0acfb8443252169428c03a6ea02ba598): Total: 0.037 seconds - Initiated by StopAssetImportingV2(NoUpdateAssetOptions)
Start importing Assets/_Game/Art/Land/PineTrunk_16.asset using Guid(4d65daa863eb53946b9095f99dde1f9c) (NativeFormatImporter) -> (artifact id: '7bac62553f72ea07229525efa34cee0a') in 0.0053287 seconds
Refreshing native plugins compatible for Editor in 1.66 ms, found 4 plugins.
Preloading 0 native plugins for Editor in 0.00 ms.
Asset Pipeline Refresh (id=8de03d06e3a00424d97d9dcbd1ef0a7f): Total: 0.039 seconds - Initiated by StopAssetImportingV2(NoUpdateAssetOptions)
Start importing Assets/_Game/Art/Land/PineTrunk_17.asset using Guid(16d511047e39d57459520355ac07f792) (NativeFormatImporter) -> (artifact id: 'bc1674af2853f5d0ef9597e2327f4523') in 0.0053554 seconds
Refreshing native plugins compatible for Editor in 1.76 ms, found 4 plugins.
Preloading 0 native plugins for Editor in 0.00 ms.
Asset Pipeline Refresh (id=9122d12df499c254f99b678a1cd1a171): Total: 0.036 seconds - Initiated by StopAssetImportingV2(NoUpdateAssetOptions)
Start importing Assets/_Game/Art/Land/PineTrunk_18.asset using Guid(f247a1f9542fd6b43a71444953339cfa) (NativeFormatImporter) -> (artifact id: '0509e0b22dddd21c780304946be380b5') in 0.0058558 seconds
Refreshing native plugins compatible for Editor in 3.19 ms, found 4 plugins.
Preloading 0 native plugins for Editor in 0.00 ms.
Asset Pipeline Refresh (id=d20199cc732910043b7ca73d872d78c1): Total: 0.040 seconds - Initiated by StopAssetImportingV2(NoUpdateAssetOptions)
Start importing Assets/_Game/Art/Land/MeadowGrass_Albedo.png using Guid(5d8e97532de3ec1408295f0e24fa6f3f) (TextureImporter) -> (artifact id: '4e5a382589fafa59e508246e0469d66e') in 0.003452 seconds
Refreshing native plugins compatible for Editor in 1.60 ms, found 4 plugins.
Preloading 0 native plugins for Editor in 0.00 ms.
Asset Pipeline Refresh (id=ef88c26c4ce988443b3f788799d3ad23): Total: 0.022 seconds - Initiated by StopAssetImportingV2(NoUpdateAssetOptions)
Start importing Assets/_Game/Art/Land/MeadowGrass_Albedo.png using Guid(5d8e97532de3ec1408295f0e24fa6f3f) (TextureImporter) -> (artifact id: '4e5a382589fafa59e508246e0469d66e') in 0.0031086 seconds
Refreshing native plugins compatible for Editor in 2.64 ms, found 4 plugins.
Preloading 0 native plugins for Editor in 0.00 ms.
Asset Pipeline Refresh (id=09915f21674a6154ba573f6763e00af0): Total: 0.025 seconds - Initiated by StopAssetImportingV2(NoUpdateAssetOptions)
Start importing Assets/_Game/Art/Land/CoastalMeadowPatch_8.asset using Guid(33e820833a03ca845bc984203c9a4512) (NativeFormatImporter) -> (artifact id: '036d54d95e3dc2f2b38ec845ee289d1d') in 0.0022816 seconds
Refreshing native plugins compatible for Editor in 1.57 ms, found 4 plugins.
Preloading 0 native plugins for Editor in 0.00 ms.
Asset Pipeline Refresh (id=dadaf878938494a47bb740c3adb59c4f): Total: 0.034 seconds - Initiated by StopAssetImportingV2(NoUpdateAssetOptions)
Start importing Assets/_Game/Art/Land/MeadowGrass_Winter.mat using Guid(b097f58f84e16b646b67787e8a0c7f52) (NativeFormatImporter) -> (artifact id: '89aad463f0bb4fc6e89a59e5882d24cc') in 0.002281 seconds
Start importing Assets/_Game/Art/Land/CoastalRock.mat using Guid(61838a360f758874eb8220a4301481b6) (NativeFormatImporter) -> (artifact id: '7502b3fae4efda7dff635cb1b3e2332c') in 0.0016028 seconds
Start importing Assets/_Game/Art/Land/PineNeedles_Summer.mat using Guid(c189fde2a6187f84681caf15603791b3) (NativeFormatImporter) -> (artifact id: 'f0253843e11f697667e8e31f004fd7e7') in 0.0018414 seconds
Start importing Assets/_Game/Art/Land/CabinRoof_Winter.mat using Guid(624e29f446a89d6479a37e24b511a135) (NativeFormatImporter) -> (artifact id: '2248583f5729d2b31e620345a8e79141') in 0.0017005 seconds
Start importing Assets/_Game/Art/Land/MeadowGrass_Summer.mat using Guid(f2ea005838c98994895c3cdb689ea0ec) (NativeFormatImporter) -> (artifact id: 'ea7c9f5530dced7f6aaa4f71f76318ae') in 0.0019894 seconds
Start importing Assets/_Game/Art/Land/CabinTimber.mat using Guid(4472adc095cfe6f4782bac37dc092ccd) (NativeFormatImporter) -> (artifact id: '5bea6113b560f8ef80aafab390c6a76e') in 0.0016051 seconds
Start importing Assets/_Game/Art/Land/LandTerrain_Summer.mat using Guid(c43a181a151b97841b1e96b0237fc4ef) (NativeFormatImporter) -> (artifact id: '5d8040ce06b42cb6806b1a71729ad715') in 0.0016357 seconds
Start importing Assets/_Game/Art/Land/CabinEaves.mat using Guid(67c366812f5922a4c8dd937b07eadc70) (NativeFormatImporter) -> (artifact id: 'dad3c856a334d317350906e132ad0d4c') in 0.0014311 seconds
Start importing Assets/_Game/Art/Land/CabinRoof_Summer.mat using Guid(794643420758d4849b38fbb4e3775864) (NativeFormatImporter) -> (artifact id: '2c690e36ac4da1f81056d4e368076c8c') in 0.0014531 seconds
Start importing Assets/_Game/Art/Land/PineNeedles_Winter.mat using Guid(abfd53a75d329b342a03c64fe61a6b68) (NativeFormatImporter) -> (artifact id: 'c65b707984a4883c698d4072602cf876') in 0.0014274 seconds
Start importing Assets/_Game/Art/Land/LandTerrain_Winter.mat using Guid(8caa93862d2009b41bcf8baf7c910f45) (NativeFormatImporter) -> (artifact id: '2b0ab8ec553bf3308b29111fc2b3bf7c') in 0.0014058 seconds
Start importing Assets/_Game/Art/Land/PineBark.mat using Guid(0d9d855a8efe3f94aa49abb82e6ce4e6) (NativeFormatImporter) -> (artifact id: '24db5b921ad78ad798782588ad0df71e') in 0.0015265 seconds
Start importing Assets/_Game/Art/Land/PineCanopy_16_LOD2.asset using Guid(10912ddfd50fea44c8e00260013cdb8c) (NativeFormatImporter) -> (artifact id: '9ec10e8e91462cda964c8311f35d906e') in 0.0033494 seconds
Start importing Assets/_Game/Art/Land/CoastalMeadowPatch_16.asset using Guid(20efbaad320f21d4ea9c0ed3d150bcb9) (NativeFormatImporter) -> (artifact id: '491462a48ceaad0ac628b6db62a0ccb3') in 0.0045227 seconds
Start importing Assets/_Game/Art/Land/CoastalMeadowPatch_32.asset using Guid(605fb60cfdd3f6044a8dd5ea7c98683e) (NativeFormatImporter) -> (artifact id: 'bd85d285f9f7a99884847a6d8e4a5622') in 0.0032797 seconds
Start importing Assets/_Game/Art/Land/CoastalMeadowPatch_23.asset using Guid(909e82dfb1bdf8246b4aca9ad5cae096) (NativeFormatImporter) -> (artifact id: 'ae479f919f28fd9bd0b8d93ae7710cc4') in 0.0046174 seconds
Start importing Assets/_Game/Art/Land/PineCanopy_6_LOD2.asset using Guid(e0f08516a75df354da978c7d653c9152) (NativeFormatImporter) -> (artifact id: 'b4a40857c548794565703f23559dffb4') in 0.0034505 seconds
Start importing Assets/_Game/Art/Land/PineCanopy_8_LOD2.asset using Guid(4198edb639a16ab44bc694a5d98f1846) (NativeFormatImporter) -> (artifact id: '5a965bc3325ac8624bd03cd6e14e4ca6') in 0.0029671 seconds
Start importing Assets/_Game/Art/Land/PineCanopy_18_LOD2.asset using Guid(51d9fcc56177e2e409b8e39b40760019) (NativeFormatImporter) -> (artifact id: '4f1c797e4e9e33dae31a4e2f9385aae8') in 0.0030188 seconds
Start importing Assets/_Game/Art/Land/PineCanopy_12_LOD1.asset using Guid(6170e9a6ee21ba74dbd0a95cf9070192) (NativeFormatImporter) -> (artifact id: '8ee7f435c48f99065bbebd48b6fc8e1c') in 0.0055963 seconds
Start importing Assets/_Game/Art/Land/PineCanopy_5_LOD2.asset using Guid(8190873d8534b6d41a52ad0246916595) (NativeFormatImporter) -> (artifact id: 'bdbd277f3b1fe018b4ae17062af0bf4b') in 0.0030354 seconds
Start importing Assets/_Game/Art/Land/PineCanopy_17_LOD2.asset using Guid(b1a49e03c13b70b4aba64cab8d3313eb) (NativeFormatImporter) -> (artifact id: 'c2c7b56ead312e80adc43e4285bd76bc') in 0.002778 seconds
Start importing Assets/_Game/Art/Land/CoastalTerrain.asset using Guid(b1b90f7c31c74b5449066dad876efc83) (NativeFormatImporter)Main Object Name 'Continuous textured coastal terrain' does not match filename 'CoastalTerrain'
UnityEngine.Debug:ExtractStackTraceNoAlloc (byte*,int,string)
UnityEngine.StackTraceUtility:ExtractStackTrace ()
SunsetGlow.Editor.CoastalLandArt:Apply () (at Assets/_Game/Editor/CoastalLandArt.cs:186)
SunsetGlow.Editor.VisualRefinementBuild:BuildEnvironmentPreview () (at Assets/_Game/Editor/VisualRefinementBuild.cs:11)

[Assets/_Game/Editor/CoastalLandArt.cs line 186]

 -> (artifact id: '47ce93f57c369783f188d63aac27f046') in 0.003419 seconds
Start importing Assets/_Game/Art/Land/CoastalMeadowPatch_55.asset using Guid(c18020eb48fc44d47b6409647f59802b) (NativeFormatImporter) -> (artifact id: '6aa4d22b392d74e9a38a8eec78eb1c09') in 0.0020266 seconds
Start importing Assets/_Game/Art/Land/ShoreRock_3.asset using Guid(d1992e2305c728448b24b5731f14c776) (NativeFormatImporter) -> (artifact id: 'bb7439a5c49cfbe218c1ca13b8f4e7df') in 0.0013644 seconds
Start importing Assets/_Game/Art/Land/CoastalMeadowPatch_40.asset using Guid(e1891a61d4c20b34cbadf72b645aa1f1) (NativeFormatImporter) -> (artifact id: 'b5f846ff74b8119a3dbf26c01d7dd201') in 0.0042586 seconds
Start importing Assets/_Game/Art/Land/CoastalMeadowPatch_11.asset using Guid(f1fdbc0a6b2430c47ad681914fb86e4d) (NativeFormatImporter) -> (artifact id: '0c81e76815ef295e527016aec4d63831') in 0.0052017 seconds
Start importing Assets/_Game/Art/Land/CoastalMeadowPatch_12.asset using Guid(42548794df1b3e348bb70c4fc49b8eb6) (NativeFormatImporter) -> (artifact id: '124b59286e2eeb6a2835d213957e264f') in 0.0039807 seconds
Start importing Assets/_Game/Art/Land/PineCanopy_8_LOD1.asset using Guid(52c501a1e181b48409f8347deb4d89f5) (NativeFormatImporter) -> (artifact id: '6187c61afdbfccf8e0dc9315e65489ba') in 0.0062806 seconds
Start importing Assets/_Game/Art/Land/PineCanopy_15_LOD2.asset using Guid(52f6818f6d1a425469007d7cc9b99fea) (NativeFormatImporter) -> (artifact id: 'e7afc4434bbfbabb8db020cfb6718535') in 0.0031341 seconds
Start importing Assets/_Game/Art/Land/ShoreRock_2.asset using Guid(5258a3e160f95724c9b1767b7d323db8) (NativeFormatImporter) -> (artifact id: 'f834e99ee6467379eeaa98e491027a11') in 0.0017117 seconds
Start importing Assets/_Game/Art/Land/CoastalMeadowPatch_34.asset using Guid(f20fdb3060d555b48bfa18549e594e86) (NativeFormatImporter) -> (artifact id: 'd345b4162ff7534edea5ea0c5b3163f0') in 0.0035817 seconds
Start importing Assets/_Game/Art/Land/CoastalMeadowPatch_19.asset using Guid(33f65391ef617364e8e13394e3817e54) (NativeFormatImporter) -> (artifact id: '3cb11e9d6ebaa266af43d4fd5f9186e1') in 0.0044711 seconds
Start importing Assets/_Game/Art/Land/PineCanopy_13_LOD1.asset using Guid(63e86f4a8fa7166418cbe9973f8145a4) (NativeFormatImporter) -> (artifact id: '5e860ee89763d5d031588fbea9d3b2a6') in 0.006278 seconds
Start importing Assets/_Game/Art/Land/PineCanopy_11_LOD1.asset using Guid(93918d161d8802b43aa38ca697a726c1) (NativeFormatImporter) -> (artifact id: '591582b97c5061c473a49d41f99a45d5') in 0.0063909 seconds
Start importing Assets/_Game/Art/Land/CoastalMeadowPatch_1.asset using Guid(b32a1f555412b2849834e6a4390313b7) (NativeFormatImporter) -> (artifact id: '1e04a2ae338e83c5ec4bf0390ecfc3c4') in 0.0017027 seconds
Start importing Assets/_Game/Art/Land/CoastalMeadowPatch_50.asset using Guid(e398185272085f649aa91d653f55d0b2) (NativeFormatImporter) -> (artifact id: 'de217d5a9f9655670efff016e87c35ad') in 0.0059721 seconds
Start importing Assets/_Game/Art/Land/PineCanopy_11_LOD2.asset using Guid(04758dc1277ef254ab954a96929c4e63) (NativeFormatImporter) -> (artifact id: '49fd38d03fea7dd7e9c3c46f08be011c') in 0.0029142 seconds
Start importing Assets/_Game/Art/Land/CoastalMeadowPatch_37.asset using Guid(044b8934b1690cd48afaaf5ee46c0472) (NativeFormatImporter) -> (artifact id: '30819f76c94af1c021615b17a48a0a53') in 0.0036453 seconds
Start importing Assets/_Game/Art/Land/PineCanopy_10_LOD2.asset using Guid(04be495b353ca4c4da7677b067c9b89f) (NativeFormatImporter) -> (artifact id: 'ccb272550582434ede2fc7ff093c0a12') in 0.0034193 seconds
Start importing Assets/_Game/Art/Land/PineCanopy_3_LOD1.asset using Guid(14f873e4391c712479b36fdf1a0f3936) (NativeFormatImporter) -> (artifact id: 'b19ae9a983ebd635895b88d99a5f0aad') in 0.0060111 seconds
Start importing Assets/_Game/Art/Land/CoastalMeadowPatch_53.asset using Guid(241728e47556cec429bf32c887969940) (NativeFormatImporter) -> (artifact id: '8018e5eeab2dc796de4d472d1c21b09a') in 0.0049325 seconds
Start importing Assets/_Game/Art/Land/CoastalMeadowPatch_38.asset using Guid(74eb9b55aa4a5b541b92cb8cc0e8a1b9) (NativeFormatImporter) -> (artifact id: '02dc84f1613d92eaa3a837e709ee0b52') in 0.003631 seconds
Start importing Assets/_Game/Art/Land/CoastalMeadowPatch_46.asset using Guid(84464e81adbd71f4daa628f0534daaa2) (NativeFormatImporter) -> (artifact id: '7923da6cd1cb4d272c208287c0900981') in 0.0070084 seconds
Start importing Assets/_Game/Art/Land/ShoreRock_1.asset using Guid(94816e876d6b17d438a8d8706bd3d29a) (NativeFormatImporter) -> (artifact id: 'f1bbfb301677dcd14aabbd11fffb4e1a') in 0.0017081 seconds
Start importing Assets/_Game/Art/Land/PineCanopy_17_LOD1.asset using Guid(c479a4e779244d94383ef56d5d29b444) (NativeFormatImporter) -> (artifact id: '7f3ff8fd0288e0d2779e1982df2ee020') in 0.0057767 seconds
Start importing Assets/_Game/Art/Land/CoastalMeadowPatch_58.asset using Guid(e4e7bb196f7809b4d9e99cbcb96b6051) (NativeFormatImporter) -> (artifact id: '68523989cb6b4c2eb704a6a965bfa3f7') in 0.0021633 seconds
Start importing Assets/_Game/Art/Land/CoastalMeadowPatch_39.asset using Guid(3559571e8a533824fab14274bfa3c910) (NativeFormatImporter) -> (artifact id: 'c752350681f0a073edf80f2983d80b18') in 0.004047 seconds
Start importing Assets/_Game/Art/Land/CoastalMeadowPatch_49.asset using Guid(753a60216c7c1b64b92c9a1365650a0f) (NativeFormatImporter) -> (artifact id: '0e24959f702b25dd30e76f42f8bbff60') in 0.0025183 seconds
Start importing Assets/_Game/Art/Land/CoastalMeadowPatch_31.asset using Guid(d5ae33ada602cc849b7f60b469ccf049) (NativeFormatImporter) -> (artifact id: '3f1063a9699a036e0e1e3dfe852d02c2') in 0.0028159 seconds
Start importing Assets/_Game/Art/Land/CoastalMeadowPatch_5.asset using Guid(16699a47f28faab4a86c2d2511f85ae8) (NativeFormatImporter) -> (artifact id: '25e3668b1ad9b05dca4aa7faa383e8c2') in 0.0031371 seconds
Start importing Assets/_Game/Art/Land/CoastalMeadowPatch_10.asset using Guid(362240ee6f8d44a4a9de60d44263005e) (NativeFormatImporter) -> (artifact id: '5accab0c23198a787978a6a3cfd7d56f') in 0.0052389 seconds
Start importing Assets/_Game/Art/Land/PineCanopy_14_LOD1.asset using Guid(46e5759f168b7bc4290cb3962e0e695a) (NativeFormatImporter) -> (artifact id: '3bd4cdee19d6b18ccfef95a4f9dda66d') in 0.0056503 seconds
Start importing Assets/_Game/Art/Land/CoastalMeadowPatch_6.asset using Guid(466ace28fb204914a826b7d358fde414) (NativeFormatImporter) -> (artifact id: 'ad956b87ac2efe4ffc8e786a6b609d67') in 0.0019693 seconds
Start importing Assets/_Game/Art/Land/CoastalMeadowPatch_51.asset using Guid(66515dbc766e617439f5f47c8ee7d91a) (NativeFormatImporter) -> (artifact id: 'f2c38f583b0de94ed590b05ae56dc676') in 0.0059622 seconds
Start importing Assets/_Game/Art/Land/PineCanopy_1_LOD2.asset using Guid(b656683876e6ff446ac8662904276c4e) (NativeFormatImporter) -> (artifact id: '14f2e38ecb49b0d33b14c106da745c2c') in 0.0029878 seconds
Start importing Assets/_Game/Art/Land/ShoreRock_0.asset using Guid(c69a1c6b7d68e8543bec7eea0870dbeb) (NativeFormatImporter) -> (artifact id: '696dfec860b25b553e951ca169a3cd6f') in 0.0016207 seconds
Start importing Assets/_Game/Art/Land/CoastalMeadowPatch_25.asset using Guid(179366cb6fed57247900ec1353b07660) (NativeFormatImporter) -> (artifact id: 'c5c3945f190f3d36c7955ac28a31d564') in 0.0042488 seconds
Start importing Assets/_Game/Art/Land/CoastalMeadowPatch_2.asset using Guid(3704d317e326f5c4cacae390d741532d) (NativeFormatImporter) -> (artifact id: '9bba83f44a8b6c9ae29124dee4c0bed3') in 0.0027175 seconds
Start importing Assets/_Game/Art/Land/PineCanopy_16_LOD1.asset using Guid(576732c5c261d154bb3c03afafef7af4) (NativeFormatImporter) -> (artifact id: 'e14adf9cb87ddd899453874aa90e8fb8') in 0.0056877 seconds
Start importing Assets/_Game/Art/Land/PineCanopy_7_LOD2.asset using Guid(570a7df5df608134181ac00c71fffdda) (NativeFormatImporter) -> (artifact id: '520ab58f74d1d277702706d16ed8f009') in 0.0032946 seconds
Start importing Assets/_Game/Art/Land/CoastalMeadowPatch_21.asset using Guid(97228b3473aef4d45bbf36ad26ef9b01) (NativeFormatImporter) -> (artifact id: '51b232f4f40281c9b0c18c713ab16a77') in 0.0034409 seconds
Start importing Assets/_Game/Art/Land/CoastalMeadowPatch_36.asset using Guid(a7087813da1d78747952c1069f23046a) (NativeFormatImporter) -> (artifact id: '3becc515fac54afc5e851ec60cb21c6a') in 0.0031971 seconds
Start importing Assets/_Game/Art/Land/PineCanopy_13_LOD2.asset using Guid(58bc7314ba662564cb1358e3bf6e8544) (NativeFormatImporter) -> (artifact id: 'f6ecaf5a776a1bb18945255b4f443fbd') in 0.0028633 seconds
Start importing Assets/_Game/Art/Land/CoastalMeadowPatch_45.asset using Guid(1969e3b3e4ea33342bf369a6b8cd385d) (NativeFormatImporter) -> (artifact id: '483771eaf17a67629d13d84abf9c7e02') in 0.0022923 seconds
Start importing Assets/_Game/Art/Land/PineCanopy_6_LOD1.asset using Guid(29bf4e8d1a921854b9c3a1cb83a185f0) (NativeFormatImporter) -> (artifact id: '83e440b82acdb986ecf92e8a0ec4aea4') in 0.0055386 seconds
Start importing Assets/_Game/Art/Land/CoastalMeadowPatch_41.asset using Guid(69e48f1103bd8d74bac5eb9d8f6196f1) (NativeFormatImporter) -> (artifact id: 'dd3621110a0467dd24a777045a4b5715') in 0.0062095 seconds
Start importing Assets/_Game/Art/Land/CoastalMeadowPatch_30.asset using Guid(798e760740ef36544b3beee02ca08e9c) (NativeFormatImporter) -> (artifact id: '778421e7de09be272bf432beafef68a2') in 0.0025327 seconds
Start importing Assets/_Game/Art/Land/PineCanopy_9_LOD1.asset using Guid(8942c8d8951d5864f9bc1d348820f725) (NativeFormatImporter) -> (artifact id: 'f954ef8b0d5ca9a5235a30cf16ee18cb') in 0.0055013 seconds
Start importing Assets/_Game/Art/Land/CoastalMeadowPatch_61.asset using Guid(89f5a2c5d5de05f48bfa4bbceca84e0c) (NativeFormatImporter) -> (artifact id: 'b2b67bd7ae4e9661527bb8a769282098') in 0.0042404 seconds
Start importing Assets/_Game/Art/Land/PineCanopy_4_LOD2.asset using Guid(a960a79da4bd3db418899cc6c92e305b) (NativeFormatImporter) -> (artifact id: 'bb5e1732c0b2abb64d8c58da7a60d6b2') in 0.0029702 seconds
Start importing Assets/_Game/Art/Land/CoastalMeadowPatch_14.asset using Guid(a9f010ed7803cef4aa8d7c554ac6db14) (NativeFormatImporter) -> (artifact id: '2be652b7e56c17eed39762dd11766290') in 0.0035445 seconds
Start importing Assets/_Game/Art/Land/CabinPitchedRoof.asset using Guid(a9b8e6bcd8ec7a84cb63fe0ad165519e) (NativeFormatImporter) -> (artifact id: '681d377e6289e953a656611ae922d4ed') in 0.0014954 seconds
Start importing Assets/_Game/Art/Land/CoastalMeadowPatch_29.asset using Guid(d9e70f0536c75ca4ca45528211cc9e17) (NativeFormatImporter) -> (artifact id: '1c098e0b74092a80d581477ee79e301d') in 0.003272 seconds
Start importing Assets/_Game/Art/Land/CoastalMeadowPatch_47.asset using Guid(3a45f77fa9e931d469370d8b1915d841) (NativeFormatImporter) -> (artifact id: '532fcae5c79e72d377c6715a1fa47d5a') in 0.0040338 seconds
Start importing Assets/_Game/Art/Land/CoastalMeadowPatch_43.asset using Guid(5afe751287e01de4a92e9f8e34230d60) (NativeFormatImporter) -> (artifact id: '516681dcb6741659e561ad7ed6e889f1') in 0.0042567 seconds
Start importing Assets/_Game/Art/Land/CoastalMeadowPatch_3.asset using Guid(9a942b0f6d92a7e4ba714133243f8a13) (NativeFormatImporter) -> (artifact id: '0b87a0466abff3faa2a81de4d1fc18c1') in 0.0037508 seconds
Start importing Assets/_Game/Art/Land/CoastalGrass.asset using Guid(9a2556ca4e632b448969535ebe18c446) (NativeFormatImporter) -> (artifact id: '19c5148ddd223f4ce2330027ba74fa2e') in 0.0017324 seconds
Start importing Assets/_Game/Art/Land/CoastalMeadowPatch_33.asset using Guid(bac3716568434b2439673a380182e4f4) (NativeFormatImporter) -> (artifact id: 'e364a37699625daab319c0d43b646c77') in 0.001928 seconds
Start importing Assets/_Game/Art/Land/PineCanopy_2_LOD2.asset using Guid(ea08e7286204ddb46bdf0f9cc8e715b2) (NativeFormatImporter) -> (artifact id: '14bf849e5012a8396a5258737598fef6') in 0.0030548 seconds
Start importing Assets/_Game/Art/Land/CoastalMeadowPatch_9.asset using Guid(6b00141b454b91a4c85341b170901379) (NativeFormatImporter) -> (artifact id: '8cc5b2d6a495c12f1d66c815d1a5ae8e') in 0.0041259 seconds
Start importing Assets/_Game/Art/Land/CoastalMeadowPatch_62.asset using Guid(abbede7cb3ed0c340b0141bf5633ed3a) (NativeFormatImporter) -> (artifact id: 'b69e93f803547e37424c90c2b2173c97') in 0.0031535 seconds
Start importing Assets/_Game/Art/Land/CoastalMeadowPatch_27.asset using Guid(ab7f6be198060fb41a51580171240793) (NativeFormatImporter) -> (artifact id: 'bc2954622c8c75281aaf088c57607a79') in 0.0042012 seconds
Start importing Assets/_Game/Art/Land/PineCanopy_15_LOD1.asset using Guid(eb9727229748ae04cb05b592e3160de6) (NativeFormatImporter) -> (artifact id: 'b0c7daef6f7e0640bff8c99c41f0c0b5') in 0.0060139 seconds
Start importing Assets/_Game/Art/Land/PineCanopy_12_LOD2.asset using Guid(fba28b9f49c68ff4485d97122d970da3) (NativeFormatImporter) -> (artifact id: 'bf828e074f25a22ed793bdf8a2a04271') in 0.0029031 seconds
Start importing Assets/_Game/Art/Land/CoastalMeadowPatch_63.asset using Guid(fbb5322e3cdd3bb4abb0f75a06b2eb1c) (NativeFormatImporter) -> (artifact id: '7af1eb19dd17c6eb0a2d09df8137ff0c') in 0.0020594 seconds
Start importing Assets/_Game/Art/Land/CoastalMeadowPatch_4.asset using Guid(3c95b2655ec05d444b11afcc0aab5307) (NativeFormatImporter) -> (artifact id: 'dc8229b0b60c9366abf4b6c56a87979c') in 0.0041907 seconds
Start importing Assets/_Game/Art/Land/CoastalMeadowPatch_35.asset using Guid(3cf5d4fdc05688640b30912031cd56e5) (NativeFormatImporter) -> (artifact id: '1f813bdb3206061efaa0e63e1c54d006') in 0.0032256 seconds
Start importing Assets/_Game/Art/Land/CoastalMeadowPatch_20.asset using Guid(7cb6d11f384c55f48870132690106ba5) (NativeFormatImporter) -> (artifact id: 'bc907a1267ff71f0b222685b93653ca1') in 0.004428 seconds
Start importing Assets/_Game/Art/Land/ShoreRock_6.asset using Guid(bcf01cbb80d0d1942b09de690942f832) (NativeFormatImporter) -> (artifact id: '48e5a9c931d3c508ea2ea3dede0f563b') in 0.0016133 seconds
Start importing Assets/_Game/Art/Land/PineCanopy_2_LOD1.asset using Guid(bc323ec1149b9d446bbee04c74f0b59a) (NativeFormatImporter) -> (artifact id: '4fac9dd9254c571e737de0d72e81f27f') in 0.0057548 seconds
Start importing Assets/_Game/Art/Land/PineCanopy_9_LOD2.asset using Guid(dc2ddd0af681bdb4faefb18ec4afc8cf) (NativeFormatImporter) -> (artifact id: '4a6e8db2a963f5e872962ce5552171bc') in 0.0029932 seconds
Start importing Assets/_Game/Art/Land/ShoreRock_5.asset using Guid(ecdbfa1457ab518489cedfb9eeb8b4f0) (NativeFormatImporter) -> (artifact id: '58a7a880c2cd2e45e7599e77547aa14f') in 0.0016902 seconds
Start importing Assets/_Game/Art/Land/CoastalMeadowPatch_22.asset using Guid(1d153cce4bf3e5744bde1a88e3dfa954) (NativeFormatImporter) -> (artifact id: '8fe6634e596365110531ae03bde373ed') in 0.0064782 seconds
Start importing Assets/_Game/Art/Land/CoastalMeadowPatch_57.asset using Guid(1dbd4f27dadf3d74cbcf75f3faf6d691) (NativeFormatImporter) -> (artifact id: '493e07a7821a7118b2b2bf980ad9aaf0') in 0.002118 seconds
Start importing Assets/_Game/Art/Land/CoastalMeadowPatch_60.asset using Guid(5dc567e96212ae849810f757edd22c2d) (NativeFormatImporter) -> (artifact id: '7a58e07740ca0219a49ce7cc705c1cc9') in 0.0046135 seconds
Start importing Assets/_Game/Art/Land/CoastalMeadowPatch_44.asset using Guid(6d3ee2bb0aa40644d8ec66074fd3eb5e) (NativeFormatImporter) -> (artifact id: '13e9ec6be35ce8eae6e71ddd81ac9a33') in 0.0056161 seconds
Start importing Assets/_Game/Art/Land/CoastalMeadowPatch_13.asset using Guid(9dfb05f2505f9314897d3b6a451c5b58) (NativeFormatImporter) -> (artifact id: '7be7cce65f8867161c229ef413e9d776') in 0.0036999 seconds
Start importing Assets/_Game/Art/Land/CoastalMeadowPatch_24.asset using Guid(dd157af7d59b30b42a5f4b7d138b5f3e) (NativeFormatImporter) -> (artifact id: '345beb2dd48d214224b3a58f4c767960') in 0.0044493 seconds
Start importing Assets/_Game/Art/Land/PineCanopy_7_LOD1.asset using Guid(dd35aa6ef37b1234280cb14e9604e048) (NativeFormatImporter) -> (artifact id: '043b874ab32a4604b050ae155903923b') in 0.005762 seconds
Start importing Assets/_Game/Art/Land/PineCanopy_14_LOD2.asset using Guid(0e9aac326ec1f7d48ad602f75566404e) (NativeFormatImporter) -> (artifact id: '125b2e0f8ceaea71be4782001d036cac') in 0.0030599 seconds
Start importing Assets/_Game/Art/Land/PineCanopy_5_LOD1.asset using Guid(1e9abb9abb4cfe0459dac1049e36f2a5) (NativeFormatImporter) -> (artifact id: 'b023a83f970bd12b2d4050008203f16f') in 0.0057352 seconds
Start importing Assets/_Game/Art/Land/CoastalMeadowPatch_18.asset using Guid(2e43e95d6b0bca341941104e79f631e5) (NativeFormatImporter) -> (artifact id: '977ef826c086e52215e0007cea920bae') in 0.0023501 seconds
Start importing Assets/_Game/Art/Land/CoastalMeadowPatch_52.asset using Guid(3e3ea63c6829894429db540df756799a) (NativeFormatImporter) -> (artifact id: 'b5b1feaa7a9e9701badae925a01de5ef') in 0.0051909 seconds
Start importing Assets/_Game/Art/Land/CoastalMeadowPatch_59.asset using Guid(9edbc0922c125844fb1c43115029068a) (NativeFormatImporter) -> (artifact id: 'c8bebf8c1db103ffdae122ea1c4a4342') in 0.0031039 seconds
Start importing Assets/_Game/Art/Land/CoastalMeadowPatch_48.asset using Guid(ae1414e98eb9e1a4b965fe3accf5427f) (NativeFormatImporter) -> (artifact id: '9ec683a60f6280a13a9b59cced854c70') in 0.0016517 seconds
Start importing Assets/_Game/Art/Land/CoastalMeadowPatch_17.asset using Guid(be470dba8c6833e4fa7b0ec61d261eb5) (NativeFormatImporter) -> (artifact id: '6da204fed9706303853ef124dfa5989c') in 0.0045515 seconds
Start importing Assets/_Game/Art/Land/CoastalMeadowPatch_54.asset using Guid(4fa1688b8a4f2604aa44af37bcbce62e) (NativeFormatImporter) -> (artifact id: '7c7644e3f8c41a3ebdfbf99a5cb67491') in 0.0038892 seconds
Start importing Assets/_Game/Art/Land/CoastalMeadowPatch_42.asset using Guid(5f48ed99c7b22814eaf28fbb4718205a) (NativeFormatImporter) -> (artifact id: '8b2ea4719f6295dc5faa2ead46011418') in 0.0038765 seconds
Start importing Assets/_Game/Art/Land/CoastalMeadowPatch_26.asset using Guid(5f4d04961f05ccd42bf36704b4f04a2e) (NativeFormatImporter) -> (artifact id: '28792bd160e695f2d0ffc32bc7bedcb5') in 0.0044824 seconds
Start importing Assets/_Game/Art/Land/PineCanopy_3_LOD2.asset using Guid(7fbb592c9c45e5c489ff3db04f1a8244) (NativeFormatImporter) -> (artifact id: '06bb4d3c30e5f4de0a8e73dbbea0dc88') in 0.0030968 seconds
Start importing Assets/_Game/Art/Land/PineCanopy_4_LOD1.asset using Guid(8f4116564a125984d879fc070a29c70d) (NativeFormatImporter) -> (artifact id: 'ddd87093a714707da065aab363573f1a') in 0.0056226 seconds
Start importing Assets/_Game/Art/Land/PineCanopy_1_LOD1.asset using Guid(8f15819b227368b4f8ff4230bbd21fd1) (NativeFormatImporter) -> (artifact id: '756a2ceb3218734be231fbc21a1b428d') in 0.0060936 seconds
Start importing Assets/_Game/Art/Land/CoastalMeadowPatch_28.asset using Guid(af9cc7bd1cc285941a4e72b210660233) (NativeFormatImporter) -> (artifact id: 'f228da4054dacca92dee1763986c60cc') in 0.0043594 seconds
Start importing Assets/_Game/Art/Land/PineCanopy_10_LOD1.asset using Guid(bfea5bd5b7cb716449ce3e681dd9b90e) (NativeFormatImporter) -> (artifact id: '215b3da13c67d863ed1601ca78a683e5') in 0.0061267 seconds
Start importing Assets/_Game/Art/Land/PineCanopy_18_LOD1.asset using Guid(efe256ebcb5151e44944ccf5da87f672) (NativeFormatImporter) -> (artifact id: '22473b14e39915afac0f3587a04c0089') in 0.0058626 seconds
Start importing Assets/_Game/Art/Land/ShoreRock_4.asset using Guid(ff31598fb292ecd4780ae10a3816095b) (NativeFormatImporter) -> (artifact id: '22300745f7b95d631fd4e5e4bcdd97ec') in 0.0016925 seconds
Refreshing native plugins compatible for Editor in 1.60 ms, found 4 plugins.
Preloading 0 native plugins for Editor in 0.00 ms.
Asset Pipeline Refresh (id=52da894fb2ee7ec42bc13b2e524cf4a9): Total: 0.523 seconds - Initiated by StopAssetImportingV2(NoUpdateAssetOptions)
	Summary:
		Imports: total=117 (actual=117, local cache=0, cache server=0)
		Asset DB Process Time: managed=6 ms, native=493 ms
		Asset DB Callback time: managed=18 ms, native=4 ms
		Scripting: domain reloads=0, domain reload time=0 ms, compile time=0 ms, other=0 ms
		Project Asset Count: scripts=1491, non-scripts=3009
		Asset File Changes: new=0, changed=104, moved=0, deleted=0
		Scan Filter Count: 121
	InvokeCustomDependenciesCallbacks: 0.000ms
	InvokePackagesCallback: 0.000ms
	ApplyChangesToAssetFolders: 0.073ms
	Scan: 25.083ms
	OnSourceAssetsModified: 0.157ms
	CategorizeAssetsWithTransientArtifact: 0.094ms
	ProcessAssetsWithTransientArtifactChanges: 0.046ms
	CategorizeAssets: 14.121ms
	ImportOutOfDateAssets: 458.064ms (0.183ms without children)
		ImportManagerImport: 456.973ms (4.951ms without children)
			ImportInProcess: 451.553ms
			UpdateCategorizedAssets: 0.469ms
		ReloadNativeAssets: 0.103ms
		UnloadImportedAssets: 0.140ms
		ReloadImportedAssets: 0.008ms
		EnsureUptoDateAssetsAreRegisteredWithGuidPM: 0.343ms
		InitializingProgressBar: 0.004ms
		PostProcessAllAssetNotificationsAddChangedAssets: 0.002ms
		OnDemandSchedulerStart: 0.309ms
	PostProcessAllAssets: 19.819ms
	Hotreload: 2.560ms
	GatherAllCurrentPrimaryArtifactRevisions: 0.136ms
	UnloadStreamsBegin: 0.001ms
	PersistCurrentRevisions: 0.445ms
	UnloadStreamsEnd: 0.199ms
	Untracked: 2.026ms

COASTAL_LAND_ART_APPLIED: blended terrain, coastal pines, timber cabin, exterior snow material pairs; original collision preserved.
UnityEngine.Debug:ExtractStackTraceNoAlloc (byte*,int,string)
UnityEngine.StackTraceUtility:ExtractStackTrace ()
UnityEngine.DebugLogHandler:Internal_Log (UnityEngine.LogType,UnityEngine.LogOption,string,UnityEngine.Object)
UnityEngine.DebugLogHandler:LogFormat (UnityEngine.LogType,UnityEngine.Object,string,object[])
UnityEngine.Logger:Log (UnityEngine.LogType,object)
UnityEngine.Debug:Log (object)
SunsetGlow.Editor.CoastalLandArt:Apply () (at Assets/_Game/Editor/CoastalLandArt.cs:187)
SunsetGlow.Editor.VisualRefinementBuild:BuildEnvironmentPreview () (at Assets/_Game/Editor/VisualRefinementBuild.cs:11)

(Filename: Assets/_Game/Editor/CoastalLandArt.cs Line: 187)

Start importing Assets/_Game/Art/Water/FootContactRipple.mat using Guid(dd8e6f52e5c45984ebe8eb6599e20d2c) (NativeFormatImporter) -> (artifact id: '7f67dc9650327cf0be6434522857523f') in 0.0018687 seconds
Start importing Assets/_Game/Art/CoastalHDRP.asset using Guid(3b422d9a1b8bb824499b8931f9157234) (NativeFormatImporter) -> (artifact id: '5573f715be2b608b03c1b45710ebeb4c') in 0.0016064 seconds
Refreshing native plugins compatible for Editor in 1.49 ms, found 4 plugins.
Preloading 0 native plugins for Editor in 0.00 ms.
Asset Pipeline Refresh (id=504a99768b192ee4d81dba771cacd389): Total: 0.019 seconds - Initiated by StopAssetImportingV2(NoUpdateAssetOptions)
Start importing Assets/_Game/Scenes/IslandPrototype.unity using Guid(5bb1a93e9b15b1a4593222d138b0bdf4) (DefaultImporter) -> (artifact id: '180f0bac99a7b71c7463d0b9d33c84b6') in 0.0009815 seconds
Refreshing native plugins compatible for Editor in 1.54 ms, found 4 plugins.
Preloading 0 native plugins for Editor in 0.00 ms.
Asset Pipeline Refresh (id=b95a64d3bf110c348be8bcaa86d018b7): Total: 0.029 seconds - Initiated by StopAssetImportingV2(NoUpdateAssetOptions)
3 HDRP assets included in build- HDRP High Fidelity - Assets/Settings/HDRP High Fidelity.asset
- CoastalHDRP - Assets/_Game/Art/CoastalHDRP.asset
- HDRP Performant - Assets/Settings/HDRP Performant.asset
UnityEngine.Debug:ExtractStackTraceNoAlloc (byte*,int,string)
UnityEngine.StackTraceUtility:ExtractStackTrace ()
UnityEngine.DebugLogHandler:Internal_Log (UnityEngine.LogType,UnityEngine.LogOption,string,UnityEngine.Object)
UnityEngine.DebugLogHandler:LogFormat (UnityEngine.LogType,UnityEngine.Object,string,object[])
UnityEngine.Logger:Log (UnityEngine.LogType,object)
UnityEngine.Debug:Log (object)
UnityEditor.Rendering.HighDefinition.HDRPPreprocessBuild:LogIncludedAssets (System.Collections.Generic.List`1<UnityEngine.Rendering.HighDefinition.HDRenderPipelineAsset>) (at ./Library/PackageCache/com.unity.render-pipelines.high-definition/Editor/BuildProcessors/HDRPPreprocessBuild.cs:63)
UnityEditor.Rendering.HighDefinition.HDRPPreprocessBuild:OnPreprocessBuild (UnityEditor.Build.Reporting.BuildReport) (at ./Library/PackageCache/com.unity.render-pipelines.high-definition/Editor/BuildProcessors/HDRPPreprocessBuild.cs:44)
UnityEditor.Build.BuildPipelineInterfaces/<>c__DisplayClass16_0:<OnBuildPreProcess>b__1 (UnityEditor.Build.IPreprocessBuildWithReport)
UnityEditor.Build.BuildPipelineInterfaces:InvokeCallbackInterfacesPair<UnityEditor.Build.IPreprocessBuild, UnityEditor.Build.IPreprocessBuildWithReport> (System.Collections.Generic.List`1<UnityEditor.Build.IPreprocessBuild>,System.Action`1<UnityEditor.Build.IPreprocessBuild>,System.Collections.Generic.List`1<UnityEditor.Build.IPreprocessBuildWithReport>,System.Action`1<UnityEditor.Build.IPreprocessBuildWithReport>,bool)
UnityEditor.Build.BuildPipelineInterfaces:OnBuildPreProcess (UnityEditor.Build.Reporting.BuildReport)
UnityEditor.BuildPipeline:BuildPlayerInternalNoCheck (string[],string,string,UnityEditor.BuildTargetGroup,UnityEditor.BuildTarget,int,UnityEditor.BuildOptions,string[],bool)
UnityEditor.BuildPipeline:BuildPlayerInternal (string[],string,string,UnityEditor.BuildTargetGroup,UnityEditor.BuildTarget,int,UnityEditor.BuildOptions,string[])
UnityEditor.BuildPipeline:BuildPlayer (string[],string,string,UnityEditor.BuildTargetGroup,UnityEditor.BuildTarget,int,UnityEditor.BuildOptions,string[])
UnityEditor.BuildPipeline:BuildPlayer (UnityEditor.BuildPlayerOptions)
SunsetGlow.Editor.CoastalBuild:Build () (at Assets/_Game/Editor/CoastalBuild.cs:116)
SunsetGlow.Editor.VisualRefinementBuild:BuildEnvironmentPreview () (at Assets/_Game/Editor/VisualRefinementBuild.cs:15)

(Filename: ./Library/PackageCache/com.unity.render-pipelines.high-definition/Editor/BuildProcessors/HDRPPreprocessBuild.cs Line: 63)

Start importing ProjectSettings/QualitySettings.asset using Guid(00000000000000009000000000000000) (LibraryAssetImporter) -> (artifact id: '83d98400b762392e51b7b7ca470ee3cb') in 0.0023117 seconds
Start importing ProjectSettings/GraphicsSettings.asset using Guid(00000000000000006100000000000000) (LibraryAssetImporter) -> (artifact id: 'fd6fc976225da843d44a287b63fe01b6') in 0.001939 seconds
Start importing ProjectSettings/UnityConnectSettings.asset using Guid(0000000000000000a100000000000000) (LibraryAssetImporter) -> (artifact id: '71d931502253382e3eb19f529d054d70') in 0.0021001 seconds
Start importing Packages/com.unity.render-pipelines.high-definition/Runtime/RenderPipelineResources/ComputeMaterialLibrary.asset using Guid(833ab0ec618db411699ea8cb1a221d0d) (NativeFormatImporter) -> (artifact id: '0cc3a8fd26a6ec22a2c2ed2a11a01e87') in 0.0018045 seconds
Start importing Assets/Settings/HDRP Performant.asset using Guid(168a2336534e4e043b2a210b6f8d379a) (NativeFormatImporter) -> (artifact id: '6772f90edbd8eb7512da015466359227') in 0.0017947 seconds
Start importing Assets/Settings/HDRP High Fidelity.asset using Guid(36dd385e759c96147b6463dcd1149c11) (NativeFormatImporter) -> (artifact id: '1819924dbc4eea14e4aa3ddf217288fd') in 0.0015566 seconds
Start importing Assets/_Game/Art/CoastalHDRP.asset using Guid(3b422d9a1b8bb824499b8931f9157234) (NativeFormatImporter) -> (artifact id: '5573f715be2b608b03c1b45710ebeb4c') in 0.0016695 seconds
Start importing Assets/Settings/HDRPDefaultResources/HDRenderPipelineGlobalSettings.asset using Guid(ac0316ca287ba459492b669ff1317a6f) (NativeFormatImporter) -> (artifact id: 'e411b5174ae4c0c6b2f99acc4ea13d3f') in 0.0018477 seconds
Refreshing native plugins compatible for Editor in 1.87 ms, found 4 plugins.
Preloading 0 native plugins for Editor in 0.00 ms.
Asset Pipeline Refresh (id=279a1bd0c7607b14092dc12bb2489564): Total: 0.050 seconds - Initiated by StopAssetImportingV2(NoUpdateAssetOptions)
Start importing Assets/Resources using Guid(ab56c95f5c8f2f247926d69b2b1dae7a) (DefaultImporter) -> (artifact id: '0c2a8928e56dbfe6ec9ec1f807e1e42e') in 0.0019646 seconds
Refreshing native plugins compatible for Editor in 1.69 ms, found 4 plugins.
Preloading 0 native plugins for Editor in 0.00 ms.
Asset Pipeline Refresh (id=b29ad0285e8d0494b9b720461cdb955e): Total: 0.031 seconds - Initiated by StopAssetImportingV2(NoUpdateAssetOptions)
Starting: D:\Unity\Editor\6000.0.23f1c1\Editor\Data\bee_backend.exe --dont-print-to-structured-log --ipc --defer-dag-verification --dagfile="Library/Bee/1900b0aEDbgSkipCompile.dag" --continue-on-failure --profile="Library/Bee/backend1.traceevents" ScriptAssembliesAndTypeDB
WorkingDir: E:/UnityProject/Sunset-glow/Sunset-glow/Sunset Glow
ExitCode: 0 Duration: 0s711ms
[2/3        0s] BuildPlayerDataGenerator Library/BuildPlayerData/Editor/TypeDb-All.json
Field 'System.Numerics.Vector2 SixLabors.Fonts.GlyphInstance/ControlPointCollection::SecondControlPoint' from 'E:\UnityProject\Sunset-glow\Sunset-glow\Sunset Glow\Library\PackageCache\com.unity.testtools.codecoverage\lib\ReportGenerator\ReportGeneratorMerged.dll', exception Failed to resolve System.Numerics.Vector2

Field 'System.Numerics.Vector2 SixLabors.Fonts.GlyphInstance/ControlPointCollection::ThirdControlPoint' from 'E:\UnityProject\Sunset-glow\Sunset-glow\Sunset Glow\Library\PackageCache\com.unity.testtools.codecoverage\lib\ReportGenerator\ReportGeneratorMerged.dll', exception Failed to resolve System.Numerics.Vector2

Field 'System.Numerics.Vector4 SixLabors.ImageSharp.ComplexVector4::Real' from 'E:\UnityProject\Sunset-glow\Sunset-glow\Sunset Glow\Library\PackageCache\com.unity.testtools.codecoverage\lib\ReportGenerator\ReportGeneratorMerged.dll', exception Failed to resolve System.Numerics.Vector4

Field 'System.Numerics.Vector4 SixLabors.ImageSharp.ComplexVector4::Imaginary' from 'E:\UnityProject\Sunset-glow\Sunset-glow\Sunset Glow\Library\PackageCache\com.unity.testtools.codecoverage\lib\ReportGenerator\ReportGeneratorMerged.dll', exception Failed to resolve System.Numerics.Vector4

Field 'System.Numerics.Vector4 SixLabors.ImageSharp.Formats.Jpeg.Components.Block8x8F::V0L' from 'E:\UnityProject\Sunset-glow\Sunset-glow\Sunset Glow\Library\PackageCache\com.unity.testtools.codecoverage\lib\ReportGenerator\ReportGeneratorMerged.dll', exception Failed to resolve System.Numerics.Vector4

Field 'System.Numerics.Vector4 SixLabors.ImageSharp.Formats.Jpeg.Components.Block8x8F::V0R' from 'E:\UnityProject\Sunset-glow\Sunset-glow\Sunset Glow\Library\PackageCache\com.unity.testtools.codecoverage\lib\ReportGenerator\ReportGeneratorMerged.dll', exception Failed to resolve System.Numerics.Vector4

Field 'System.Numerics.Vector4 SixLabors.ImageSharp.Formats.Jpeg.Components.Block8x8F::V1L' from 'E:\UnityProject\Sunset-glow\Sunset-glow\Sunset Glow\Library\PackageCache\com.unity.testtools.codecoverage\lib\ReportGenerator\ReportGeneratorMerged.dll', exception Failed to resolve System.Numerics.Vector4

Field 'System.Numerics.Vector4 SixLabors.ImageSharp.Formats.Jpeg.Components.Block8x8F::V1R' from 'E:\UnityProject\Sunset-glow\Sunset-glow\Sunset Glow\Library\PackageCache\com.unity.testtools.codecoverage\lib\ReportGenerator\ReportGeneratorMerged.dll', exception Failed to resolve System.Numerics.Vector4

Field 'System.Numerics.Vector4 SixLabors.ImageSharp.Formats.Jpeg.Components.Block8x8F::V2L' from 'E:\UnityProject\Sunset-glow\Sunset-glow\Sunset Glow\Library\PackageCache\com.unity.testtools.codecoverage\lib\ReportGenerator\ReportGeneratorMerged.dll', exception Failed to resolve System.Numerics.Vector4

Field 'System.Numerics.Vector4 SixLabors.ImageSharp.Formats.Jpeg.Components.Block8x8F::V2R' from 'E:\UnityProject\Sunset-glow\Sunset-glow\Sunset Glow\Library\PackageCache\com.unity.testtools.codecoverage\lib\ReportGenerator\ReportGeneratorMerged.dll', exception Failed to resolve System.Numerics.Vector4

Field 'System.Numerics.Vector4 SixLabors.ImageSharp.Formats.Jpeg.Components.Block8x8F::V3L' from 'E:\UnityProject\Sunset-glow\Sunset-glow\Sunset Glow\Library\PackageCache\com.unity.testtools.codecoverage\lib\ReportGenerator\ReportGeneratorMerged.dll', exception Failed to resolve System.Numerics.Vector4

Field 'System.Numerics.Vector4 SixLabors.ImageSharp.Formats.Jpeg.Components.Block8x8F::V3R' from 'E:\UnityProject\Sunset-glow\Sunset-glow\Sunset Glow\Library\PackageCache\com.unity.testtools.codecoverage\lib\ReportGenerator\ReportGeneratorMerged.dll', exception Failed to resolve System.Numerics.Vector4

Field 'System.Numerics.Vector4 SixLabors.ImageSharp.Formats.Jpeg.Components.Block8x8F::V4L' from 'E:\UnityProject\Sunset-glow\Sunset-glow\Sunset Glow\Library\PackageCache\com.unity.testtools.codecoverage\lib\ReportGenerator\ReportGeneratorMerged.dll', exception Failed to resolve System.Numerics.Vector4

Field 'System.Numerics.Vector4 SixLabors.ImageSharp.Formats.Jpeg.Components.Block8x8F::V4R' from 'E:\UnityProject\Sunset-glow\Sunset-glow\Sunset Glow\Library\PackageCache\com.unity.testtools.codecoverage\lib\ReportGenerator\ReportGeneratorMerged.dll', exception Failed to resolve System.Numerics.Vector4

Field 'System.Numerics.Vector4 SixLabors.ImageSharp.Formats.Jpeg.Components.Block8x8F::V5L' from 'E:\UnityProject\Sunset-glow\Sunset-glow\Sunset Glow\Library\PackageCache\com.unity.testtools.codecoverage\lib\ReportGenerator\ReportGeneratorMerged.dll', exception Failed to resolve System.Numerics.Vector4

Field 'System.Numerics.Vector4 SixLabors.ImageSharp.Formats.Jpeg.Components.Block8x8F::V5R' from 'E:\UnityProject\Sunset-glow\Sunset-glow\Sunset Glow\Library\PackageCache\com.unity.testtools.codecoverage\lib\ReportGenerator\ReportGeneratorMerged.dll', exception Failed to resolve System.Numerics.Vector4

Field 'System.Numerics.Vector4 SixLabors.ImageSharp.Formats.Jpeg.Components.Block8x8F::V6L' from 'E:\UnityProject\Sunset-glow\Sunset-glow\Sunset Glow\Library\PackageCache\com.unity.testtools.codecoverage\lib\ReportGenerator\ReportGeneratorMerged.dll', exception Failed to resolve System.Numerics.Vector4

Field 'System.Numerics.Vector4 SixLabors.ImageSharp.Formats.Jpeg.Components.Block8x8F::V6R' from 'E:\UnityProject\Sunset-glow\Sunset-glow\Sunset Glow\Library\PackageCache\com.unity.testtools.codecoverage\lib\ReportGenerator\ReportGeneratorMerged.dll', exception Failed to resolve System.Numerics.Vector4

Field 'System.Numerics.Vector4 SixLabors.ImageSharp.Formats.Jpeg.Components.Block8x8F::V7L' from 'E:\UnityProject\Sunset-glow\Sunset-glow\Sunset Glow\Library\PackageCache\com.unity.testtools.codecoverage\lib\ReportGenerator\ReportGeneratorMerged.dll', exception Failed to resolve System.Numerics.Vector4

Field 'System.Numerics.Vector4 SixLabors.ImageSharp.Formats.Jpeg.Components.Block8x8F::V7R' from 'E:\UnityProject\Sunset-glow\Sunset-glow\Sunset Glow\Library\PackageCache\com.unity.testtools.codecoverage\lib\ReportGenerator\ReportGeneratorMerged.dll', exception Failed to resolve System.Numerics.Vector4

Field 'System.Numerics.Vector4 SixLabors.ImageSharp.Formats.Jpeg.Components.Decoder.ColorConverters.JpegColorConverter/Vector4Octet::V0' from 'E:\UnityProject\Sunset-glow\Sunset-glow\Sunset Glow\Library\PackageCache\com.unity.testtools.codecoverage\lib\ReportGenerator\ReportGeneratorMerged.dll', exception Failed to resolve System.Numerics.Vector4

Field 'System.Numerics.Vector4 SixLabors.ImageSharp.Formats.Jpeg.Components.Decoder.ColorConverters.JpegColorConverter/Vector4Octet::V1' from 'E:\UnityProject\Sunset-glow\Sunset-glow\Sunset Glow\Library\PackageCache\com.unity.testtools.codecoverage\lib\ReportGenerator\ReportGeneratorMerged.dll', exception Failed to resolve System.Numerics.Vector4

Field 'System.Numerics.Vector4 SixLabors.ImageSharp.Formats.Jpeg.Components.Decoder.ColorConverters.JpegColorConverter/Vector4Octet::V2' from 'E:\UnityProject\Sunset-glow\Sunset-glow\Sunset Glow\Library\PackageCache\com.unity.testtools.codecoverage\lib\ReportGenerator\ReportGeneratorMerged.dll', exception Failed to resolve System.Numerics.Vector4

Field 'System.Numerics.Vector4 SixLabors.ImageSharp.Formats.Jpeg.Components.Decoder.ColorConverters.JpegColorConverter/Vector4Octet::V3' from 'E:\UnityProject\Sunset-glow\Sunset-glow\Sunset Glow\Library\PackageCache\com.unity.testtools.codecoverage\lib\ReportGenerator\ReportGeneratorMerged.dll', exception Failed to resolve System.Numerics.Vector4

Field 'System.Numerics.Vector4 SixLabors.ImageSharp.Formats.Jpeg.Components.Decoder.ColorConverters.JpegColorConverter/Vector4Octet::V4' from 'E:\UnityProject\Sunset-glow\Sunset-glow\Sunset Glow\Library\PackageCache\com.unity.testtools.codecoverage\lib\ReportGenerator\ReportGeneratorMerged.dll', exception Failed to resolve System.Numerics.Vector4

Field 'System.Numerics.Vector4 SixLabors.ImageSharp.Formats.Jpeg.Components.Decoder.ColorConverters.JpegColorConverter/Vector4Octet::V5' from 'E:\UnityProject\Sunset-glow\Sunset-glow\Sunset Glow\Library\PackageCache\com.unity.testtools.codecoverage\lib\ReportGenerator\ReportGeneratorMerged.dll', exception Failed to resolve System.Numerics.Vector4

Field 'System.Numerics.Vector4 SixLabors.ImageSharp.Formats.Jpeg.Components.Decoder.ColorConverters.JpegColorConverter/Vector4Octet::V6' from 'E:\UnityProject\Sunset-glow\Sunset-glow\Sunset Glow\Library\PackageCache\com.unity.testtools.codecoverage\lib\ReportGenerator\ReportGeneratorMerged.dll', exception Failed to resolve System.Numerics.Vector4

Field 'System.Numerics.Vector4 SixLabors.ImageSharp.Formats.Jpeg.Components.Decoder.ColorConverters.JpegColorConverter/Vector4Octet::V7' from 'E:\UnityProject\Sunset-glow\Sunset-glow\Sunset Glow\Library\PackageCache\com.unity.testtools.codecoverage\lib\ReportGenerator\ReportGeneratorMerged.dll', exception Failed to resolve System.Numerics.Vector4

Field 'System.Numerics.Vector4 SixLabors.ImageSharp.Tuples.Vector4Pair::A' from 'E:\UnityProject\Sunset-glow\Sunset-glow\Sunset Glow\Library\PackageCache\com.unity.testtools.codecoverage\lib\ReportGenerator\ReportGeneratorMerged.dll', exception Failed to resolve System.Numerics.Vector4

Field 'System.Numerics.Vector4 SixLabors.ImageSharp.Tuples.Vector4Pair::B' from 'E:\UnityProject\Sunset-glow\Sunset-glow\Sunset Glow\Library\PackageCache\com.unity.testtools.codecoverage\lib\ReportGenerator\ReportGeneratorMerged.dll', exception Failed to resolve System.Numerics.Vector4
*** Tundra build success (0.69 seconds), 1 items updated, 3 evaluated
Start importing Assets/Resources/PerformanceTestRunInfo.json using Guid(f0eb5a05c8ea0334a8d7c77926bdcfbf) (TextScriptImporter) -> (artifact id: '258b0eb9aa9f8e429596ce82ae664596') in 0.0033226 seconds
Start importing Assets/Resources/PerformanceTestRunSettings.json using Guid(6f036ee938f4dcc4cbbe63ebbcde30f8) (TextScriptImporter) -> (artifact id: '70520885157ba858e5e1067b17da4eac') in 0.003517 seconds
Total cache size 267985738
Total cache size after purge 267985738, took 00:00:00.1353885
Refreshing native plugins compatible for Editor in 1.50 ms, found 4 plugins.
Preloading 0 native plugins for Editor in 0.00 ms.
Asset Pipeline Refresh (id=32220129021663c4a9e0a923bc82af82): Total: 0.497 seconds - Initiated by RefreshV2(NoUpdateAssetOptions)
	Summary:
		Imports: total=2 (actual=2, local cache=0, cache server=0)
		Asset DB Process Time: managed=0 ms, native=40 ms
		Asset DB Callback time: managed=453 ms, native=2 ms
		Scripting: domain reloads=0, domain reload time=0 ms, compile time=0 ms, other=0 ms
		Project Asset Count: scripts=1492, non-scripts=3011
		Asset File Changes: new=2, changed=2, moved=0, deleted=0
		Scan Filter Count: 0
	InvokeCustomDependenciesCallbacks: 0.000ms
	InvokePackagesCallback: 0.000ms
	ApplyChangesToAssetFolders: 0.062ms
	Scan: 10.843ms
	OnSourceAssetsModified: 0.129ms
	CategorizeAssetsWithTransientArtifact: 0.004ms
	ProcessAssetsWithTransientArtifactChanges: 0.054ms
	CategorizeAssets: 14.401ms
	ImportOutOfDateAssets: 9.995ms (1.374ms without children)
		ImportManagerImport: 7.688ms (0.230ms without children)
			ImportInProcess: 7.441ms
			UpdateCategorizedAssets: 0.017ms
		ReloadNativeAssets: 0.256ms
		UnloadImportedAssets: 0.133ms
		ReloadImportedAssets: 0.000ms
		EnsureUptoDateAssetsAreRegisteredWithGuidPM: 0.319ms
		InitializingProgressBar: 0.004ms
		PostProcessAllAssetNotificationsAddChangedAssets: 0.001ms
		OnDemandSchedulerStart: 0.220ms
	PostProcessAllAssets: 454.012ms
	Hotreload: 2.429ms
	GatherAllCurrentPrimaryArtifactRevisions: 0.303ms
	UnloadStreamsBegin: 0.002ms
	PersistCurrentRevisions: 0.155ms
	UnloadStreamsEnd: 0.001ms
	Untracked: 4.566ms

[ScriptCompilation] Requested script compilation because: Recompiling scripts for player build.
BuildPlayer: start building target 19
Starting: D:\Unity\Editor\6000.0.23f1c1\Editor\Data\bee_backend.exe --dont-print-to-structured-log --ipc --defer-dag-verification --dagfile="Library/Bee/1900b0aPDevDbg.dag" --continue-on-failure --profile="Library/Bee/backend1.traceevents" ScriptAssembliesAndTypeDB
WorkingDir: E:/UnityProject/Sunset-glow/Sunset-glow/Sunset Glow
ExitCode: 4 Duration: 0s340ms
[346/493    0s] WriteResponseFile Library/Bee/artifacts/rsp/4747638433968585886.rsp
Rebuilding DAG because FileSignature timestamp changed: Library/Bee/1900b0aPDevDbg-inputdata.json
[429/493    0s] ILPP-Configuration Library/ilpp-configuration.nevergeneratedoutput
[430/493    0s] Csc Library/Bee/artifacts/1900b0aPDevDbg.dag/Assembly-CSharp.dll (+2 others)
*** Tundra requires additional run (0.32 seconds), 3 items updated, 428 evaluated
Starting: D:\Unity\Editor\6000.0.23f1c1\Editor\Data\Tools\netcorerun\netcorerun.exe "D:\Unity\Editor\6000.0.23f1c1\Editor\Data\Tools\BuildPipeline\ScriptCompilationBuildProgram.exe" "Library/Bee/1900b0aPDevDbg.dag.json" "Library/Bee/1900b0aPDevDbg-inputdata.json" "Library\Bee\buildprogram0.traceevents"
WorkingDir: E:/UnityProject/Sunset-glow/Sunset-glow/Sunset Glow
ExitCode: 0 Duration: 0s251ms
Starting: D:\Unity\Editor\6000.0.23f1c1\Editor\Data\bee_backend.exe --dont-print-to-structured-log --ipc --defer-dag-verification --dagfile="Library/Bee/1900b0aPDevDbg.dag" --continue-on-failure --dagfilejson="Library\Bee\1900b0aPDevDbg.dag.json" --profile="Library/Bee/backend2.traceevents" ScriptAssembliesAndTypeDB
WorkingDir: E:/UnityProject/Sunset-glow/Sunset-glow/Sunset Glow
ExitCode: 0 Duration: 1s124ms
Finished compiling graph: 494 nodes, 4854 flattened edges (4086 ToBuild, 58 ToUse), maximum node priority 233
[348/493    0s] WriteText Library/Bee/artifacts/1900b0aPDevDbg.dag/Assembly-CSharp.rsp
[429/493    0s] ILPP-Configuration Library/ilpp-configuration.nevergeneratedoutput
[449/493    0s] CopyFiles Library/Bee/PlayerScriptAssemblies/Unity.RenderPipelines.HighDefinition.Config.Runtime.pdb
[450/493    0s] CopyFiles Library/Bee/PlayerScriptAssemblies/Unity.RenderPipelines.ShaderGraph.ShaderGraphLibrary.pdb
[451/493    0s] CopyFiles Library/Bee/PlayerScriptAssemblies/Unity.RenderPipelines.Core.Runtime.Shared.pdb
[452/493    0s] CopyFiles Library/Bee/PlayerScriptAssemblies/Unity.Timeline.pdb
[453/493    0s] CopyFiles Library/Bee/PlayerScriptAssemblies/Unity.Mathematics.pdb
[454/493    0s] CopyFiles Library/Bee/PlayerScriptAssemblies/UnityEngine.UI.pdb
[455/493    0s] CopyFiles Library/Bee/PlayerScriptAssemblies/Unity.VisualScripting.Flow.pdb
[456/493    0s] CopyFiles Library/Bee/PlayerScriptAssemblies/Unity.RenderPipelines.Core.Runtime.pdb
[457/493    0s] CopyFiles Library/Bee/PlayerScriptAssemblies/Unity.RenderPipelines.HighDefinition.Config.Runtime.dll
[458/493    0s] CopyFiles Library/Bee/PlayerScriptAssemblies/Unity.Rendering.LightTransport.Runtime.pdb
[459/493    0s] CopyFiles Library/Bee/PlayerScriptAssemblies/Unity.Burst.pdb
[460/493    0s] CopyFiles Library/Bee/PlayerScriptAssemblies/Unity.RenderPipelines.Core.ShaderLibrary.pdb
[461/493    0s] CopyFiles Library/Bee/PlayerScriptAssemblies/Unity.RenderPipelines.HighDefinition.Runtime.pdb
[462/493    0s] CopyFiles Library/Bee/PlayerScriptAssemblies/Unity.VisualScripting.State.pdb
[463/493    0s] CopyFiles Library/Bee/PlayerScriptAssemblies/Unity.TextMeshPro.pdb
[464/493    0s] CopyFiles Library/Bee/PlayerScriptAssemblies/Unity.VisualScripting.Core.pdb
[465/493    0s] CopyFiles Library/Bee/PlayerScriptAssemblies/Unity.RenderPipelines.GPUDriven.Runtime.pdb
[466/493    0s] CopyFiles Library/Bee/PlayerScriptAssemblies/Unity.Collections.pdb
[467/493    0s] CopyFiles Library/Bee/PlayerScriptAssemblies/Unity.Timeline.dll
[468/493    0s] CopyFiles Library/Bee/PlayerScriptAssemblies/Unity.RenderPipelines.Core.Runtime.Shared.dll
[469/493    0s] CopyFiles Library/Bee/PlayerScriptAssemblies/Unity.VisualEffectGraph.Runtime.pdb
[470/493    0s] CopyFiles Library/Bee/PlayerScriptAssemblies/Unity.Multiplayer.Center.Common.pdb
[471/493    0s] CopyFiles Library/Bee/PlayerScriptAssemblies/Unity.Mathematics.dll
[472/493    0s] CopyFiles Library/Bee/PlayerScriptAssemblies/UnityEngine.UI.dll
[473/493    0s] CopyFiles Library/Bee/PlayerScriptAssemblies/Unity.RenderPipelines.ShaderGraph.ShaderGraphLibrary.dll
[474/493    0s] CopyFiles Library/Bee/PlayerScriptAssemblies/Unity.RenderPipelines.GPUDriven.Runtime.dll
[475/493    0s] CopyFiles Library/Bee/PlayerScriptAssemblies/Unity.Multiplayer.Center.Common.dll
[476/493    0s] CopyFiles Library/Bee/PlayerScriptAssemblies/Unity.VisualScripting.Flow.dll
[477/493    0s] CopyFiles Library/Bee/PlayerScriptAssemblies/Unity.VisualScripting.State.dll
[478/493    0s] CopyFiles Library/Bee/PlayerScriptAssemblies/Unity.RenderPipelines.Core.ShaderLibrary.dll
[479/493    0s] CopyFiles Library/Bee/PlayerScriptAssemblies/Unity.Burst.dll
[480/493    0s] CopyFiles Library/Bee/PlayerScriptAssemblies/Unity.VisualEffectGraph.Runtime.dll
[481/493    0s] CopyFiles Library/Bee/PlayerScriptAssemblies/Unity.TextMeshPro.dll
[482/493    0s] CopyFiles Library/Bee/PlayerScriptAssemblies/Unity.RenderPipelines.Core.Runtime.dll
[483/493    0s] CopyFiles Library/Bee/PlayerScriptAssemblies/Unity.Collections.dll
[484/493    0s] Csc Library/Bee/artifacts/1900b0aPDevDbg.dag/Assembly-CSharp.dll (+2 others)
[485/493    0s] CopyFiles Library/Bee/PlayerScriptAssemblies/Unity.VisualScripting.Core.dll
[486/493    0s] CopyFiles Library/Bee/PlayerScriptAssemblies/Unity.Rendering.LightTransport.Runtime.dll
[487/493    0s] CopyFiles Library/Bee/PlayerScriptAssemblies/Unity.RenderPipelines.HighDefinition.Runtime.dll
[488/493    0s] ILPostProcess Library/Bee/artifacts/1900b0aPDevDbg.dag/post-processed/Assembly-CSharp.dll (+pdb)
Processing assembly Library/Bee/artifacts/1900b0aPDevDbg.dag/Assembly-CSharp.dll, with 122 defines and 216 references

processors: Unity.Jobs.CodeGen.JobsILPostProcessor, zzzUnity.Burst.CodeGen.BurstILPostProcessor

running Unity.Jobs.CodeGen.JobsILPostProcessor

running zzzUnity.Burst.CodeGen.BurstILPostProcessor
[489/493    0s] CopyFiles Library/Bee/PlayerScriptAssemblies/Assembly-CSharp.pdb
[490/493    0s] CopyFiles Library/Bee/PlayerScriptAssemblies/Assembly-CSharp.dll
[492/493    0s] BuildPlayerDataGenerator Library/BuildPlayerData/Player/RuntimeInitializeOnLoads.json (+1 other)
*** Tundra build success (1.10 seconds), 45 items updated, 493 evaluated
Rebuilding Data files because Assets/_Game/Scenes/IslandPrototype.unity is dirty (hash)
Opening scene 'Assets/_Game/Scenes/IslandPrototype.unity'
Total cache size 267985738
Total cache size after purge 267985738, took 00:00:00.1232558
Unloading 2 Unused Serialized files (Serialized files now loaded: 0)
Loaded scene 'Assets/_Game/Scenes/IslandPrototype.unity'
	Deserialize:            15.944 ms
	Integration:            140.061 ms
	Integration of assets:  0.004 ms
	Thread Wait Time:       0.164 ms
	Total Operation Time:   156.173 ms
Unloading 206 unused Assets / (5.1 MB). Loaded Objects now: 10139.
Memory consumption went from 446.4 MB to 441.3 MB.
Total: 7.126800 ms (FindLiveObjects: 0.327400 ms CreateObjectMapping: 0.132900 ms MarkObjects: 5.740800 ms  DeleteObjects: 0.924900 ms)

Created GICache directory at C:/Users/admin/AppData/LocalLow/Unity/Caches/GiCache. Took: 0.007s, timestamps: [32.636 - 32.643]


Mono dependencies included in the build
Dependency assembly - System.Diagnostics.StackTrace.dll
Dependency assembly - Microsoft.Build.Utilities.v4.0.dll
Dependency assembly - System.DirectoryServices.Protocols.dll
Dependency assembly - System.Messaging.dll
Dependency assembly - System.Windows.Forms.dll
Dependency assembly - System.Reflection.Emit.ILGeneration.dll
Dependency assembly - System.Security.Cryptography.X509Certificates.dll
Dependency assembly - System.ServiceModel.Http.dll
Dependency assembly - System.Json.dll
Dependency assembly - System.Linq.dll
Dependency assembly - System.Web.WebPages.Razor.dll
Dependency assembly - System.Security.Cryptography.Encryption.ECDsa.dll
Dependency assembly - Unity.RenderPipelines.Core.ShaderLibrary.dll
Dependency assembly - Mono.Posix.dll
Dependency assembly - System.Reactive.PlatformServices.dll
Dependency assembly - Unity.Timeline.dll
Dependency assembly - System.IO.FileSystem.DriveInfo.dll
Dependency assembly - System.Xml.XPath.XmlDocument.dll
Dependency assembly - System.Runtime.DurableInstancing.dll
Dependency assembly - System.Diagnostics.FileVersionInfo.dll
Dependency assembly - System.Reflection.DispatchProxy.dll
Dependency assembly - System.Web.ApplicationServices.dll
Dependency assembly - System.Reactive.Core.dll
Dependency assembly - System.Diagnostics.Tracing.dll
Dependency assembly - Unity.RenderPipelines.GPUDriven.Runtime.dll
Dependency assembly - System.Web.Http.dll
Dependency assembly - Mono.Data.Sqlite.dll
Dependency assembly - System.ObjectModel.dll
Dependency assembly - System.Threading.Tasks.dll
Dependency assembly - System.Security.Cryptography.Hashing.Algorithms.dll
Dependency assembly - System.ServiceModel.Primitives.dll
Dependency assembly - Microsoft.Build.dll
Dependency assembly - System.IdentityModel.Selectors.dll
Dependency assembly - System.Threading.Thread.dll
Dependency assembly - System.Security.Cryptography.ProtectedData.dll
Dependency assembly - System.Net.HttpListener.dll
Dependency assembly - Microsoft.Build.Engine.dll
Dependency assembly - System.Console.dll
Dependency assembly - System.Net.ServicePoint.dll
Dependency assembly - System.Security.Cryptography.Encryption.dll
Dependency assembly - Unity.RenderPipelines.HighDefinition.Runtime.dll
Dependency assembly - System.DirectoryServices.dll
Dependency assembly - System.Net.AuthenticationManager.dll
Dependency assembly - System.Data.OracleClient.dll
Dependency assembly - Assembly-CSharp.dll
Dependency assembly - System.IO.FileSystem.Primitives.dll
Dependency assembly - System.Net.dll
Dependency assembly - System.IO.FileSystem.Watcher.dll
Dependency assembly - System.Net.Primitives.dll
Dependency assembly - System.Net.Sockets.dll
Dependency assembly - System.Web.dll
Dependency assembly - CustomMarshalers.dll
Dependency assembly - IBM.Data.DB2.dll
Dependency assembly - System.Reactive.Windows.Threading.dll
Dependency assembly - Mono.CompilerServices.SymbolWriter.dll
Dependency assembly - System.Security.Cryptography.RandomNumberGenerator.dll
Dependency assembly - System.Data.Common.dll
Dependency assembly - System.Reactive.Interfaces.dll
Dependency assembly - System.Net.WebHeaderCollection.dll
Dependency assembly - System.ComponentModel.Composition.dll
Dependency assembly - System.Diagnostics.Contracts.dll
Dependency assembly - System.Dynamic.Runtime.dll
Dependency assembly - System.IO.Compression.ZipFile.dll
Dependency assembly - System.Security.Cryptography.RSA.dll
Dependency assembly - Microsoft.VisualC.dll
Dependency assembly - Mono.Messaging.dll
Dependency assembly - System.IdentityModel.dll
Dependency assembly - System.Runtime.InteropServices.RuntimeInformation.dll
Dependency assembly - System.IO.Compression.dll
Dependency assembly - System.Web.Extensions.Design.dll
Dependency assembly - System.Drawing.Primitives.dll
Dependency assembly - System.ServiceModel.dll
Dependency assembly - Mono.Profiler.Log.dll
Dependency assembly - System.Reactive.Runtime.Remoting.dll
Dependency assembly - SystemWebTestShim.dll
Dependency assembly - Mono.Messaging.RabbitMQ.dll
Dependency assembly - System.Security.Cryptography.Encryption.Aes.dll
Dependency assembly - System.Linq.Queryable.dll
Dependency assembly - System.Threading.Timer.dll
Dependency assembly - System.ComponentModel.Annotations.dll
Dependency assembly - System.Reactive.Experimental.dll
Dependency assembly - System.Web.Extensions.dll
Dependency assembly - System.Collections.Specialized.dll
Dependency assembly - System.Security.Cryptography.Algorithms.dll
Dependency assembly - System.Runtime.InteropServices.dll
Dependency assembly - Accessibility.dll
Dependency assembly - System.Resources.ResourceManager.dll
Dependency assembly - System.Runtime.Loader.dll
Dependency assembly - System.Xml.Xsl.Primitives.dll
Dependency assembly - System.Runtime.Serialization.Json.dll
Dependency assembly - System.Security.dll
Dependency assembly - System.Threading.Tasks.Extensions.dll
Dependency assembly - System.Memory.dll
Dependency assembly - System.Net.WebSockets.Client.dll
Dependency assembly - WindowsBase.dll
Dependency assembly - System.Resources.Reader.dll
Dependency assembly - ICSharpCode.SharpZipLib.dll
Dependency assembly - Mono.Btls.Interface.dll
Dependency assembly - System.Security.Principal.Windows.dll
Dependency assembly - System.Web.DynamicData.dll
Dependency assembly - System.Data.Entity.dll
Dependency assembly - System.Web.Http.WebHost.dll
Dependency assembly - System.Security.SecureString.dll
Dependency assembly - System.ServiceModel.NetTcp.dll
Dependency assembly - WebMatrix.Data.dll
Dependency assembly - Unity.RenderPipelines.Core.Runtime.Shared.dll
Dependency assembly - System.Configuration.dll
Dependency assembly - System.Numerics.Vectors.dll
Dependency assembly - System.IO.Pipes.dll
Dependency assembly - RabbitMQ.Client.dll
Dependency assembly - System.Text.Encoding.Extensions.dll
Dependency assembly - System.Reactive.Providers.dll
Dependency assembly - Unity.RenderPipelines.ShaderGraph.ShaderGraphLibrary.dll
Dependency assembly - System.Reflection.Emit.dll
Dependency assembly - Mono.Simd.dll
Dependency assembly - System.Reflection.Primitives.dll
Dependency assembly - System.Data.Services.Client.dll
Dependency assembly - System.ComponentModel.EventBasedAsync.dll
Dependency assembly - System.Buffers.dll
Dependency assembly - System.Threading.Overlapped.dll
Dependency assembly - Unity.Burst.Unsafe.dll
Dependency assembly - System.IO.dll
Dependency assembly - System.Data.Services.dll
Dependency assembly - System.Reactive.Debugger.dll
Dependency assembly - System.ServiceModel.Internals.dll
Dependency assembly - System.Security.Cryptography.Encoding.dll
Dependency assembly - System.Net.Http.Formatting.dll
Dependency assembly - Unity.Rendering.LightTransport.Runtime.dll
Dependency assembly - System.Security.Cryptography.Pkcs.dll
Dependency assembly - System.ServiceModel.Activation.dll
Dependency assembly - System.Runtime.Caching.dll
Dependency assembly - System.Windows.Forms.DataVisualization.dll
Dependency assembly - System.ComponentModel.TypeConverter.dll
Dependency assembly - System.Data.SqlClient.dll
Dependency assembly - System.Runtime.Serialization.Formatters.dll
Dependency assembly - Mono.WebBrowser.dll
Dependency assembly - System.Net.Security.dll
Dependency assembly - System.ServiceModel.Duplex.dll
Dependency assembly - System.Runtime.Serialization.Xml.dll
Dependency assembly - System.Reflection.TypeExtensions.dll
Dependency assembly - System.ServiceModel.Discovery.dll
Dependency assembly - System.ComponentModel.DataAnnotations.dll
Dependency assembly - System.Runtime.Remoting.dll
Dependency assembly - System.Security.Principal.dll
Dependency assembly - System.Net.WebSockets.dll
Dependency assembly - System.Runtime.dll
Dependency assembly - System.ServiceProcess.ServiceController.dll
Dependency assembly - System.Runtime.Serialization.Formatters.Soap.dll
Dependency assembly - Novell.Directory.Ldap.dll
Dependency assembly - System.Transactions.dll
Dependency assembly - System.Xml.Linq.dll
Dependency assembly - Microsoft.Win32.Registry.dll
Dependency assembly - System.Web.RegularExpressions.dll
Dependency assembly - System.Windows.dll
Dependency assembly - System.Net.Http.WebRequest.dll
Dependency assembly - System.Web.WebPages.Deployment.dll
Dependency assembly - System.Diagnostics.Process.dll
Dependency assembly - Unity.RenderPipelines.HighDefinition.Config.Runtime.dll
Dependency assembly - System.Data.dll
Dependency assembly - System.Net.Mail.dll
Dependency assembly - Mono.Parallel.dll
Dependency assembly - System.Web.Http.SelfHost.dll
Dependency assembly - System.Collections.dll
Dependency assembly - System.Resources.Writer.dll
Dependency assembly - System.Design.dll
Dependency assembly - System.ValueTuple.dll
Dependency assembly - Microsoft.Win32.Registry.AccessControl.dll
Dependency assembly - System.Security.AccessControl.dll
Dependency assembly - System.Runtime.Serialization.Primitives.dll
Dependency assembly - Mono.CSharp.dll
Dependency assembly - System.ServiceModel.Security.dll
Dependency assembly - System.Workflow.Runtime.dll
Dependency assembly - System.Reactive.Windows.Forms.dll
Dependency assembly - Unity.Multiplayer.Center.Common.dll
Dependency assembly - I18N.MidEast.dll
Dependency assembly - System.Runtime.Handles.dll
Dependency assembly - I18N.dll
Dependency assembly - System.AppContext.dll
Dependency assembly - System.Text.RegularExpressions.dll
Dependency assembly - System.Xml.XmlDocument.dll
Dependency assembly - SMDiagnostics.dll
Dependency assembly - System.Net.Http.dll
Dependency assembly - System.Deployment.dll
Dependency assembly - System.IO.UnmanagedMemoryStream.dll
Dependency assembly - System.dll
Dependency assembly - System.Xml.ReaderWriter.dll
Dependency assembly - System.Json.Microsoft.dll
Dependency assembly - Mono.Cairo.dll
Dependency assembly - PEAPI.dll
Dependency assembly - UnityEngine.UI.dll
Dependency assembly - System.Runtime.InteropServices.WindowsRuntime.dll
Dependency assembly - System.Net.Ping.dll
Dependency assembly - System.Data.Linq.dll
Dependency assembly - System.Threading.AccessControl.dll
Dependency assembly - System.Linq.Expressions.dll
Dependency assembly - Unity.Collections.dll
Dependency assembly - I18N.Rare.dll
Dependency assembly - cscompmgd.dll
Dependency assembly - System.Management.dll
Dependency assembly - System.Xml.Serialization.dll
Dependency assembly - Unity.VisualScripting.State.dll
Dependency assembly - System.Runtime.Extensions.dll
Dependency assembly - System.Xml.XDocument.dll
Dependency assembly - System.ServiceProcess.dll
Dependency assembly - System.Web.Mobile.dll
Dependency assembly - System.Xaml.dll
Dependency assembly - System.Threading.Tasks.Parallel.dll
Dependency assembly - System.Runtime.CompilerServices.VisualC.dll
Dependency assembly - I18N.Other.dll
Dependency assembly - System.Reflection.Extensions.dll
Dependency assembly - System.Data.DataSetExtensions.dll
Dependency assembly - System.Security.Cryptography.DeriveBytes.dll
Dependency assembly - Unity.TextMeshPro.dll
Dependency assembly - Microsoft.Win32.Primitives.dll
Dependency assembly - System.Text.Encoding.CodePages.dll
Dependency assembly - System.Diagnostics.Tools.dll
Dependency assembly - System.Security.Cryptography.Hashing.dll
Dependency assembly - System.IO.FileSystem.dll
Dependency assembly - I18N.CJK.dll
Dependency assembly - Mono.XBuild.Tasks.dll
Dependency assembly - System.Globalization.dll
Dependency assembly - System.Drawing.Design.dll
Dependency assembly - System.Workflow.ComponentModel.dll
Dependency assembly - System.Numerics.dll
Dependency assembly - Mono.Security.Win32.dll
Dependency assembly - Microsoft.Web.Infrastructure.dll
Dependency assembly - System.Net.NetworkInformation.dll
Dependency assembly - System.Core.dll
Dependency assembly - System.Runtime.Serialization.dll
Dependency assembly - System.Globalization.Calendars.dll
Dependency assembly - Unity.VisualScripting.Flow.dll
Dependency assembly - System.Reflection.dll
Dependency assembly - System.Globalization.Extensions.dll
Dependency assembly - System.IO.IsolatedStorage.dll
Dependency assembly - System.Security.Cryptography.Cng.dll
Dependency assembly - System.Security.Cryptography.OpenSsl.dll
Dependency assembly - System.Configuration.Install.dll
Dependency assembly - System.EnterpriseServices.dll
Dependency assembly - System.Diagnostics.TextWriterTraceListener.dll
Dependency assembly - Microsoft.CSharp.dll
Dependency assembly - netstandard.dll
Dependency assembly - Unity.Burst.dll
Dependency assembly - System.Web.Abstractions.dll
Dependency assembly - System.Diagnostics.TraceEvent.dll
Dependency assembly - Unity.VisualScripting.Core.dll
Dependency assembly - mscorlib.dll
Dependency assembly - System.Threading.Tasks.Dataflow.dll
Dependency assembly - System.Linq.Parallel.dll
Dependency assembly - Mono.Options.dll
Dependency assembly - System.Workflow.Activities.dll
Dependency assembly - System.Net.Cache.dll
Dependency assembly - Mono.Management.dll
Dependency assembly - System.Net.NameResolution.dll
Dependency assembly - Mono.Security.dll
Dependency assembly - System.Threading.dll
Dependency assembly - I18N.West.dll
Dependency assembly - System.Net.Http.Rtc.dll
Dependency assembly - System.Runtime.Numerics.dll
Dependency assembly - Microsoft.Build.Tasks.v4.0.dll
Dependency assembly - Unity.Collections.LowLevel.ILSupport.dll
Dependency assembly - Mono.Http.dll
Dependency assembly - System.ComponentModel.dll
Dependency assembly - System.Collections.Concurrent.dll
Dependency assembly - System.Resources.ReaderWriter.dll
Dependency assembly - Unity.VisualEffectGraph.Runtime.dll
Dependency assembly - System.Web.Razor.dll
Dependency assembly - Mono.Tasklets.dll
Dependency assembly - System.Xml.XPath.dll
Dependency assembly - Mono.Data.Tds.dll
Dependency assembly - System.Diagnostics.TraceSource.dll
Dependency assembly - System.Reactive.Observable.Aliases.dll
Dependency assembly - Unity.RenderPipelines.Core.Runtime.dll
Dependency assembly - Unity.Mathematics.dll
Dependency assembly - Commons.Xml.Relaxng.dll
Dependency assembly - System.ComponentModel.Primitives.dll
Dependency assembly - System.Threading.ThreadPool.dll
Dependency assembly - System.IO.MemoryMappedFiles.dll
Dependency assembly - System.Web.WebPages.dll
Dependency assembly - System.IO.Compression.FileSystem.dll
Dependency assembly - System.Web.Services.dll
Dependency assembly - System.Xml.XmlSerializer.dll
Dependency assembly - System.Collections.NonGeneric.dll
Dependency assembly - System.Net.Requests.dll
Dependency assembly - System.IO.FileSystem.AccessControl.dll
Dependency assembly - System.Security.Claims.dll
Dependency assembly - System.Security.Cryptography.Encryption.ECDiffieHellman.dll
Dependency assembly - System.Dynamic.dll
Dependency assembly - System.Security.Cryptography.Primitives.dll
Dependency assembly - System.ServiceModel.Web.dll
Dependency assembly - System.Xml.dll
Dependency assembly - Mono.C5.dll
Dependency assembly - System.Web.Routing.dll
Dependency assembly - System.Web.Mvc.dll
Dependency assembly - System.Security.Cryptography.Csp.dll
Dependency assembly - Microsoft.Build.Framework.dll
Dependency assembly - monodoc.dll
Dependency assembly - System.Drawing.dll
Dependency assembly - Unity.VisualScripting.Antlr3.Runtime.dll
Dependency assembly - System.Reflection.Context.dll
Dependency assembly - System.Reactive.Linq.dll
Dependency assembly - System.ServiceModel.Routing.dll
Dependency assembly - System.Diagnostics.Debug.dll
Dependency assembly - System.Xml.XPath.XDocument.dll
Dependency assembly - System.Text.Encoding.dll
Dependency assembly - System.Reflection.Emit.Lightweight.dll
Dependency assembly - System.Net.Utilities.dll

Unloading 49 Unused Serialized files (Serialized files now loaded: 0)
Unloading 1591 unused Assets / (81.9 MB). Loaded Objects now: 8408.
Memory consumption went from 443.6 MB to 361.7 MB.
Total: 7.073700 ms (FindLiveObjects: 0.275200 ms CreateObjectMapping: 0.115000 ms MarkObjects: 5.853600 ms  DeleteObjects: 0.828700 ms)

Unloading 1 Unused Serialized files (Serialized files now loaded: 0)
Unloading 0 unused Assets / (2.2 KB). Loaded Objects now: 8410.
Memory consumption went from 283.6 MB to 283.6 MB.
Total: 5.928400 ms (FindLiveObjects: 0.321600 ms CreateObjectMapping: 0.110300 ms MarkObjects: 5.484100 ms  DeleteObjects: 0.011300 ms)

Unloading 1 Unused Serialized files (Serialized files now loaded: 0)
Unloading 164 unused Assets / (139.3 MB). Loaded Objects now: 8410.
Memory consumption went from 424.3 MB to 285.0 MB.
Total: 13.736700 ms (FindLiveObjects: 0.216700 ms CreateObjectMapping: 0.093500 ms MarkObjects: 5.629300 ms  DeleteObjects: 7.796400 ms)

Compiling shader "Shader Graphs/PhysicallyBasedSky" pass "PBR Sky cubemap" (vp)
    Full variant space:         1
    After settings filtering:   1
    After built-in stripping:   1
    After scriptable stripping: 1
    Processed in 0.71 seconds
    starting compilation...
    finished in 0.00 seconds. Local cache hits 1 (0.00s CPU time), remote cache hits 0 (0.00s CPU time), compiled 0 variants (0.00s CPU time), skipped 0 variants
    Prepared data for serialisation in 0.00s
Compiling shader "Shader Graphs/PhysicallyBasedSky" pass "PBR Sky cubemap" (fp)
    Full variant space:         2
    After settings filtering:   2
    After built-in stripping:   2
    After scriptable stripping: 2
    Processed in 0.00 seconds
    starting compilation...
    finished in 0.00 seconds. Local cache hits 2 (0.00s CPU time), remote cache hits 0 (0.00s CPU time), compiled 0 variants (0.00s CPU time), skipped 0 variants
    Prepared data for serialisation in 0.00s
Compiling shader "Shader Graphs/PhysicallyBasedSky" pass "PBR Sky" (vp)
    Full variant space:         1
    After settings filtering:   1
    After built-in stripping:   1
    After scriptable stripping: 1
    Processed in 0.00 seconds
    starting compilation...
    finished in 0.00 seconds. Local cache hits 1 (0.00s CPU time), remote cache hits 0 (0.00s CPU time), compiled 0 variants (0.00s CPU time), skipped 0 variants
    Prepared data for serialisation in 0.00s
Compiling shader "Shader Graphs/PhysicallyBasedSky" pass "PBR Sky" (fp)
    Full variant space:         2
    After settings filtering:   2
    After built-in stripping:   2
    After scriptable stripping: 2
    Processed in 0.00 seconds
    starting compilation...
    finished in 0.00 seconds. Local cache hits 2 (0.00s CPU time), remote cache hits 0 (0.00s CPU time), compiled 0 variants (0.00s CPU time), skipped 0 variants
    Prepared data for serialisation in 0.00s
Serialized binary data for shader Shader Graphs/PhysicallyBasedSky in 0.00s
    d3d11 (total internal programs: 6, unique: 5)
Compiling shader "Shader Graphs/Water" pass "WaterGBuffer" (vp)
    Full variant space:         48
    After settings filtering:   48
    After built-in stripping:   24
    After scriptable stripping: 12
    Processed in 0.00 seconds
    starting compilation...
    finished in 0.00 seconds. Local cache hits 12 (0.01s CPU time), remote cache hits 0 (0.00s CPU time), compiled 0 variants (0.00s CPU time), skipped 0 variants
    Prepared data for serialisation in 0.00s
Compiling shader "Shader Graphs/Water" pass "WaterGBuffer" (fp)
    Full variant space:         144
    After settings filtering:   144
    After built-in stripping:   72
    After scriptable stripping: 12
    Processed in 0.00 seconds
    starting compilation...
    finished in 0.00 seconds. Local cache hits 12 (0.01s CPU time), remote cache hits 0 (0.00s CPU time), compiled 0 variants (0.00s CPU time), skipped 0 variants
    Prepared data for serialisation in 0.00s
Compiling shader "Shader Graphs/Water" pass "WaterGBufferTessellation" (vp)
    Full variant space:         48
    After settings filtering:   48
    After built-in stripping:   24
    After scriptable stripping: 12
    Processed in 0.00 seconds
    starting compilation...
    finished in 0.00 seconds. Local cache hits 12 (0.01s CPU time), remote cache hits 0 (0.00s CPU time), compiled 0 variants (0.00s CPU time), skipped 0 variants
    Prepared data for serialisation in 0.00s
Compiling shader "Shader Graphs/Water" pass "WaterGBufferTessellation" (fp)
    Full variant space:         144
    After settings filtering:   144
    After built-in stripping:   72
    After scriptable stripping: 12
    Processed in 0.00 seconds
    starting compilation...
    finished in 0.00 seconds. Local cache hits 12 (0.01s CPU time), remote cache hits 0 (0.00s CPU time), compiled 0 variants (0.00s CPU time), skipped 0 variants
    Prepared data for serialisation in 0.00s
Compiling shader "Shader Graphs/Water" pass "WaterGBufferTessellation" (hp)
    Full variant space:         48
    After settings filtering:   48
    After built-in stripping:   24
    After scriptable stripping: 12
    Processed in 0.00 seconds
    starting compilation...
    finished in 0.00 seconds. Local cache hits 12 (0.01s CPU time), remote cache hits 0 (0.00s CPU time), compiled 0 variants (0.00s CPU time), skipped 0 variants
    Prepared data for serialisation in 0.00s
Compiling shader "Shader Graphs/Water" pass "WaterGBufferTessellation" (dp)
    Full variant space:         48
    After settings filtering:   48
    After built-in stripping:   24
    After scriptable stripping: 12
    Processed in 0.00 seconds
    starting compilation...
    finished in 0.00 seconds. Local cache hits 12 (0.01s CPU time), remote cache hits 0 (0.00s CPU time), compiled 0 variants (0.00s CPU time), skipped 0 variants
    Prepared data for serialisation in 0.00s
Compiling shader "Shader Graphs/Water" pass "LowRes" (vp)
    Full variant space:         1
    After settings filtering:   1
    After built-in stripping:   1
    After scriptable stripping: 1
    Processed in 0.00 seconds
    starting compilation...
    finished in 0.00 seconds. Local cache hits 1 (0.00s CPU time), remote cache hits 0 (0.00s CPU time), compiled 0 variants (0.00s CPU time), skipped 0 variants
    Prepared data for serialisation in 0.00s
Compiling shader "Shader Graphs/Water" pass "LowRes" (fp)
    Full variant space:         1
    After settings filtering:   1
    After built-in stripping:   1
    After scriptable stripping: 1
    Processed in 0.00 seconds
    starting compilation...
    finished in 0.00 seconds. Local cache hits 1 (0.00s CPU time), remote cache hits 0 (0.00s CPU time), compiled 0 variants (0.00s CPU time), skipped 0 variants
    Prepared data for serialisation in 0.00s
Compiling shader "Shader Graphs/Water" pass "WaterMaskTessellation" (vp)
    Full variant space:         96
    After settings filtering:   96
    After built-in stripping:   48
    After scriptable stripping: 24
    Processed in 0.00 seconds
    starting compilation...
    finished in 0.00 seconds. Local cache hits 24 (0.04s CPU time), remote cache hits 0 (0.00s CPU time), compiled 0 variants (0.00s CPU time), skipped 0 variants
    Prepared data for serialisation in 0.00s
Compiling shader "Shader Graphs/Water" pass "WaterMaskTessellation" (fp)
    Full variant space:         96
    After settings filtering:   96
    After built-in stripping:   48
    After scriptable stripping: 24
    Processed in 0.00 seconds
    starting compilation...
    finished in 0.00 seconds. Local cache hits 24 (0.04s CPU time), remote cache hits 0 (0.00s CPU time), compiled 0 variants (0.00s CPU time), skipped 0 variants
    Prepared data for serialisation in 0.00s
Compiling shader "Shader Graphs/Water" pass "WaterMaskTessellation" (hp)
    Full variant space:         96
    After settings filtering:   96
    After built-in stripping:   48
    After scriptable stripping: 24
    Processed in 0.00 seconds
    starting compilation...
    finished in 0.00 seconds. Local cache hits 24 (0.05s CPU time), remote cache hits 0 (0.00s CPU time), compiled 0 variants (0.00s CPU time), skipped 0 variants
    Prepared data for serialisation in 0.00s
Compiling shader "Shader Graphs/Water" pass "WaterMaskTessellation" (dp)
    Full variant space:         96
    After settings filtering:   96
    After built-in stripping:   48
    After scriptable stripping: 24
    Processed in 0.00 seconds
    starting compilation...
    finished in 0.00 seconds. Local cache hits 24 (0.04s CPU time), remote cache hits 0 (0.00s CPU time), compiled 0 variants (0.00s CPU time), skipped 0 variants
    Prepared data for serialisation in 0.00s
Compiling shader "Shader Graphs/Water" pass "WaterMaskLowRes" (vp)
    Full variant space:         96
    After settings filtering:   96
    After built-in stripping:   48
    After scriptable stripping: 24
    Processed in 0.00 seconds
    starting compilation...
    finished in 0.00 seconds. Local cache hits 24 (0.05s CPU time), remote cache hits 0 (0.00s CPU time), compiled 0 variants (0.00s CPU time), skipped 0 variants
    Prepared data for serialisation in 0.00s
Compiling shader "Shader Graphs/Water" pass "WaterMaskLowRes" (fp)
    Full variant space:         96
    After settings filtering:   96
    After built-in stripping:   48
    After scriptable stripping: 24
    Processed in 0.00 seconds
    starting compilation...
    finished in 0.00 seconds. Local cache hits 24 (0.06s CPU time), remote cache hits 0 (0.00s CPU time), compiled 0 variants (0.00s CPU time), skipped 0 variants
    Prepared data for serialisation in 0.00s
Serialized binary data for shader Shader Graphs/Water in 0.00s
    d3d11 (total internal programs: 218, unique: 170)
Compressed shader 'Shader Graphs/Water' on d3d11 from 2.74MB to 0.36MB
Compressed shader 'Shader Graphs/Water' in 0.10s
Compiling shader "Shader Graphs/Water Decal" pass "DeformationAndFoam" (vp)
    Full variant space:         1
    After settings filtering:   1
    After built-in stripping:   1
    After scriptable stripping: 1
    Processed in 0.00 seconds
    starting compilation...
    finished in 0.00 seconds. Local cache hits 1 (0.00s CPU time), remote cache hits 0 (0.00s CPU time), compiled 0 variants (0.00s CPU time), skipped 0 variants
    Prepared data for serialisation in 0.00s
Compiling shader "Shader Graphs/Water Decal" pass "DeformationAndFoam" (fp)
    Full variant space:         1
    After settings filtering:   1
    After built-in stripping:   1
    After scriptable stripping: 1
    Processed in 0.00 seconds
    starting compilation...
    finished in 0.00 seconds. Local cache hits 1 (0.00s CPU time), remote cache hits 0 (0.00s CPU time), compiled 0 variants (0.00s CPU time), skipped 0 variants
    Prepared data for serialisation in 0.00s
Serialized binary data for shader Shader Graphs/Water Decal in 0.00s
    d3d11 (total internal programs: 2, unique: 2)
Compiling shader "Shader Graphs/SolidColor" pass "ShadowCaster" (vp)
    Full variant space:         4
    After settings filtering:   4
    After built-in stripping:   1
    After scriptable stripping: 1
    Processed in 0.00 seconds
    starting compilation...
    finished in 0.00 seconds. Local cache hits 1 (0.00s CPU time), remote cache hits 0 (0.00s CPU time), compiled 0 variants (0.00s CPU time), skipped 0 variants
    Prepared data for serialisation in 0.00s
Compiling shader "Shader Graphs/SolidColor" pass "ShadowCaster" (fp)
    Full variant space:         4
    After settings filtering:   4
    After built-in stripping:   1
    After scriptable stripping: 1
    Processed in 0.00 seconds
    starting compilation...
    finished in 0.00 seconds. Local cache hits 1 (0.00s CPU time), remote cache hits 0 (0.00s CPU time), compiled 0 variants (0.00s CPU time), skipped 0 variants
    Prepared data for serialisation in 0.00s
Compiling shader "Shader Graphs/SolidColor" pass "MotionVectors" (vp)
    Full variant space:         4
    After settings filtering:   4
    After built-in stripping:   1
    After scriptable stripping: 1
    Processed in 0.00 seconds
    starting compilation...
    finished in 0.00 seconds. Local cache hits 1 (0.00s CPU time), remote cache hits 0 (0.00s CPU time), compiled 0 variants (0.00s CPU time), skipped 0 variants
    Prepared data for serialisation in 0.00s
Compiling shader "Shader Graphs/SolidColor" pass "MotionVectors" (fp)
    Full variant space:         8
    After settings filtering:   8
    After built-in stripping:   2
    After scriptable stripping: 1
    Processed in 0.00 seconds
    starting compilation...
    finished in 0.00 seconds. Local cache hits 1 (0.00s CPU time), remote cache hits 0 (0.00s CPU time), compiled 0 variants (0.00s CPU time), skipped 0 variants
    Prepared data for serialisation in 0.00s
Compiling shader "Shader Graphs/SolidColor" pass "DepthForwardOnly" (vp)
    Full variant space:         4
    After settings filtering:   4
    After built-in stripping:   1
    After scriptable stripping: 1
    Processed in 0.00 seconds
    starting compilation...
    finished in 0.00 seconds. Local cache hits 1 (0.00s CPU time), remote cache hits 0 (0.00s CPU time), compiled 0 variants (0.00s CPU time), skipped 0 variants
    Prepared data for serialisation in 0.00s
Compiling shader "Shader Graphs/SolidColor" pass "DepthForwardOnly" (fp)
    Full variant space:         8
    After settings filtering:   8
    After built-in stripping:   2
    After scriptable stripping: 1
    Processed in 0.00 seconds
    starting compilation...
    finished in 0.00 seconds. Local cache hits 1 (0.00s CPU time), remote cache hits 0 (0.00s CPU time), compiled 0 variants (0.00s CPU time), skipped 0 variants
    Prepared data for serialisation in 0.00s
Compiling shader "Shader Graphs/SolidColor" pass "ForwardOnly" (vp)
    Full variant space:         8
    After settings filtering:   8
    After built-in stripping:   2
    After scriptable stripping: 2
    Processed in 0.00 seconds
    starting compilation...
    finished in 0.00 seconds. Local cache hits 2 (0.00s CPU time), remote cache hits 0 (0.00s CPU time), compiled 0 variants (0.00s CPU time), skipped 0 variants
    Prepared data for serialisation in 0.00s
Compiling shader "Shader Graphs/SolidColor" pass "ForwardOnly" (fp)
    Full variant space:         8
    After settings filtering:   8
    After built-in stripping:   2
    After scriptable stripping: 2
    Processed in 0.00 seconds
    starting compilation...
    finished in 0.00 seconds. Local cache hits 2 (0.00s CPU time), remote cache hits 0 (0.00s CPU time), compiled 0 variants (0.00s CPU time), skipped 0 variants
    Prepared data for serialisation in 0.00s
Compiling shader "Shader Graphs/SolidColor" pass "FullScreenDebug" (vp)
    Full variant space:         4
    After settings filtering:   4
    After built-in stripping:   1
    After scriptable stripping: 1
    Processed in 0.00 seconds
    starting compilation...
    finished in 0.00 seconds. Local cache hits 1 (0.00s CPU time), remote cache hits 0 (0.00s CPU time), compiled 0 variants (0.00s CPU time), skipped 0 variants
    Prepared data for serialisation in 0.00s
Compiling shader "Shader Graphs/SolidColor" pass "FullScreenDebug" (fp)
    Full variant space:         4
    After settings filtering:   4
    After built-in stripping:   1
    After scriptable stripping: 1
    Processed in 0.00 seconds
    starting compilation...
    finished in 0.00 seconds. Local cache hits 1 (0.00s CPU time), remote cache hits 0 (0.00s CPU time), compiled 0 variants (0.00s CPU time), skipped 0 variants
    Prepared data for serialisation in 0.00s
Compiling shader "Shader Graphs/SolidColor" pass "IndirectDXR" (rs)
    Full variant space:         2
    After settings filtering:   2
    After built-in stripping:   2
    After scriptable stripping: 0
    Processed in 0.00 seconds
    Prepared data for serialisation in 0.00s
Compiling shader "Shader Graphs/SolidColor" pass "VisibilityDXR" (rs)
    Full variant space:         2
    After settings filtering:   2
    After built-in stripping:   2
    After scriptable stripping: 0
    Processed in 0.00 seconds
    Prepared data for serialisation in 0.00s
Compiling shader "Shader Graphs/SolidColor" pass "ForwardDXR" (rs)
    Full variant space:         2
    After settings filtering:   2
    After built-in stripping:   2
    After scriptable stripping: 0
    Processed in 0.00 seconds
    Prepared data for serialisation in 0.00s
Compiling shader "Shader Graphs/SolidColor" pass "GBufferDXR" (rs)
    Full variant space:         2
    After settings filtering:   2
    After built-in stripping:   2
    After scriptable stripping: 0
    Processed in 0.00 seconds
    Prepared data for serialisation in 0.00s
Compiling shader "Shader Graphs/SolidColor" pass "DebugDXR" (rs)
    Full variant space:         1
    After settings filtering:   1
    After built-in stripping:   1
    After scriptable stripping: 0
    Processed in 0.00 seconds
    Prepared data for serialisation in 0.00s
Compiling shader "Shader Graphs/SolidColor" pass "PathTracingDXR" (rs)
    Full variant space:         2
    After settings filtering:   2
    After built-in stripping:   2
    After scriptable stripping: 0
    Processed in 0.00 seconds
    Prepared data for serialisation in 0.00s
Serialized binary data for shader Shader Graphs/SolidColor in 0.00s
    d3d11 (total internal programs: 12, unique: 12)
Compiling shader "HDRP/DefaultFogVolume" pass "FogVolumeVoxelize" (vp)
    Full variant space:         1
    After settings filtering:   1
    After built-in stripping:   1
    After scriptable stripping: 1
    Processed in 0.00 seconds
    starting compilation...
    finished in 0.00 seconds. Local cache hits 1 (0.00s CPU time), remote cache hits 0 (0.00s CPU time), compiled 0 variants (0.00s CPU time), skipped 0 variants
    Prepared data for serialisation in 0.00s
Compiling shader "HDRP/DefaultFogVolume" pass "FogVolumeVoxelize" (fp)
    Full variant space:         2
    After settings filtering:   2
    After built-in stripping:   2
    After scriptable stripping: 2
    Processed in 0.00 seconds
    starting compilation...
    finished in 0.00 seconds. Local cache hits 2 (0.00s CPU time), remote cache hits 0 (0.00s CPU time), compiled 0 variants (0.00s CPU time), skipped 0 variants
    Prepared data for serialisation in 0.00s
Compiling shader "HDRP/DefaultFogVolume" pass "ShaderGraphPreview" (vp)
    Full variant space:         1
    After settings filtering:   1
    After built-in stripping:   1
    After scriptable stripping: 1
    Processed in 0.00 seconds
    starting compilation...
    finished in 0.00 seconds. Local cache hits 1 (0.00s CPU time), remote cache hits 0 (0.00s CPU time), compiled 0 variants (0.00s CPU time), skipped 0 variants
    Prepared data for serialisation in 0.00s
Compiling shader "HDRP/DefaultFogVolume" pass "ShaderGraphPreview" (fp)
    Full variant space:         2
    After settings filtering:   2
    After built-in stripping:   2
    After scriptable stripping: 2
    Processed in 0.00 seconds
    starting compilation...
    finished in 0.00 seconds. Local cache hits 2 (0.00s CPU time), remote cache hits 0 (0.00s CPU time), compiled 0 variants (0.00s CPU time), skipped 0 variants
    Prepared data for serialisation in 0.00s
Compiling shader "HDRP/DefaultFogVolume" pass "VolumetricFogVFXOverdrawDebug" (vp)
    Full variant space:         1
    After settings filtering:   1
    After built-in stripping:   1
    After scriptable stripping: 1
    Processed in 0.00 seconds
    starting compilation...
    finished in 0.00 seconds. Local cache hits 1 (0.00s CPU time), remote cache hits 0 (0.00s CPU time), compiled 0 variants (0.00s CPU time), skipped 0 variants
    Prepared data for serialisation in 0.00s
Compiling shader "HDRP/DefaultFogVolume" pass "VolumetricFogVFXOverdrawDebug" (fp)
    Full variant space:         2
    After settings filtering:   2
    After built-in stripping:   2
    After scriptable stripping: 2
    Processed in 0.00 seconds
    starting compilation...
    finished in 0.00 seconds. Local cache hits 2 (0.00s CPU time), remote cache hits 0 (0.00s CPU time), compiled 0 variants (0.00s CPU time), skipped 0 variants
    Prepared data for serialisation in 0.00s
Serialized binary data for shader HDRP/DefaultFogVolume in 0.00s
    d3d11 (total internal programs: 9, unique: 9)
Compiling shader "Shader Graphs/Sample Water Decal" pass "DeformationAndFoam" (vp)
    Full variant space:         1
    After settings filtering:   1
    After built-in stripping:   1
    After scriptable stripping: 1
    Processed in 0.00 seconds
    starting compilation...
    finished in 0.00 seconds. Local cache hits 1 (0.00s CPU time), remote cache hits 0 (0.00s CPU time), compiled 0 variants (0.00s CPU time), skipped 0 variants
    Prepared data for serialisation in 0.00s
Compiling shader "Shader Graphs/Sample Water Decal" pass "DeformationAndFoam" (fp)
    Full variant space:         1
    After settings filtering:   1
    After built-in stripping:   1
    After scriptable stripping: 1
    Processed in 0.00 seconds
    starting compilation...
    finished in 0.00 seconds. Local cache hits 1 (0.00s CPU time), remote cache hits 0 (0.00s CPU time), compiled 0 variants (0.00s CPU time), skipped 0 variants
    Prepared data for serialisation in 0.00s
Serialized binary data for shader Shader Graphs/Sample Water Decal in 0.00s
    d3d11 (total internal programs: 2, unique: 2)
Compiling shader "Skybox/Cubemap" pass "" (vp)
    Full variant space:         1
    After settings filtering:   1
    After built-in stripping:   1
    After scriptable stripping: 1
    Processed in 0.00 seconds
    starting compilation...
    finished in 0.00 seconds. Local cache hits 1 (0.00s CPU time), remote cache hits 0 (0.00s CPU time), compiled 0 variants (0.00s CPU time), skipped 0 variants
    Prepared data for serialisation in 0.00s
Compiling shader "Skybox/Cubemap" pass "" (fp)
    Full variant space:         1
    After settings filtering:   1
    After built-in stripping:   1
    After scriptable stripping: 1
    Processed in 0.00 seconds
    starting compilation...
    finished in 0.00 seconds. Local cache hits 1 (0.00s CPU time), remote cache hits 0 (0.00s CPU time), compiled 0 variants (0.00s CPU time), skipped 0 variants
    Prepared data for serialisation in 0.00s
Serialized binary data for shader Skybox/Cubemap in 0.00s
    d3d11 (total internal programs: 2, unique: 2)
Compiling shader "Hidden/HDRP/Sky/CloudLayer" pass "" (vp)
    Full variant space:         24
    After settings filtering:   24
    After built-in stripping:   24
    After scriptable stripping: 24
    Processed in 0.00 seconds
    starting compilation...
    finished in 0.00 seconds. Local cache hits 24 (0.04s CPU time), remote cache hits 0 (0.00s CPU time), compiled 0 variants (0.00s CPU time), skipped 0 variants
    Prepared data for serialisation in 0.00s
Compiling shader "Hidden/HDRP/Sky/CloudLayer" pass "" (fp)
    Full variant space:         24
    After settings filtering:   24
    After built-in stripping:   24
    After scriptable stripping: 24
    Processed in 0.00 seconds
    starting compilation...
    finished in 0.00 seconds. Local cache hits 24 (0.04s CPU time), remote cache hits 0 (0.00s CPU time), compiled 0 variants (0.00s CPU time), skipped 0 variants
    Prepared data for serialisation in 0.00s
Compiling shader "Hidden/HDRP/Sky/CloudLayer" pass "" (vp)
    Full variant space:         48
    After settings filtering:   48
    After built-in stripping:   48
    After scriptable stripping: 48
    Processed in 0.00 seconds
    starting compilation...
    finished in 0.00 seconds. Local cache hits 48 (0.08s CPU time), remote cache hits 0 (0.00s CPU time), compiled 0 variants (0.00s CPU time), skipped 0 variants
    Prepared data for serialisation in 0.00s
Compiling shader "Hidden/HDRP/Sky/CloudLayer" pass "" (fp)
    Full variant space:         48
    After settings filtering:   48
    After built-in stripping:   48
    After scriptable stripping: 48
    Processed in 0.00 seconds
    starting compilation...
    finished in 0.00 seconds. Local cache hits 48 (0.08s CPU time), remote cache hits 0 (0.00s CPU time), compiled 0 variants (0.00s CPU time), skipped 0 variants
    Prepared data for serialisation in 0.00s
Serialized binary data for shader Hidden/HDRP/Sky/CloudLayer in 0.00s
    d3d11 (total internal programs: 144, unique: 120)
Compressed shader 'Hidden/HDRP/Sky/CloudLayer' on d3d11 from 1.22MB to 0.10MB
Compressed shader 'Hidden/HDRP/Sky/CloudLayer' in 0.04s
Compiling shader "Hidden/PostProcessing/Debug/Waveform" pass "" (vp)
    Full variant space:         1
    After settings filtering:   1
    After built-in stripping:   1
    After scriptable stripping: 1
    Processed in 0.00 seconds
    starting compilation...
    finished in 0.00 seconds. Local cache hits 1 (0.00s CPU time), remote cache hits 0 (0.00s CPU time), compiled 0 variants (0.00s CPU time), skipped 0 variants
    Prepared data for serialisation in 0.00s
Compiling shader "Hidden/PostProcessing/Debug/Waveform" pass "" (fp)
    Full variant space:         1
    After settings filtering:   1
    After built-in stripping:   1
    After scriptable stripping: 1
    Processed in 0.00 seconds
    starting compilation...
    finished in 0.00 seconds. Local cache hits 1 (0.00s CPU time), remote cache hits 0 (0.00s CPU time), compiled 0 variants (0.00s CPU time), skipped 0 variants
    Prepared data for serialisation in 0.00s
Serialized binary data for shader Hidden/PostProcessing/Debug/Waveform in 0.00s
    d3d11 (total internal programs: 2, unique: 2)
Compiling shader "Hidden/HDRP/DLSSBiasColorMask" pass "" (vp)
    Full variant space:         1
    After settings filtering:   1
    After built-in stripping:   1
    After scriptable stripping: 1
    Processed in 0.00 seconds
    starting compilation...
    finished in 0.00 seconds. Local cache hits 1 (0.00s CPU time), remote cache hits 0 (0.00s CPU time), compiled 0 variants (0.00s CPU time), skipped 0 variants
    Prepared data for serialisation in 0.00s
Compiling shader "Hidden/HDRP/DLSSBiasColorMask" pass "" (fp)
    Full variant space:         1
    After settings filtering:   1
    After built-in stripping:   1
    After scriptable stripping: 1
    Processed in 0.00 seconds
    starting compilation...
    finished in 0.00 seconds. Local cache hits 1 (0.00s CPU time), remote cache hits 0 (0.00s CPU time), compiled 0 variants (0.00s CPU time), skipped 0 variants
    Prepared data for serialisation in 0.00s
Serialized binary data for shader Hidden/HDRP/DLSSBiasColorMask in 0.00s
    d3d11 (total internal programs: 2, unique: 2)
Compiling shader "Hidden/HDRP/WaterCaustics" pass "" (vp)
    Full variant space:         1
    After settings filtering:   1
    After built-in stripping:   1
    After scriptable stripping: 1
    Processed in 0.00 seconds
    starting compilation...
    finished in 0.00 seconds. Local cache hits 1 (0.00s CPU time), remote cache hits 0 (0.00s CPU time), compiled 0 variants (0.00s CPU time), skipped 0 variants
    Prepared data for serialisation in 0.00s
Compiling shader "Hidden/HDRP/WaterCaustics" pass "" (fp)
    Full variant space:         1
    After settings filtering:   1
    After built-in stripping:   1
    After scriptable stripping: 1
    Processed in 0.00 seconds
    starting compilation...
    finished in 0.00 seconds. Local cache hits 1 (0.00s CPU time), remote cache hits 0 (0.00s CPU time), compiled 0 variants (0.00s CPU time), skipped 0 variants
    Prepared data for serialisation in 0.00s
Serialized binary data for shader Hidden/HDRP/WaterCaustics in 0.00s
    d3d11 (total internal programs: 2, unique: 2)
Compiling shader "Hidden/HDRP/ApplyDistortion" pass "" (vp)
    Full variant space:         1
    After settings filtering:   1
    After built-in stripping:   1
    After scriptable stripping: 1
    Processed in 0.00 seconds
    starting compilation...
    finished in 0.00 seconds. Local cache hits 1 (0.00s CPU time), remote cache hits 0 (0.00s CPU time), compiled 0 variants (0.00s CPU time), skipped 0 variants
    Prepared data for serialisation in 0.00s
Compiling shader "Hidden/HDRP/ApplyDistortion" pass "" (fp)
    Full variant space:         1
    After settings filtering:   1
    After built-in stripping:   1
    After scriptable stripping: 1
    Processed in 0.00 seconds
    starting compilation...
    finished in 0.00 seconds. Local cache hits 1 (0.00s CPU time), remote cache hits 0 (0.00s CPU time), compiled 0 variants (0.00s CPU time), skipped 0 variants
    Prepared data for serialisation in 0.00s
Serialized binary data for shader Hidden/HDRP/ApplyDistortion in 0.00s
    d3d11 (total internal programs: 2, unique: 2)
Compiling shader "Hidden/HDRP/CameraMotionVectors" pass "" (vp)
    Full variant space:         1
    After settings filtering:   1
    After built-in stripping:   1
    After scriptable stripping: 1
    Processed in 0.00 seconds
    starting compilation...
    finished in 0.00 seconds. Local cache hits 1 (0.00s CPU time), remote cache hits 0 (0.00s CPU time), compiled 0 variants (0.00s CPU time), skipped 0 variants
    Prepared data for serialisation in 0.00s
Compiling shader "Hidden/HDRP/CameraMotionVectors" pass "" (fp)
    Full variant space:         1
    After settings filtering:   1
    After built-in stripping:   1
    After scriptable stripping: 1
    Processed in 0.00 seconds
    starting compilation...
    finished in 0.00 seconds. Local cache hits 1 (0.00s CPU time), remote cache hits 0 (0.00s CPU time), compiled 0 variants (0.00s CPU time), skipped 0 variants
    Prepared data for serialisation in 0.00s
Serialized binary data for shader Hidden/HDRP/CameraMotionVectors in 0.00s
    d3d11 (total internal programs: 2, unique: 2)
Compiling shader "Hidden/HDRP/CompositeUI" pass "" (vp)
    Full variant space:         2
    After settings filtering:   2
    After built-in stripping:   2
    After scriptable stripping: 2
    Processed in 0.00 seconds
    starting compilation...
    finished in 0.00 seconds. Local cache hits 2 (0.00s CPU time), remote cache hits 0 (0.00s CPU time), compiled 0 variants (0.00s CPU time), skipped 0 variants
    Prepared data for serialisation in 0.00s
Compiling shader "Hidden/HDRP/CompositeUI" pass "" (fp)
    Full variant space:         8
    After settings filtering:   8
    After built-in stripping:   8
    After scriptable stripping: 8
    Processed in 0.00 seconds
    starting compilation...
    finished in 0.00 seconds. Local cache hits 8 (0.01s CPU time), remote cache hits 0 (0.00s CPU time), compiled 0 variants (0.00s CPU time), skipped 0 variants
    Prepared data for serialisation in 0.00s
Serialized binary data for shader Hidden/HDRP/CompositeUI in 0.00s
    d3d11 (total internal programs: 10, unique: 10)
Compiling shader "Hidden/VoxelizeShader" pass "" (vp)
    Full variant space:         1
    After settings filtering:   1
    After built-in stripping:   1
    After scriptable stripping: 1
    Processed in 0.00 seconds
    starting compilation...
    finished in 0.00 seconds. Local cache hits 1 (0.00s CPU time), remote cache hits 0 (0.00s CPU time), compiled 0 variants (0.00s CPU time), skipped 0 variants
    Prepared data for serialisation in 0.00s
Compiling shader "Hidden/VoxelizeShader" pass "" (fp)
    Full variant space:         1
    After settings filtering:   1
    After built-in stripping:   1
    After scriptable stripping: 1
    Processed in 0.00 seconds
    starting compilation...
    finished in 0.00 seconds. Local cache hits 1 (0.00s CPU time), remote cache hits 0 (0.00s CPU time), compiled 0 variants (0.00s CPU time), skipped 0 variants
    Prepared data for serialisation in 0.00s
Compiling shader "Hidden/VoxelizeShader" pass "" (vp)
    Full variant space:         1
    After settings filtering:   1
    After built-in stripping:   1
    After scriptable stripping: 1
    Processed in 0.00 seconds
    starting compilation...
    finished in 0.00 seconds. Local cache hits 1 (0.00s CPU time), remote cache hits 0 (0.00s CPU time), compiled 0 variants (0.00s CPU time), skipped 0 variants
    Prepared data for serialisation in 0.00s
Compiling shader "Hidden/VoxelizeShader" pass "" (fp)
    Full variant space:         1
    After settings filtering:   1
    After built-in stripping:   1
    After scriptable stripping: 1
    Processed in 0.00 seconds
    starting compilation...
    finished in 0.00 seconds. Local cache hits 1 (0.00s CPU time), remote cache hits 0 (0.00s CPU time), compiled 0 variants (0.00s CPU time), skipped 0 variants
    Prepared data for serialisation in 0.00s
Serialized binary data for shader Hidden/VoxelizeShader in 0.00s
    d3d11 (total internal programs: 4, unique: 3)
Compiling shader "Hidden/HDRP/DebugExposure" pass "" (vp)
    Full variant space:         1
    After settings filtering:   1
    After built-in stripping:   1
    After scriptable stripping: 1
    Processed in 0.00 seconds
    starting compilation...
    finished in 0.00 seconds. Local cache hits 1 (0.00s CPU time), remote cache hits 0 (0.00s CPU time), compiled 0 variants (0.00s CPU time), skipped 0 variants
    Prepared data for serialisation in 0.00s
Compiling shader "Hidden/HDRP/DebugExposure" pass "" (fp)
    Full variant space:         1
    After settings filtering:   1
    After built-in stripping:   1
    After scriptable stripping: 1
    Processed in 0.00 seconds
    starting compilation...
    finished in 0.00 seconds. Local cache hits 1 (0.00s CPU time), remote cache hits 0 (0.00s CPU time), compiled 0 variants (0.00s CPU time), skipped 0 variants
    Prepared data for serialisation in 0.00s
Compiling shader "Hidden/HDRP/DebugExposure" pass "" (vp)
    Full variant space:         1
    After settings filtering:   1
    After built-in stripping:   1
    After scriptable stripping: 1
    Processed in 0.00 seconds
    starting compilation...
    finished in 0.00 seconds. Local cache hits 1 (0.00s CPU time), remote cache hits 0 (0.00s CPU time), compiled 0 variants (0.00s CPU time), skipped 0 variants
    Prepared data for serialisation in 0.00s
Compiling shader "Hidden/HDRP/DebugExposure" pass "" (fp)
    Full variant space:         1
    After settings filtering:   1
    After built-in stripping:   1
    After scriptable stripping: 1
    Processed in 0.00 seconds
    starting compilation...
    finished in 0.00 seconds. Local cache hits 1 (0.00s CPU time), remote cache hits 0 (0.00s CPU time), compiled 0 variants (0.00s CPU time), skipped 0 variants
    Prepared data for serialisation in 0.00s
Compiling shader "Hidden/HDRP/DebugExposure" pass "" (vp)
    Full variant space:         1
    After settings filtering:   1
    After built-in stripping:   1
    After scriptable stripping: 1
    Processed in 0.00 seconds
    starting compilation...
    finished in 0.00 seconds. Local cache hits 1 (0.00s CPU time), remote cache hits 0 (0.00s CPU time), compiled 0 variants (0.00s CPU time), skipped 0 variants
    Prepared data for serialisation in 0.00s
Compiling shader "Hidden/HDRP/DebugExposure" pass "" (fp)
    Full variant space:         1
    After settings filtering:   1
    After built-in stripping:   1
    After scriptable stripping: 1
    Processed in 0.00 seconds
    starting compilation...
    finished in 0.00 seconds. Local cache hits 1 (0.00s CPU time), remote cache hits 0 (0.00s CPU time), compiled 0 variants (0.00s CPU time), skipped 0 variants
    Prepared data for serialisation in 0.00s
Compiling shader "Hidden/HDRP/DebugExposure" pass "" (vp)
    Full variant space:         1
    After settings filtering:   1
    After built-in stripping:   1
    After scriptable stripping: 1
    Processed in 0.00 seconds
    starting compilation...
    finished in 0.00 seconds. Local cache hits 1 (0.00s CPU time), remote cache hits 0 (0.00s CPU time), compiled 0 variants (0.00s CPU time), skipped 0 variants
    Prepared data for serialisation in 0.00s
Compiling shader "Hidden/HDRP/DebugExposure" pass "" (fp)
    Full variant space:         1
    After settings filtering:   1
    After built-in stripping:   1
    After scriptable stripping: 1
    Processed in 0.00 seconds
    starting compilation...
    finished in 0.00 seconds. Local cache hits 1 (0.00s CPU time), remote cache hits 0 (0.00s CPU time), compiled 0 variants (0.00s CPU time), skipped 0 variants
    Prepared data for serialisation in 0.00s
Serialized binary data for shader Hidden/HDRP/DebugExposure in 0.00s
    d3d11 (total internal programs: 8, unique: 5)
Compiling shader "Hidden/HDRP/GGXConvolve" pass "" (vp)
    Full variant space:         1
    After settings filtering:   1
    After built-in stripping:   1
    After scriptable stripping: 1
    Processed in 0.00 seconds
    starting compilation...
    finished in 0.00 seconds. Local cache hits 1 (0.00s CPU time), remote cache hits 0 (0.00s CPU time), compiled 0 variants (0.00s CPU time), skipped 0 variants
    Prepared data for serialisation in 0.00s
Compiling shader "Hidden/HDRP/GGXConvolve" pass "" (fp)
    Full variant space:         2
    After settings filtering:   2
    After built-in stripping:   2
    After scriptable stripping: 2
    Processed in 0.00 seconds
    starting compilation...
    finished in 0.00 seconds. Local cache hits 2 (0.00s CPU time), remote cache hits 0 (0.00s CPU time), compiled 0 variants (0.00s CPU time), skipped 0 variants
    Prepared data for serialisation in 0.00s
Serialized binary data for shader Hidden/HDRP/GGXConvolve in 0.00s
    d3d11 (total internal programs: 3, unique: 3)
Compiling shader "Hidden/HDRP/preIntegratedFGD_GGXDisneyDiffuse" pass "" (vp)
    Full variant space:         1
    After settings filtering:   1
    After built-in stripping:   1
    After scriptable stripping: 1
    Processed in 0.00 seconds
    starting compilation...
    finished in 0.00 seconds. Local cache hits 1 (0.00s CPU time), remote cache hits 0 (0.00s CPU time), compiled 0 variants (0.00s CPU time), skipped 0 variants
    Prepared data for serialisation in 0.00s
Compiling shader "Hidden/HDRP/preIntegratedFGD_GGXDisneyDiffuse" pass "" (fp)
    Full variant space:         1
    After settings filtering:   1
    After built-in stripping:   1
    After scriptable stripping: 1
    Processed in 0.00 seconds
    starting compilation...
    finished in 0.00 seconds. Local cache hits 1 (0.00s CPU time), remote cache hits 0 (0.00s CPU time), compiled 0 variants (0.00s CPU time), skipped 0 variants
    Prepared data for serialisation in 0.00s
Serialized binary data for shader Hidden/HDRP/preIntegratedFGD_GGXDisneyDiffuse in 0.00s
    d3d11 (total internal programs: 2, unique: 2)
Compiling shader "Hidden/CoreSRP/CoreCopy" pass "Copy" (vp)
    Full variant space:         1
    After settings filtering:   1
    After built-in stripping:   1
    After scriptable stripping: 1
    Processed in 0.00 seconds
    starting compilation...
    finished in 0.00 seconds. Local cache hits 1 (0.00s CPU time), remote cache hits 0 (0.00s CPU time), compiled 0 variants (0.00s CPU time), skipped 0 variants
    Prepared data for serialisation in 0.00s
Compiling shader "Hidden/CoreSRP/CoreCopy" pass "Copy" (fp)
    Full variant space:         1
    After settings filtering:   1
    After built-in stripping:   1
    After scriptable stripping: 1
    Processed in 0.00 seconds
    starting compilation...
    finished in 0.00 seconds. Local cache hits 1 (0.00s CPU time), remote cache hits 0 (0.00s CPU time), compiled 0 variants (0.00s CPU time), skipped 0 variants
    Prepared data for serialisation in 0.00s
Compiling shader "Hidden/CoreSRP/CoreCopy" pass "CopyMS" (vp)
    Full variant space:         1
    After settings filtering:   1
    After built-in stripping:   1
    After scriptable stripping: 1
    Processed in 0.00 seconds
    starting compilation...
    finished in 0.00 seconds. Local cache hits 1 (0.00s CPU time), remote cache hits 0 (0.00s CPU time), compiled 0 variants (0.00s CPU time), skipped 0 variants
    Prepared data for serialisation in 0.00s
Compiling shader "Hidden/CoreSRP/CoreCopy" pass "CopyMS" (fp)
    Full variant space:         1
    After settings filtering:   1
    After built-in stripping:   1
    After scriptable stripping: 1
    Processed in 0.00 seconds
    starting compilation...
    finished in 0.00 seconds. Local cache hits 1 (0.00s CPU time), remote cache hits 0 (0.00s CPU time), compiled 0 variants (0.00s CPU time), skipped 0 variants
    Prepared data for serialisation in 0.00s
Serialized binary data for shader Hidden/CoreSRP/CoreCopy in 0.00s
    d3d11 (total internal programs: 4, unique: 4)
Compiling shader "Hidden/HDRP/VolumetricCloudsCombine" pass "" (vp)
    Full variant space:         1
    After settings filtering:   1
    After built-in stripping:   1
    After scriptable stripping: 1
    Processed in 0.00 seconds
    starting compilation...
    finished in 0.00 seconds. Local cache hits 1 (0.00s CPU time), remote cache hits 0 (0.00s CPU time), compiled 0 variants (0.00s CPU time), skipped 0 variants
    Prepared data for serialisation in 0.00s
Compiling shader "Hidden/HDRP/VolumetricCloudsCombine" pass "" (fp)
    Full variant space:         2
    After settings filtering:   2
    After built-in stripping:   2
    After scriptable stripping: 2
    Processed in 0.00 seconds
    starting compilation...
    finished in 0.00 seconds. Local cache hits 2 (0.00s CPU time), remote cache hits 0 (0.00s CPU time), compiled 0 variants (0.00s CPU time), skipped 0 variants
    Prepared data for serialisation in 0.00s
Compiling shader "Hidden/HDRP/VolumetricCloudsCombine" pass "" (vp)
    Full variant space:         1
    After settings filtering:   1
    After built-in stripping:   1
    After scriptable stripping: 1
    Processed in 0.00 seconds
    starting compilation...
    finished in 0.00 seconds. Local cache hits 1 (0.00s CPU time), remote cache hits 0 (0.00s CPU time), compiled 0 variants (0.00s CPU time), skipped 0 variants
    Prepared data for serialisation in 0.00s
Compiling shader "Hidden/HDRP/VolumetricCloudsCombine" pass "" (fp)
    Full variant space:         1
    After settings filtering:   1
    After built-in stripping:   1
    After scriptable stripping: 1
    Processed in 0.00 seconds
    starting compilation...
    finished in 0.00 seconds. Local cache hits 1 (0.00s CPU time), remote cache hits 0 (0.00s CPU time), compiled 0 variants (0.00s CPU time), skipped 0 variants
    Prepared data for serialisation in 0.00s
Compiling shader "Hidden/HDRP/VolumetricCloudsCombine" pass "" (vp)
    Full variant space:         1
    After settings filtering:   1
    After built-in stripping:   1
    After scriptable stripping: 1
    Processed in 0.00 seconds
    starting compilation...
    finished in 0.00 seconds. Local cache hits 1 (0.00s CPU time), remote cache hits 0 (0.00s CPU time), compiled 0 variants (0.00s CPU time), skipped 0 variants
    Prepared data for serialisation in 0.00s
Compiling shader "Hidden/HDRP/VolumetricCloudsCombine" pass "" (fp)
    Full variant space:         1
    After settings filtering:   1
    After built-in stripping:   1
    After scriptable stripping: 1
    Processed in 0.00 seconds
    starting compilation...
    finished in 0.00 seconds. Local cache hits 1 (0.00s CPU time), remote cache hits 0 (0.00s CPU time), compiled 0 variants (0.00s CPU time), skipped 0 variants
    Prepared data for serialisation in 0.00s
Compiling shader "Hidden/HDRP/VolumetricCloudsCombine" pass "" (vp)
    Full variant space:         1
    After settings filtering:   1
    After built-in stripping:   1
    After scriptable stripping: 1
    Processed in 0.00 seconds
    starting compilation...
    finished in 0.00 seconds. Local cache hits 1 (0.00s CPU time), remote cache hits 0 (0.00s CPU time), compiled 0 variants (0.00s CPU time), skipped 0 variants
    Prepared data for serialisation in 0.00s
Compiling shader "Hidden/HDRP/VolumetricCloudsCombine" pass "" (fp)
    Full variant space:         1
    After settings filtering:   1
    After built-in stripping:   1
    After scriptable stripping: 1
    Processed in 0.00 seconds
    starting compilation...
    finished in 0.00 seconds. Local cache hits 1 (0.00s CPU time), remote cache hits 0 (0.00s CPU time), compiled 0 variants (0.00s CPU time), skipped 0 variants
    Prepared data for serialisation in 0.00s
Compiling shader "Hidden/HDRP/VolumetricCloudsCombine" pass "" (vp)
    Full variant space:         1
    After settings filtering:   1
    After built-in stripping:   1
    After scriptable stripping: 1
    Processed in 0.00 seconds
    starting compilation...
    finished in 0.00 seconds. Local cache hits 1 (0.00s CPU time), remote cache hits 0 (0.00s CPU time), compiled 0 variants (0.00s CPU time), skipped 0 variants
    Prepared data for serialisation in 0.00s
Compiling shader "Hidden/HDRP/VolumetricCloudsCombine" pass "" (fp)
    Full variant space:         1
    After settings filtering:   1
    After built-in stripping:   1
    After scriptable stripping: 1
    Processed in 0.00 seconds
    starting compilation...
    finished in 0.00 seconds. Local cache hits 1 (0.00s CPU time), remote cache hits 0 (0.00s CPU time), compiled 0 variants (0.00s CPU time), skipped 0 variants
    Prepared data for serialisation in 0.00s
Compiling shader "Hidden/HDRP/VolumetricCloudsCombine" pass "" (vp)
    Full variant space:         1
    After settings filtering:   1
    After built-in stripping:   1
    After scriptable stripping: 1
    Processed in 0.00 seconds
    starting compilation...
    finished in 0.00 seconds. Local cache hits 1 (0.00s CPU time), remote cache hits 0 (0.00s CPU time), compiled 0 variants (0.00s CPU time), skipped 0 variants
    Prepared data for serialisation in 0.00s
Compiling shader "Hidden/HDRP/VolumetricCloudsCombine" pass "" (fp)
    Full variant space:         1
    After settings filtering:   1
    After built-in stripping:   1
    After scriptable stripping: 1
    Processed in 0.00 seconds
    starting compilation...
    finished in 0.00 seconds. Local cache hits 1 (0.00s CPU time), remote cache hits 0 (0.00s CPU time), compiled 0 variants (0.00s CPU time), skipped 0 variants
    Prepared data for serialisation in 0.00s
Compiling shader "Hidden/HDRP/VolumetricCloudsCombine" pass "" (vp)
    Full variant space:         1
    After settings filtering:   1
    After built-in stripping:   1
    After scriptable stripping: 1
    Processed in 0.00 seconds
    starting compilation...
    finished in 0.00 seconds. Local cache hits 1 (0.00s CPU time), remote cache hits 0 (0.00s CPU time), compiled 0 variants (0.00s CPU time), skipped 0 variants
    Prepared data for serialisation in 0.00s
Compiling shader "Hidden/HDRP/VolumetricCloudsCombine" pass "" (fp)
    Full variant space:         1
    After settings filtering:   1
    After built-in stripping:   1
    After scriptable stripping: 1
    Processed in 0.00 seconds
    starting compilation...
    finished in 0.00 seconds. Local cache hits 1 (0.00s CPU time), remote cache hits 0 (0.00s CPU time), compiled 0 variants (0.00s CPU time), skipped 0 variants
    Prepared data for serialisation in 0.00s
Compiling shader "Hidden/HDRP/VolumetricCloudsCombine" pass "" (vp)
    Full variant space:         1
    After settings filtering:   1
    After built-in stripping:   1
    After scriptable stripping: 1
    Processed in 0.00 seconds
    starting compilation...
    finished in 0.00 seconds. Local cache hits 1 (0.00s CPU time), remote cache hits 0 (0.00s CPU time), compiled 0 variants (0.00s CPU time), skipped 0 variants
    Prepared data for serialisation in 0.00s
Compiling shader "Hidden/HDRP/VolumetricCloudsCombine" pass "" (fp)
    Full variant space:         2
    After settings filtering:   2
    After built-in stripping:   2
    After scriptable stripping: 2
    Processed in 0.00 seconds
    starting compilation...
    finished in 0.00 seconds. Local cache hits 2 (0.00s CPU time), remote cache hits 0 (0.00s CPU time), compiled 0 variants (0.00s CPU time), skipped 0 variants
    Prepared data for serialisation in 0.00s
Serialized binary data for shader Hidden/HDRP/VolumetricCloudsCombine in 0.00s
    d3d11 (total internal programs: 18, unique: 11)
Compiling shader "Hidden/HDRP/UpsampleTransparent" pass "" (vp)
    Full variant space:         1
    After settings filtering:   1
    After built-in stripping:   1
    After scriptable stripping: 1
    Processed in 0.00 seconds
    starting compilation...
    finished in 0.00 seconds. Local cache hits 1 (0.00s CPU time), remote cache hits 0 (0.00s CPU time), compiled 0 variants (0.00s CPU time), skipped 0 variants
    Prepared data for serialisation in 0.00s
Compiling shader "Hidden/HDRP/UpsampleTransparent" pass "" (fp)
    Full variant space:         1
    After settings filtering:   1
    After built-in stripping:   1
    After scriptable stripping: 1
    Processed in 0.00 seconds
    starting compilation...
    finished in 0.00 seconds. Local cache hits 1 (0.00s CPU time), remote cache hits 0 (0.00s CPU time), compiled 0 variants (0.00s CPU time), skipped 0 variants
    Prepared data for serialisation in 0.00s
Compiling shader "Hidden/HDRP/UpsampleTransparent" pass "" (vp)
    Full variant space:         1
    After settings filtering:   1
    After built-in stripping:   1
    After scriptable stripping: 1
    Processed in 0.00 seconds
    starting compilation...
    finished in 0.00 seconds. Local cache hits 1 (0.00s CPU time), remote cache hits 0 (0.00s CPU time), compiled 0 variants (0.00s CPU time), skipped 0 variants
    Prepared data for serialisation in 0.00s
Compiling shader "Hidden/HDRP/UpsampleTransparent" pass "" (fp)
    Full variant space:         2
    After settings filtering:   2
    After built-in stripping:   2
    After scriptable stripping: 2
    Processed in 0.00 seconds
    starting compilation...
    finished in 0.00 seconds. Local cache hits 2 (0.00s CPU time), remote cache hits 0 (0.00s CPU time), compiled 0 variants (0.00s CPU time), skipped 0 variants
    Prepared data for serialisation in 0.00s
Compiling shader "Hidden/HDRP/UpsampleTransparent" pass "" (vp)
    Full variant space:         1
    After settings filtering:   1
    After built-in stripping:   1
    After scriptable stripping: 1
    Processed in 0.00 seconds
    starting compilation...
    finished in 0.00 seconds. Local cache hits 1 (0.00s CPU time), remote cache hits 0 (0.00s CPU time), compiled 0 variants (0.00s CPU time), skipped 0 variants
    Prepared data for serialisation in 0.00s
Compiling shader "Hidden/HDRP/UpsampleTransparent" pass "" (fp)
    Full variant space:         2
    After settings filtering:   2
    After built-in stripping:   2
    After scriptable stripping: 2
    Processed in 0.00 seconds
    starting compilation...
    finished in 0.00 seconds. Local cache hits 2 (0.00s CPU time), remote cache hits 0 (0.00s CPU time), compiled 0 variants (0.00s CPU time), skipped 0 variants
    Prepared data for serialisation in 0.00s
Serialized binary data for shader Hidden/HDRP/UpsampleTransparent in 0.00s
    d3d11 (total internal programs: 8, unique: 6)
Compiling shader "Hidden/HDRP/Sky/GradientSky" pass "" (vp)
    Full variant space:         1
    After settings filtering:   1
    After built-in stripping:   1
    After scriptable stripping: 1
    Processed in 0.00 seconds
    starting compilation...
    finished in 0.00 seconds. Local cache hits 1 (0.00s CPU time), remote cache hits 0 (0.00s CPU time), compiled 0 variants (0.00s CPU time), skipped 0 variants
    Prepared data for serialisation in 0.00s
Compiling shader "Hidden/HDRP/Sky/GradientSky" pass "" (fp)
    Full variant space:         1
    After settings filtering:   1
    After built-in stripping:   1
    After scriptable stripping: 1
    Processed in 0.00 seconds
    starting compilation...
    finished in 0.00 seconds. Local cache hits 1 (0.00s CPU time), remote cache hits 0 (0.00s CPU time), compiled 0 variants (0.00s CPU time), skipped 0 variants
    Prepared data for serialisation in 0.00s
Compiling shader "Hidden/HDRP/Sky/GradientSky" pass "" (vp)
    Full variant space:         1
    After settings filtering:   1
    After built-in stripping:   1
    After scriptable stripping: 1
    Processed in 0.00 seconds
    starting compilation...
    finished in 0.00 seconds. Local cache hits 1 (0.00s CPU time), remote cache hits 0 (0.00s CPU time), compiled 0 variants (0.00s CPU time), skipped 0 variants
    Prepared data for serialisation in 0.00s
Compiling shader "Hidden/HDRP/Sky/GradientSky" pass "" (fp)
    Full variant space:         1
    After settings filtering:   1
    After built-in stripping:   1
    After scriptable stripping: 1
    Processed in 0.00 seconds
    starting compilation...
    finished in 0.00 seconds. Local cache hits 1 (0.00s CPU time), remote cache hits 0 (0.00s CPU time), compiled 0 variants (0.00s CPU time), skipped 0 variants
    Prepared data for serialisation in 0.00s
Serialized binary data for shader Hidden/HDRP/Sky/GradientSky in 0.00s
    d3d11 (total internal programs: 4, unique: 3)
Compiling shader "Hidden/HDRP/CombineLighting" pass "" (vp)
    Full variant space:         1
    After settings filtering:   1
    After built-in stripping:   1
    After scriptable stripping: 1
    Processed in 0.00 seconds
    starting compilation...
    finished in 0.00 seconds. Local cache hits 1 (0.00s CPU time), remote cache hits 0 (0.00s CPU time), compiled 0 variants (0.00s CPU time), skipped 0 variants
    Prepared data for serialisation in 0.00s
Compiling shader "Hidden/HDRP/CombineLighting" pass "" (fp)
    Full variant space:         1
    After settings filtering:   1
    After built-in stripping:   1
    After scriptable stripping: 1
    Processed in 0.00 seconds
    starting compilation...
    finished in 0.00 seconds. Local cache hits 1 (0.00s CPU time), remote cache hits 0 (0.00s CPU time), compiled 0 variants (0.00s CPU time), skipped 0 variants
    Prepared data for serialisation in 0.00s
Compiling shader "Hidden/HDRP/CombineLighting" pass "" (vp)
    Full variant space:         1
    After settings filtering:   1
    After built-in stripping:   1
    After scriptable stripping: 1
    Processed in 0.00 seconds
    starting compilation...
    finished in 0.00 seconds. Local cache hits 1 (0.00s CPU time), remote cache hits 0 (0.00s CPU time), compiled 0 variants (0.00s CPU time), skipped 0 variants
    Prepared data for serialisation in 0.00s
Compiling shader "Hidden/HDRP/CombineLighting" pass "" (fp)
    Full variant space:         1
    After settings filtering:   1
    After built-in stripping:   1
    After scriptable stripping: 1
    Processed in 0.00 seconds
    starting compilation...
    finished in 0.00 seconds. Local cache hits 1 (0.00s CPU time), remote cache hits 0 (0.00s CPU time), compiled 0 variants (0.00s CPU time), skipped 0 variants
    Prepared data for serialisation in 0.00s
Serialized binary data for shader Hidden/HDRP/CombineLighting in 0.00s
    d3d11 (total internal programs: 4, unique: 3)
Compiling shader "Hidden/ColorPyramidPS" pass "" (vp)
    Full variant space:         1
    After settings filtering:   1
    After built-in stripping:   1
    After scriptable stripping: 1
    Processed in 0.00 seconds
    starting compilation...
    finished in 0.00 seconds. Local cache hits 1 (0.00s CPU time), remote cache hits 0 (0.00s CPU time), compiled 0 variants (0.00s CPU time), skipped 0 variants
    Prepared data for serialisation in 0.00s
Compiling shader "Hidden/ColorPyramidPS" pass "" (fp)
    Full variant space:         1
    After settings filtering:   1
    After built-in stripping:   1
    After scriptable stripping: 1
    Processed in 0.00 seconds
    starting compilation...
    finished in 0.00 seconds. Local cache hits 1 (0.00s CPU time), remote cache hits 0 (0.00s CPU time), compiled 0 variants (0.00s CPU time), skipped 0 variants
    Prepared data for serialisation in 0.00s
Compiling shader "Hidden/ColorPyramidPS" pass "" (vp)
    Full variant space:         1
    After settings filtering:   1
    After built-in stripping:   1
    After scriptable stripping: 1
    Processed in 0.00 seconds
    starting compilation...
    finished in 0.00 seconds. Local cache hits 1 (0.00s CPU time), remote cache hits 0 (0.00s CPU time), compiled 0 variants (0.00s CPU time), skipped 0 variants
    Prepared data for serialisation in 0.00s
Compiling shader "Hidden/ColorPyramidPS" pass "" (fp)
    Full variant space:         1
    After settings filtering:   1
    After built-in stripping:   1
    After scriptable stripping: 1
    Processed in 0.00 seconds
    starting compilation...
    finished in 0.00 seconds. Local cache hits 1 (0.00s CPU time), remote cache hits 0 (0.00s CPU time), compiled 0 variants (0.00s CPU time), skipped 0 variants
    Prepared data for serialisation in 0.00s
Serialized binary data for shader Hidden/ColorPyramidPS in 0.00s
    d3d11 (total internal programs: 4, unique: 3)
Compiling shader "Hidden/HDRP/PreIntegratedFGD_Marschner" pass "" (vp)
    Full variant space:         1
    After settings filtering:   1
    After built-in stripping:   1
    After scriptable stripping: 1
    Processed in 0.00 seconds
    starting compilation...
    finished in 0.00 seconds. Local cache hits 1 (0.00s CPU time), remote cache hits 0 (0.00s CPU time), compiled 0 variants (0.00s CPU time), skipped 0 variants
    Prepared data for serialisation in 0.00s
Compiling shader "Hidden/HDRP/PreIntegratedFGD_Marschner" pass "" (fp)
    Full variant space:         1
    After settings filtering:   1
    After built-in stripping:   1
    After scriptable stripping: 1
    Processed in 0.00 seconds
    starting compilation...
    finished in 0.00 seconds. Local cache hits 1 (0.00s CPU time), remote cache hits 0 (0.00s CPU time), compiled 0 variants (0.00s CPU time), skipped 0 variants
    Prepared data for serialisation in 0.00s
Serialized binary data for shader Hidden/HDRP/PreIntegratedFGD_Marschner in 0.00s
    d3d11 (total internal programs: 2, unique: 2)
Compiling shader "Hidden/HDRP/OpaqueAtmosphericScattering" pass "Default" (vp)
    Full variant space:         1
    After settings filtering:   1
    After built-in stripping:   1
    After scriptable stripping: 1
    Processed in 0.00 seconds
    starting compilation...
    finished in 0.00 seconds. Local cache hits 1 (0.00s CPU time), remote cache hits 0 (0.00s CPU time), compiled 0 variants (0.00s CPU time), skipped 0 variants
    Prepared data for serialisation in 0.00s
Compiling shader "Hidden/HDRP/OpaqueAtmosphericScattering" pass "Default" (fp)
    Full variant space:         4
    After settings filtering:   4
    After built-in stripping:   4
    After scriptable stripping: 4
    Processed in 0.00 seconds
    starting compilation...
    finished in 0.00 seconds. Local cache hits 4 (0.00s CPU time), remote cache hits 0 (0.00s CPU time), compiled 0 variants (0.00s CPU time), skipped 0 variants
    Prepared data for serialisation in 0.00s
Compiling shader "Hidden/HDRP/OpaqueAtmosphericScattering" pass "MSAA" (vp)
    Full variant space:         1
    After settings filtering:   1
    After built-in stripping:   1
    After scriptable stripping: 1
    Processed in 0.00 seconds
    starting compilation...
    finished in 0.00 seconds. Local cache hits 1 (0.00s CPU time), remote cache hits 0 (0.00s CPU time), compiled 0 variants (0.00s CPU time), skipped 0 variants
    Prepared data for serialisation in 0.00s
Compiling shader "Hidden/HDRP/OpaqueAtmosphericScattering" pass "MSAA" (fp)
    Full variant space:         4
    After settings filtering:   4
    After built-in stripping:   4
    After scriptable stripping: 4
    Processed in 0.00 seconds
    starting compilation...
    finished in 0.00 seconds. Local cache hits 4 (0.00s CPU time), remote cache hits 0 (0.00s CPU time), compiled 0 variants (0.00s CPU time), skipped 0 variants
    Prepared data for serialisation in 0.00s
Compiling shader "Hidden/HDRP/OpaqueAtmosphericScattering" pass "Polychromatic Alpha" (vp)
    Full variant space:         1
    After settings filtering:   1
    After built-in stripping:   1
    After scriptable stripping: 1
    Processed in 0.00 seconds
    starting compilation...
    finished in 0.00 seconds. Local cache hits 1 (0.00s CPU time), remote cache hits 0 (0.00s CPU time), compiled 0 variants (0.00s CPU time), skipped 0 variants
    Prepared data for serialisation in 0.00s
Compiling shader "Hidden/HDRP/OpaqueAtmosphericScattering" pass "Polychromatic Alpha" (fp)
    Full variant space:         16
    After settings filtering:   16
    After built-in stripping:   16
    After scriptable stripping: 16
    Processed in 0.00 seconds
    starting compilation...
    finished in 0.00 seconds. Local cache hits 16 (0.02s CPU time), remote cache hits 0 (0.00s CPU time), compiled 0 variants (0.00s CPU time), skipped 0 variants
    Prepared data for serialisation in 0.00s
Compiling shader "Hidden/HDRP/OpaqueAtmosphericScattering" pass "MSAA + Polychromatic Alpha" (vp)
    Full variant space:         1
    After settings filtering:   1
    After built-in stripping:   1
    After scriptable stripping: 1
    Processed in 0.00 seconds
    starting compilation...
    finished in 0.00 seconds. Local cache hits 1 (0.00s CPU time), remote cache hits 0 (0.00s CPU time), compiled 0 variants (0.00s CPU time), skipped 0 variants
    Prepared data for serialisation in 0.00s
Compiling shader "Hidden/HDRP/OpaqueAtmosphericScattering" pass "MSAA + Polychromatic Alpha" (fp)
    Full variant space:         16
    After settings filtering:   16
    After built-in stripping:   16
    After scriptable stripping: 16
    Processed in 0.00 seconds
    starting compilation...
    finished in 0.00 seconds. Local cache hits 16 (0.02s CPU time), remote cache hits 0 (0.00s CPU time), compiled 0 variants (0.00s CPU time), skipped 0 variants
    Prepared data for serialisation in 0.00s
Serialized binary data for shader Hidden/HDRP/OpaqueAtmosphericScattering in 0.00s
    d3d11 (total internal programs: 44, unique: 41)
Compiling shader "Hidden/HDRP/ClearBlack" pass "" (vp)
    Full variant space:         1
    After settings filtering:   1
    After built-in stripping:   1
    After scriptable stripping: 1
    Processed in 0.00 seconds
    starting compilation...
    finished in 0.00 seconds. Local cache hits 1 (0.00s CPU time), remote cache hits 0 (0.00s CPU time), compiled 0 variants (0.00s CPU time), skipped 0 variants
    Prepared data for serialisation in 0.00s
Compiling shader "Hidden/HDRP/ClearBlack" pass "" (fp)
    Full variant space:         1
    After settings filtering:   1
    After built-in stripping:   1
    After scriptable stripping: 1
    Processed in 0.00 seconds
    starting compilation...
    finished in 0.00 seconds. Local cache hits 1 (0.00s CPU time), remote cache hits 0 (0.00s CPU time), compiled 0 variants (0.00s CPU time), skipped 0 variants
    Prepared data for serialisation in 0.00s
Serialized binary data for shader Hidden/HDRP/ClearBlack in 0.00s
    d3d11 (total internal programs: 2, unique: 2)
Compiling shader "Hidden/VFX/Empty" pass "" (vp)
    Full variant space:         4
    After settings filtering:   4
    After built-in stripping:   1
    After scriptable stripping: 1
    Processed in 0.00 seconds
    starting compilation...
    finished in 0.00 seconds. Local cache hits 1 (0.00s CPU time), remote cache hits 0 (0.00s CPU time), compiled 0 variants (0.00s CPU time), skipped 0 variants
    Prepared data for serialisation in 0.00s
Compiling shader "Hidden/VFX/Empty" pass "" (fp)
    Full variant space:         4
    After settings filtering:   4
    After built-in stripping:   1
    After scriptable stripping: 1
    Processed in 0.00 seconds
    starting compilation...
    finished in 0.00 seconds. Local cache hits 1 (0.00s CPU time), remote cache hits 0 (0.00s CPU time), compiled 0 variants (0.00s CPU time), skipped 0 variants
    Prepared data for serialisation in 0.00s
Serialized binary data for shader Hidden/VFX/Empty in 0.00s
    d3d11 (total internal programs: 2, unique: 2)
Compiling shader "Hidden/Core/FallbackError" pass "" (vp)
    Full variant space:         3
    After settings filtering:   3
    After built-in stripping:   1
    After scriptable stripping: 1
    Processed in 0.00 seconds
    starting compilation...
    finished in 0.00 seconds. Local cache hits 1 (0.00s CPU time), remote cache hits 0 (0.00s CPU time), compiled 0 variants (0.00s CPU time), skipped 0 variants
    Prepared data for serialisation in 0.00s
Compiling shader "Hidden/Core/FallbackError" pass "" (fp)
    Full variant space:         3
    After settings filtering:   3
    After built-in stripping:   1
    After scriptable stripping: 1
    Processed in 0.00 seconds
    starting compilation...
    finished in 0.00 seconds. Local cache hits 1 (0.00s CPU time), remote cache hits 0 (0.00s CPU time), compiled 0 variants (0.00s CPU time), skipped 0 variants
    Prepared data for serialisation in 0.00s
Serialized binary data for shader Hidden/Core/FallbackError in 0.00s
    d3d11 (total internal programs: 2, unique: 2)
Compiling shader "Hidden/HDRP/MaterialLoading" pass "" (vp)
    Full variant space:         6
    After settings filtering:   6
    After built-in stripping:   1
    After scriptable stripping: 1
    Processed in 0.00 seconds
    starting compilation...
    finished in 0.00 seconds. Local cache hits 1 (0.00s CPU time), remote cache hits 0 (0.00s CPU time), compiled 0 variants (0.00s CPU time), skipped 0 variants
    Prepared data for serialisation in 0.00s
Compiling shader "Hidden/HDRP/MaterialLoading" pass "" (fp)
    Full variant space:         6
    After settings filtering:   6
    After built-in stripping:   1
    After scriptable stripping: 1
    Processed in 0.00 seconds
    starting compilation...
    finished in 0.00 seconds. Local cache hits 1 (0.00s CPU time), remote cache hits 0 (0.00s CPU time), compiled 0 variants (0.00s CPU time), skipped 0 variants
    Prepared data for serialisation in 0.00s
Serialized binary data for shader Hidden/HDRP/MaterialLoading in 0.00s
    d3d11 (total internal programs: 2, unique: 2)
Compiling shader "Hidden/Core/ProbeVolumeFragmentationDebug" pass "" (vp)
    Full variant space:         1
    After settings filtering:   1
    After built-in stripping:   1
    After scriptable stripping: 1
    Processed in 0.00 seconds
    starting compilation...
    finished in 0.00 seconds. Local cache hits 1 (0.00s CPU time), remote cache hits 0 (0.00s CPU time), compiled 0 variants (0.00s CPU time), skipped 0 variants
    Prepared data for serialisation in 0.00s
Compiling shader "Hidden/Core/ProbeVolumeFragmentationDebug" pass "" (fp)
    Full variant space:         1
    After settings filtering:   1
    After built-in stripping:   1
    After scriptable stripping: 1
    Processed in 0.00 seconds
    starting compilation...
    finished in 0.00 seconds. Local cache hits 1 (0.00s CPU time), remote cache hits 0 (0.00s CPU time), compiled 0 variants (0.00s CPU time), skipped 0 variants
    Prepared data for serialisation in 0.00s
Serialized binary data for shader Hidden/Core/ProbeVolumeFragmentationDebug in 0.00s
    d3d11 (total internal programs: 2, unique: 2)
Compiling shader "Hidden/Core/ProbeVolumeDebug" pass "ForwardOnly" (vp)
    Full variant space:         2
    After settings filtering:   2
    After built-in stripping:   1
    After scriptable stripping: 0
    Processed in 0.00 seconds
    Prepared data for serialisation in 0.00s
Serialized binary data for shader Hidden/Core/ProbeVolumeDebug in 0.00s
    d3d11 (total internal programs: 0, unique: 0)
Compiling shader "Hidden/HDRP/preIntegratedFGD_CharlieFabricLambert" pass "" (vp)
    Full variant space:         1
    After settings filtering:   1
    After built-in stripping:   1
    After scriptable stripping: 1
    Processed in 0.00 seconds
    starting compilation...
    finished in 0.00 seconds. Local cache hits 1 (0.00s CPU time), remote cache hits 0 (0.00s CPU time), compiled 0 variants (0.00s CPU time), skipped 0 variants
    Prepared data for serialisation in 0.00s
Compiling shader "Hidden/HDRP/preIntegratedFGD_CharlieFabricLambert" pass "" (fp)
    Full variant space:         1
    After settings filtering:   1
    After built-in stripping:   1
    After scriptable stripping: 1
    Processed in 0.00 seconds
    starting compilation...
    finished in 0.00 seconds. Local cache hits 1 (0.00s CPU time), remote cache hits 0 (0.00s CPU time), compiled 0 variants (0.00s CPU time), skipped 0 variants
    Prepared data for serialisation in 0.00s
Serialized binary data for shader Hidden/HDRP/preIntegratedFGD_CharlieFabricLambert in 0.00s
    d3d11 (total internal programs: 2, unique: 2)
Compiling shader "Hidden/HDRP/CopyStencilBuffer" pass "Pass 0 - Copy stencilRef to output" (vp)
    Full variant space:         1
    After settings filtering:   1
    After built-in stripping:   1
    After scriptable stripping: 1
    Processed in 0.00 seconds
    starting compilation...
    finished in 0.00 seconds. Local cache hits 1 (0.00s CPU time), remote cache hits 0 (0.00s CPU time), compiled 0 variants (0.00s CPU time), skipped 0 variants
    Prepared data for serialisation in 0.00s
Compiling shader "Hidden/HDRP/CopyStencilBuffer" pass "Pass 0 - Copy stencilRef to output" (fp)
    Full variant space:         1
    After settings filtering:   1
    After built-in stripping:   1
    After scriptable stripping: 1
    Processed in 0.00 seconds
    starting compilation...
    finished in 0.00 seconds. Local cache hits 1 (0.00s CPU time), remote cache hits 0 (0.00s CPU time), compiled 0 variants (0.00s CPU time), skipped 0 variants
    Prepared data for serialisation in 0.00s
Compiling shader "Hidden/HDRP/CopyStencilBuffer" pass "Pass 1 - Write 1 if value different from stencilRef to output" (vp)
    Full variant space:         1
    After settings filtering:   1
    After built-in stripping:   1
    After scriptable stripping: 1
    Processed in 0.00 seconds
    starting compilation...
    finished in 0.00 seconds. Local cache hits 1 (0.00s CPU time), remote cache hits 0 (0.00s CPU time), compiled 0 variants (0.00s CPU time), skipped 0 variants
    Prepared data for serialisation in 0.00s
Compiling shader "Hidden/HDRP/CopyStencilBuffer" pass "Pass 1 - Write 1 if value different from stencilRef to output" (fp)
    Full variant space:         1
    After settings filtering:   1
    After built-in stripping:   1
    After scriptable stripping: 1
    Processed in 0.00 seconds
    starting compilation...
    finished in 0.00 seconds. Local cache hits 1 (0.00s CPU time), remote cache hits 0 (0.00s CPU time), compiled 0 variants (0.00s CPU time), skipped 0 variants
    Prepared data for serialisation in 0.00s
Compiling shader "Hidden/HDRP/CopyStencilBuffer" pass "Pass 2 - Export HTILE for stencilRef to output" (vp)
    Full variant space:         1
    After settings filtering:   1
    After built-in stripping:   1
    After scriptable stripping: 1
    Processed in 0.00 seconds
    starting compilation...
    finished in 0.00 seconds. Local cache hits 1 (0.00s CPU time), remote cache hits 0 (0.00s CPU time), compiled 0 variants (0.00s CPU time), skipped 0 variants
    Prepared data for serialisation in 0.00s
Compiling shader "Hidden/HDRP/CopyStencilBuffer" pass "Pass 2 - Export HTILE for stencilRef to output" (fp)
    Full variant space:         1
    After settings filtering:   1
    After built-in stripping:   1
    After scriptable stripping: 1
    Processed in 0.00 seconds
    starting compilation...
    finished in 0.00 seconds. Local cache hits 1 (0.00s CPU time), remote cache hits 0 (0.00s CPU time), compiled 0 variants (0.00s CPU time), skipped 0 variants
    Prepared data for serialisation in 0.00s
Compiling shader "Hidden/HDRP/CopyStencilBuffer" pass "Pass 3 - Initialize Stencil UAV copy with 1 if value different from stencilRef to output" (vp)
    Full variant space:         1
    After settings filtering:   1
    After built-in stripping:   1
    After scriptable stripping: 1
    Processed in 0.00 seconds
    starting compilation...
    finished in 0.00 seconds. Local cache hits 1 (0.00s CPU time), remote cache hits 0 (0.00s CPU time), compiled 0 variants (0.00s CPU time), skipped 0 variants
    Prepared data for serialisation in 0.00s
Compiling shader "Hidden/HDRP/CopyStencilBuffer" pass "Pass 3 - Initialize Stencil UAV copy with 1 if value different from stencilRef to output" (fp)
    Full variant space:         1
    After settings filtering:   1
    After built-in stripping:   1
    After scriptable stripping: 1
    Processed in 0.00 seconds
    starting compilation...
    finished in 0.00 seconds. Local cache hits 1 (0.00s CPU time), remote cache hits 0 (0.00s CPU time), compiled 0 variants (0.00s CPU time), skipped 0 variants
    Prepared data for serialisation in 0.00s
Compiling shader "Hidden/HDRP/CopyStencilBuffer" pass "Pass 4 - Update Stencil UAV copy with Stencil Ref" (vp)
    Full variant space:         1
    After settings filtering:   1
    After built-in stripping:   1
    After scriptable stripping: 1
    Processed in 0.00 seconds
    starting compilation...
    finished in 0.00 seconds. Local cache hits 1 (0.00s CPU time), remote cache hits 0 (0.00s CPU time), compiled 0 variants (0.00s CPU time), skipped 0 variants
    Prepared data for serialisation in 0.00s
Compiling shader "Hidden/HDRP/CopyStencilBuffer" pass "Pass 4 - Update Stencil UAV copy with Stencil Ref" (fp)
    Full variant space:         1
    After settings filtering:   1
    After built-in stripping:   1
    After scriptable stripping: 1
    Processed in 0.00 seconds
    starting compilation...
    finished in 0.00 seconds. Local cache hits 1 (0.00s CPU time), remote cache hits 0 (0.00s CPU time), compiled 0 variants (0.00s CPU time), skipped 0 variants
    Prepared data for serialisation in 0.00s
Serialized binary data for shader Hidden/HDRP/CopyStencilBuffer in 0.00s
    d3d11 (total internal programs: 10, unique: 6)
Compiling shader "Hidden/HDRP/TemporalAA" pass "TAA" (vp)
    Full variant space:         1
    After settings filtering:   1
    After built-in stripping:   1
    After scriptable stripping: 1
    Processed in 0.00 seconds
    starting compilation...
    finished in 0.00 seconds. Local cache hits 1 (0.00s CPU time), remote cache hits 0 (0.00s CPU time), compiled 0 variants (0.00s CPU time), skipped 0 variants
    Prepared data for serialisation in 0.00s
Compiling shader "Hidden/HDRP/TemporalAA" pass "TAA" (fp)
    Full variant space:         320
    After settings filtering:   320
    After built-in stripping:   320
    After scriptable stripping: 320
    Processed in 0.00 seconds
    starting compilation...
    finished in 0.02 seconds. Local cache hits 320 (0.65s CPU time), remote cache hits 0 (0.00s CPU time), compiled 0 variants (0.00s CPU time), skipped 0 variants
    Prepared data for serialisation in 0.00s
Compiling shader "Hidden/HDRP/TemporalAA" pass "Excluded From TAA" (vp)
    Full variant space:         1
    After settings filtering:   1
    After built-in stripping:   1
    After scriptable stripping: 1
    Processed in 0.00 seconds
    starting compilation...
    finished in 0.00 seconds. Local cache hits 1 (0.00s CPU time), remote cache hits 0 (0.00s CPU time), compiled 0 variants (0.00s CPU time), skipped 0 variants
    Prepared data for serialisation in 0.00s
Compiling shader "Hidden/HDRP/TemporalAA" pass "Excluded From TAA" (fp)
    Full variant space:         320
    After settings filtering:   320
    After built-in stripping:   320
    After scriptable stripping: 320
    Processed in 0.00 seconds
    starting compilation...
    finished in 0.02 seconds. Local cache hits 320 (0.61s CPU time), remote cache hits 0 (0.00s CPU time), compiled 0 variants (0.00s CPU time), skipped 0 variants
    Prepared data for serialisation in 0.00s
Compiling shader "Hidden/HDRP/TemporalAA" pass "TAAU" (vp)
    Full variant space:         1
    After settings filtering:   1
    After built-in stripping:   1
    After scriptable stripping: 1
    Processed in 0.00 seconds
    starting compilation...
    finished in 0.00 seconds. Local cache hits 1 (0.00s CPU time), remote cache hits 0 (0.00s CPU time), compiled 0 variants (0.00s CPU time), skipped 0 variants
    Prepared data for serialisation in 0.00s
Compiling shader "Hidden/HDRP/TemporalAA" pass "TAAU" (fp)
    Full variant space:         320
    After settings filtering:   320
    After built-in stripping:   320
    After scriptable stripping: 320
    Processed in 0.00 seconds
    starting compilation...
    finished in 0.02 seconds. Local cache hits 320 (0.58s CPU time), remote cache hits 0 (0.00s CPU time), compiled 0 variants (0.00s CPU time), skipped 0 variants
    Prepared data for serialisation in 0.00s
Compiling shader "Hidden/HDRP/TemporalAA" pass "Copy History" (vp)
    Full variant space:         1
    After settings filtering:   1
    After built-in stripping:   1
    After scriptable stripping: 1
    Processed in 0.00 seconds
    starting compilation...
    finished in 0.00 seconds. Local cache hits 1 (0.00s CPU time), remote cache hits 0 (0.00s CPU time), compiled 0 variants (0.00s CPU time), skipped 0 variants
    Prepared data for serialisation in 0.00s
Compiling shader "Hidden/HDRP/TemporalAA" pass "Copy History" (fp)
    Full variant space:         320
    After settings filtering:   320
    After built-in stripping:   320
    After scriptable stripping: 320
    Processed in 0.00 seconds
    starting compilation...
    finished in 0.02 seconds. Local cache hits 320 (0.58s CPU time), remote cache hits 0 (0.00s CPU time), compiled 0 variants (0.00s CPU time), skipped 0 variants
    Prepared data for serialisation in 0.00s
Serialized binary data for shader Hidden/HDRP/TemporalAA in 0.00s
    d3d11 (total internal programs: 1284, unique: 961)
Compressed shader 'Hidden/HDRP/TemporalAA' on d3d11 from 3.42MB to 0.28MB
Compressed shader 'Hidden/HDRP/TemporalAA' in 0.10s
Compiling shader "Hidden/HDRP/CopyDepthBuffer" pass "Copy Depth" (vp)
    Full variant space:         1
    After settings filtering:   1
    After built-in stripping:   1
    After scriptable stripping: 1
    Processed in 0.00 seconds
    starting compilation...
    finished in 0.00 seconds. Local cache hits 1 (0.00s CPU time), remote cache hits 0 (0.00s CPU time), compiled 0 variants (0.00s CPU time), skipped 0 variants
    Prepared data for serialisation in 0.00s
Compiling shader "Hidden/HDRP/CopyDepthBuffer" pass "Copy Depth" (fp)
    Full variant space:         1
    After settings filtering:   1
    After built-in stripping:   1
    After scriptable stripping: 1
    Processed in 0.00 seconds
    starting compilation...
    finished in 0.00 seconds. Local cache hits 1 (0.00s CPU time), remote cache hits 0 (0.00s CPU time), compiled 0 variants (0.00s CPU time), skipped 0 variants
    Prepared data for serialisation in 0.00s
Serialized binary data for shader Hidden/HDRP/CopyDepthBuffer in 0.00s
    d3d11 (total internal programs: 2, unique: 2)
Compiling shader "Hidden/HDRP/DebugViewMaterialGBuffer" pass "" (vp)
    Full variant space:         2
    After settings filtering:   2
    After built-in stripping:   1
    After scriptable stripping: 1
    Processed in 0.00 seconds
    starting compilation...
    finished in 0.00 seconds. Local cache hits 1 (0.00s CPU time), remote cache hits 0 (0.00s CPU time), compiled 0 variants (0.00s CPU time), skipped 0 variants
    Prepared data for serialisation in 0.00s
Compiling shader "Hidden/HDRP/DebugViewMaterialGBuffer" pass "" (fp)
    Full variant space:         2
    After settings filtering:   2
    After built-in stripping:   1
    After scriptable stripping: 1
    Processed in 0.00 seconds
    starting compilation...
    finished in 0.00 seconds. Local cache hits 1 (0.00s CPU time), remote cache hits 0 (0.00s CPU time), compiled 0 variants (0.00s CPU time), skipped 0 variants
    Prepared data for serialisation in 0.00s
Serialized binary data for shader Hidden/HDRP/DebugViewMaterialGBuffer in 0.00s
    d3d11 (total internal programs: 2, unique: 2)
Compiling shader "Hidden/HDRP/XROcclusionMesh" pass "" (vp)
    Full variant space:         2
    After settings filtering:   2
    After built-in stripping:   2
    After scriptable stripping: 2
    Processed in 0.00 seconds
    starting compilation...
    finished in 0.00 seconds. Local cache hits 2 (0.00s CPU time), remote cache hits 0 (0.00s CPU time), compiled 0 variants (0.00s CPU time), skipped 0 variants
    Prepared data for serialisation in 0.00s
Compiling shader "Hidden/HDRP/XROcclusionMesh" pass "" (fp)
    Full variant space:         2
    After settings filtering:   2
    After built-in stripping:   2
    After scriptable stripping: 2
    Processed in 0.00 seconds
    starting compilation...
    finished in 0.00 seconds. Local cache hits 2 (0.00s CPU time), remote cache hits 0 (0.00s CPU time), compiled 0 variants (0.00s CPU time), skipped 0 variants
    Prepared data for serialisation in 0.00s
Serialized binary data for shader Hidden/HDRP/XROcclusionMesh in 0.00s
    d3d11 (total internal programs: 4, unique: 4)
Compiling shader "Hidden/HDRP/IntegrateHDRI" pass "" (vp)
    Full variant space:         1
    After settings filtering:   1
    After built-in stripping:   1
    After scriptable stripping: 1
    Processed in 0.00 seconds
    starting compilation...
    finished in 0.00 seconds. Local cache hits 1 (0.00s CPU time), remote cache hits 0 (0.00s CPU time), compiled 0 variants (0.00s CPU time), skipped 0 variants
    Prepared data for serialisation in 0.00s
Compiling shader "Hidden/HDRP/IntegrateHDRI" pass "" (fp)
    Full variant space:         1
    After settings filtering:   1
    After built-in stripping:   1
    After scriptable stripping: 1
    Processed in 0.00 seconds
    starting compilation...
    finished in 0.00 seconds. Local cache hits 1 (0.00s CPU time), remote cache hits 0 (0.00s CPU time), compiled 0 variants (0.00s CPU time), skipped 0 variants
    Prepared data for serialisation in 0.00s
Serialized binary data for shader Hidden/HDRP/IntegrateHDRI in 0.00s
    d3d11 (total internal programs: 2, unique: 2)
Compiling shader "Hidden/Shader/ChromaKeying" pass "ChromaKeying" (vp)
    Full variant space:         1
    After settings filtering:   1
    After built-in stripping:   1
    After scriptable stripping: 1
    Processed in 0.00 seconds
    starting compilation...
    finished in 0.00 seconds. Local cache hits 1 (0.00s CPU time), remote cache hits 0 (0.00s CPU time), compiled 0 variants (0.00s CPU time), skipped 0 variants
    Prepared data for serialisation in 0.00s
Compiling shader "Hidden/Shader/ChromaKeying" pass "ChromaKeying" (fp)
    Full variant space:         1
    After settings filtering:   1
    After built-in stripping:   1
    After scriptable stripping: 1
    Processed in 0.00 seconds
    starting compilation...
    finished in 0.00 seconds. Local cache hits 1 (0.00s CPU time), remote cache hits 0 (0.00s CPU time), compiled 0 variants (0.00s CPU time), skipped 0 variants
    Prepared data for serialisation in 0.00s
Serialized binary data for shader Hidden/Shader/ChromaKeying in 0.00s
    d3d11 (total internal programs: 2, unique: 2)
Compiling shader "Renderers/Thickness" pass "ComputeThicknessOpaque" (vp)
    Full variant space:         4
    After settings filtering:   4
    After built-in stripping:   1
    After scriptable stripping: 1
    Processed in 0.00 seconds
    starting compilation...
    finished in 0.00 seconds. Local cache hits 1 (0.00s CPU time), remote cache hits 0 (0.00s CPU time), compiled 0 variants (0.00s CPU time), skipped 0 variants
    Prepared data for serialisation in 0.00s
Compiling shader "Renderers/Thickness" pass "ComputeThicknessOpaque" (fp)
    Full variant space:         4
    After settings filtering:   4
    After built-in stripping:   1
    After scriptable stripping: 1
    Processed in 0.00 seconds
    starting compilation...
    finished in 0.00 seconds. Local cache hits 1 (0.00s CPU time), remote cache hits 0 (0.00s CPU time), compiled 0 variants (0.00s CPU time), skipped 0 variants
    Prepared data for serialisation in 0.00s
Compiling shader "Renderers/Thickness" pass "ComputeThicknessTransparent" (vp)
    Full variant space:         4
    After settings filtering:   4
    After built-in stripping:   1
    After scriptable stripping: 1
    Processed in 0.00 seconds
    starting compilation...
    finished in 0.00 seconds. Local cache hits 1 (0.00s CPU time), remote cache hits 0 (0.00s CPU time), compiled 0 variants (0.00s CPU time), skipped 0 variants
    Prepared data for serialisation in 0.00s
Compiling shader "Renderers/Thickness" pass "ComputeThicknessTransparent" (fp)
    Full variant space:         4
    After settings filtering:   4
    After built-in stripping:   1
    After scriptable stripping: 1
    Processed in 0.00 seconds
    starting compilation...
    finished in 0.00 seconds. Local cache hits 1 (0.00s CPU time), remote cache hits 0 (0.00s CPU time), compiled 0 variants (0.00s CPU time), skipped 0 variants
    Prepared data for serialisation in 0.00s
Serialized binary data for shader Renderers/Thickness in 0.00s
    d3d11 (total internal programs: 4, unique: 3)
Compiling shader "Hidden/Shader/AlphaInjection" pass "AlphaInjection" (vp)
    Full variant space:         1
    After settings filtering:   1
    After built-in stripping:   1
    After scriptable stripping: 1
    Processed in 0.00 seconds
    starting compilation...
    finished in 0.00 seconds. Local cache hits 1 (0.00s CPU time), remote cache hits 0 (0.00s CPU time), compiled 0 variants (0.00s CPU time), skipped 0 variants
    Prepared data for serialisation in 0.00s
Compiling shader "Hidden/Shader/AlphaInjection" pass "AlphaInjection" (fp)
    Full variant space:         1
    After settings filtering:   1
    After built-in stripping:   1
    After scriptable stripping: 1
    Processed in 0.00 seconds
    starting compilation...
    finished in 0.00 seconds. Local cache hits 1 (0.00s CPU time), remote cache hits 0 (0.00s CPU time), compiled 0 variants (0.00s CPU time), skipped 0 variants
    Prepared data for serialisation in 0.00s
Serialized binary data for shader Hidden/Shader/AlphaInjection in 0.00s
    d3d11 (total internal programs: 2, unique: 2)
Compiling shader "Hidden/DebugVTBlit" pass "" (vp)
    Full variant space:         1
    After settings filtering:   1
    After built-in stripping:   1
    After scriptable stripping: 1
    Processed in 0.00 seconds
    starting compilation...
    finished in 0.00 seconds. Local cache hits 1 (0.00s CPU time), remote cache hits 0 (0.00s CPU time), compiled 0 variants (0.00s CPU time), skipped 0 variants
    Prepared data for serialisation in 0.00s
Compiling shader "Hidden/DebugVTBlit" pass "" (fp)
    Full variant space:         1
    After settings filtering:   1
    After built-in stripping:   1
    After scriptable stripping: 1
    Processed in 0.00 seconds
    starting compilation...
    finished in 0.00 seconds. Local cache hits 1 (0.00s CPU time), remote cache hits 0 (0.00s CPU time), compiled 0 variants (0.00s CPU time), skipped 0 variants
    Prepared data for serialisation in 0.00s
Compiling shader "Hidden/DebugVTBlit" pass "" (vp)
    Full variant space:         1
    After settings filtering:   1
    After built-in stripping:   1
    After scriptable stripping: 1
    Processed in 0.00 seconds
    starting compilation...
    finished in 0.00 seconds. Local cache hits 1 (0.00s CPU time), remote cache hits 0 (0.00s CPU time), compiled 0 variants (0.00s CPU time), skipped 0 variants
    Prepared data for serialisation in 0.00s
Compiling shader "Hidden/DebugVTBlit" pass "" (fp)
    Full variant space:         1
    After settings filtering:   1
    After built-in stripping:   1
    After scriptable stripping: 1
    Processed in 0.00 seconds
    starting compilation...
    finished in 0.00 seconds. Local cache hits 1 (0.00s CPU time), remote cache hits 0 (0.00s CPU time), compiled 0 variants (0.00s CPU time), skipped 0 variants
    Prepared data for serialisation in 0.00s
Serialized binary data for shader Hidden/DebugVTBlit in 0.00s
    d3d11 (total internal programs: 4, unique: 3)
Compiling shader "Hidden/HDRP/CharlieConvolve" pass "" (vp)
    Full variant space:         1
    After settings filtering:   1
    After built-in stripping:   1
    After scriptable stripping: 0
    Processed in 0.00 seconds
    Prepared data for serialisation in 0.00s
Serialized binary data for shader Hidden/HDRP/CharlieConvolve in 0.00s
    d3d11 (total internal programs: 0, unique: 0)
Compiling shader "Hidden/CubeToPano" pass "" (vp)
    Full variant space:         1
    After settings filtering:   1
    After built-in stripping:   1
    After scriptable stripping: 1
    Processed in 0.00 seconds
    starting compilation...
    finished in 0.00 seconds. Local cache hits 1 (0.00s CPU time), remote cache hits 0 (0.00s CPU time), compiled 0 variants (0.00s CPU time), skipped 0 variants
    Prepared data for serialisation in 0.00s
Compiling shader "Hidden/CubeToPano" pass "" (fp)
    Full variant space:         1
    After settings filtering:   1
    After built-in stripping:   1
    After scriptable stripping: 1
    Processed in 0.00 seconds
    starting compilation...
    finished in 0.00 seconds. Local cache hits 1 (0.00s CPU time), remote cache hits 0 (0.00s CPU time), compiled 0 variants (0.00s CPU time), skipped 0 variants
    Prepared data for serialisation in 0.00s
Serialized binary data for shader Hidden/CubeToPano in 0.00s
    d3d11 (total internal programs: 2, unique: 2)
Compiling shader "Hidden/HDRP/FinalPass" pass "" (vp)
    Full variant space:         1
    After settings filtering:   1
    After built-in stripping:   1
    After scriptable stripping: 1
    Processed in 0.00 seconds
    starting compilation...
    finished in 0.00 seconds. Local cache hits 1 (0.00s CPU time), remote cache hits 0 (0.00s CPU time), compiled 0 variants (0.00s CPU time), skipped 0 variants
    Prepared data for serialisation in 0.00s
Compiling shader "Hidden/HDRP/FinalPass" pass "" (fp)
    Full variant space:         768
    After settings filtering:   768
    After built-in stripping:   768
    After scriptable stripping: 256
    Processed in 0.01 seconds
    starting compilation...
    finished in 0.02 seconds. Local cache hits 256 (0.46s CPU time), remote cache hits 0 (0.00s CPU time), compiled 0 variants (0.00s CPU time), skipped 0 variants
    Prepared data for serialisation in 0.00s
Serialized binary data for shader Hidden/HDRP/FinalPass in 0.00s
    d3d11 (total internal programs: 257, unique: 257)
Compressed shader 'Hidden/HDRP/FinalPass' on d3d11 from 1.07MB to 0.09MB
Compressed shader 'Hidden/HDRP/FinalPass' in 0.03s
Compiling shader "Hidden/HDRP/DownsampleDepth" pass "" (vp)
    Full variant space:         1
    After settings filtering:   1
    After built-in stripping:   1
    After scriptable stripping: 1
    Processed in 0.00 seconds
    starting compilation...
    finished in 0.00 seconds. Local cache hits 1 (0.00s CPU time), remote cache hits 0 (0.00s CPU time), compiled 0 variants (0.00s CPU time), skipped 0 variants
    Prepared data for serialisation in 0.00s
Compiling shader "Hidden/HDRP/DownsampleDepth" pass "" (fp)
    Full variant space:         2
    After settings filtering:   2
    After built-in stripping:   2
    After scriptable stripping: 2
    Processed in 0.00 seconds
    starting compilation...
    finished in 0.00 seconds. Local cache hits 2 (0.00s CPU time), remote cache hits 0 (0.00s CPU time), compiled 0 variants (0.00s CPU time), skipped 0 variants
    Prepared data for serialisation in 0.00s
Serialized binary data for shader Hidden/HDRP/DownsampleDepth in 0.00s
    d3d11 (total internal programs: 3, unique: 3)
Compiling shader "HDRP/Lit" pass "GBuffer" (vp)
    Full variant space:         768
    After settings filtering:   384
    After built-in stripping:   24
    After scriptable stripping: 24
    Processed in 0.00 seconds
    starting compilation...
    finished in 0.00 seconds. Local cache hits 24 (0.04s CPU time), remote cache hits 0 (0.00s CPU time), compiled 0 variants (0.00s CPU time), skipped 0 variants
    Prepared data for serialisation in 0.00s
Compiling shader "HDRP/Lit" pass "GBuffer" (fp)
    Full variant space:         92160
    After settings filtering:   46080
    After built-in stripping:   1440
    After scriptable stripping: 160
    Processed in 0.02 seconds
    starting compilation...
    finished in 0.01 seconds. Local cache hits 160 (0.26s CPU time), remote cache hits 0 (0.00s CPU time), compiled 0 variants (0.00s CPU time), skipped 0 variants
    Prepared data for serialisation in 0.00s
Compiling shader "HDRP/Lit" pass "ShadowCaster" (vp)
    Full variant space:         16
    After settings filtering:   16
    After built-in stripping:   8
    After scriptable stripping: 8
    Processed in 0.00 seconds
    starting compilation...
    finished in 0.00 seconds. Local cache hits 8 (0.00s CPU time), remote cache hits 0 (0.00s CPU time), compiled 0 variants (0.00s CPU time), skipped 0 variants
    Prepared data for serialisation in 0.00s
Compiling shader "HDRP/Lit" pass "ShadowCaster" (fp)
    Full variant space:         16
    After settings filtering:   16
    After built-in stripping:   8
    After scriptable stripping: 8
    Processed in 0.00 seconds
    starting compilation...
    finished in 0.00 seconds. Local cache hits 8 (0.01s CPU time), remote cache hits 0 (0.00s CPU time), compiled 0 variants (0.00s CPU time), skipped 0 variants
    Prepared data for serialisation in 0.00s
Compiling shader "HDRP/Lit" pass "DepthOnly" (vp)
    Full variant space:         144
    After settings filtering:   144
    After built-in stripping:   72
    After scriptable stripping: 12
    Processed in 0.00 seconds
    starting compilation...
    finished in 0.00 seconds. Local cache hits 12 (0.01s CPU time), remote cache hits 0 (0.00s CPU time), compiled 0 variants (0.00s CPU time), skipped 0 variants
    Prepared data for serialisation in 0.00s
Compiling shader "HDRP/Lit" pass "DepthOnly" (fp)
    Full variant space:         384
    After settings filtering:   384
    After built-in stripping:   192
    After scriptable stripping: 16
    Processed in 0.00 seconds
    starting compilation...
    finished in 0.00 seconds. Local cache hits 16 (0.02s CPU time), remote cache hits 0 (0.00s CPU time), compiled 0 variants (0.00s CPU time), skipped 0 variants
    Prepared data for serialisation in 0.00s
Compiling shader "HDRP/Lit" pass "MotionVectors" (vp)
    Full variant space:         64
    After settings filtering:   64
    After built-in stripping:   32
    After scriptable stripping: 8
    Processed in 0.00 seconds
    starting compilation...
    finished in 0.00 seconds. Local cache hits 8 (0.01s CPU time), remote cache hits 0 (0.00s CPU time), compiled 0 variants (0.00s CPU time), skipped 0 variants
    Prepared data for serialisation in 0.00s
Compiling shader "HDRP/Lit" pass "MotionVectors" (fp)
    Full variant space:         192
    After settings filtering:   192
    After built-in stripping:   96
    After scriptable stripping: 12
    Processed in 0.00 seconds
    starting compilation...
    finished in 0.00 seconds. Local cache hits 12 (0.01s CPU time), remote cache hits 0 (0.00s CPU time), compiled 0 variants (0.00s CPU time), skipped 0 variants
    Prepared data for serialisation in 0.00s
Compiling shader "HDRP/Lit" pass "TransparentDepthPrepass" (vp)
    Full variant space:         32
    After settings filtering:   32
    After built-in stripping:   16
    After scriptable stripping: 0
    Processed in 0.00 seconds
    Prepared data for serialisation in 0.00s
Compiling shader "HDRP/Lit" pass "TransparentBackface" (vp)
    Full variant space:         1024
    After settings filtering:   512
    After built-in stripping:   32
    After scriptable stripping: 0
    Processed in 0.00 seconds
    Prepared data for serialisation in 0.00s
Compiling shader "HDRP/Lit" pass "Forward" (vp)
    Full variant space:         1024
    After settings filtering:   512
    After built-in stripping:   32
    After scriptable stripping: 16
    Processed in 0.00 seconds
    starting compilation...
    finished in 0.00 seconds. Local cache hits 16 (0.02s CPU time), remote cache hits 0 (0.00s CPU time), compiled 0 variants (0.00s CPU time), skipped 0 variants
    Prepared data for serialisation in 0.00s
Compiling shader "HDRP/Lit" pass "Forward" (fp)
    Full variant space:         3317760
    After settings filtering:   1658880
    After built-in stripping:   51840
    After scriptable stripping: 60
    Processed in 0.36 seconds
    starting compilation...
    finished in 0.00 seconds. Local cache hits 60 (0.11s CPU time), remote cache hits 0 (0.00s CPU time), compiled 0 variants (0.00s CPU time), skipped 0 variants
    Prepared data for serialisation in 0.00s
Compiling shader "HDRP/Lit" pass "TransparentDepthPostpass" (vp)
    Full variant space:         16
    After settings filtering:   16
    After built-in stripping:   8
    After scriptable stripping: 0
    Processed in 0.00 seconds
    Prepared data for serialisation in 0.00s
Compiling shader "HDRP/Lit" pass "RayTracingPrepass" (vp)
    Full variant space:         4
    After settings filtering:   4
    After built-in stripping:   4
    After scriptable stripping: 0
    Processed in 0.00 seconds
    Prepared data for serialisation in 0.00s
Compiling shader "HDRP/Lit" pass "FullScreenDebug" (vp)
    Full variant space:         16
    After settings filtering:   16
    After built-in stripping:   8
    After scriptable stripping: 8
    Processed in 0.00 seconds
    starting compilation...
    finished in 0.00 seconds. Local cache hits 8 (0.01s CPU time), remote cache hits 0 (0.00s CPU time), compiled 0 variants (0.00s CPU time), skipped 0 variants
    Prepared data for serialisation in 0.00s
Compiling shader "HDRP/Lit" pass "FullScreenDebug" (fp)
    Full variant space:         16
    After settings filtering:   16
    After built-in stripping:   8
    After scriptable stripping: 8
    Processed in 0.00 seconds
    starting compilation...
    finished in 0.00 seconds. Local cache hits 8 (0.00s CPU time), remote cache hits 0 (0.00s CPU time), compiled 0 variants (0.00s CPU time), skipped 0 variants
    Prepared data for serialisation in 0.00s
Compiling shader "HDRP/Lit" pass "IndirectDXR" (rs)
    Full variant space:         2880
    After settings filtering:   2880
    After built-in stripping:   360
    After scriptable stripping: 0
    Processed in 0.00 seconds
    Prepared data for serialisation in 0.00s
Compiling shader "HDRP/Lit" pass "ForwardDXR" (rs)
    Full variant space:         1440
    After settings filtering:   1440
    After built-in stripping:   180
    After scriptable stripping: 0
    Processed in 0.00 seconds
    Prepared data for serialisation in 0.00s
Compiling shader "HDRP/Lit" pass "GBufferDXR" (rs)
    Full variant space:         2880
    After settings filtering:   2880
    After built-in stripping:   360
    After scriptable stripping: 0
    Processed in 0.00 seconds
    Prepared data for serialisation in 0.00s
Compiling shader "HDRP/Lit" pass "VisibilityDXR" (rs)
    Full variant space:         10
    After settings filtering:   10
    After built-in stripping:   10
    After scriptable stripping: 0
    Processed in 0.00 seconds
    Prepared data for serialisation in 0.00s
Compiling shader "HDRP/Lit" pass "SubSurfaceDXR" (rs)
    Full variant space:         240
    After settings filtering:   240
    After built-in stripping:   30
    After scriptable stripping: 0
    Processed in 0.00 seconds
    Prepared data for serialisation in 0.00s
Compiling shader "HDRP/Lit" pass "DebugDXR" (rs)
    Full variant space:         5
    After settings filtering:   5
    After built-in stripping:   5
    After scriptable stripping: 0
    Processed in 0.00 seconds
    Prepared data for serialisation in 0.00s
Compiling shader "HDRP/Lit" pass "PathTracingDXR" (rs)
    Full variant space:         120
    After settings filtering:   120
    After built-in stripping:   120
    After scriptable stripping: 0
    Processed in 0.00 seconds
    Prepared data for serialisation in 0.00s
Serialized binary data for shader HDRP/Lit in 0.00s
    d3d11 (total internal programs: 340, unique: 332)
Compressed shader 'HDRP/Lit' on d3d11 from 9.75MB to 2.09MB
Compressed shader 'HDRP/Lit' in 0.45s
Compiling shader "Hidden/HDRP/DepthValues" pass "" (vp)
    Full variant space:         1
    After settings filtering:   1
    After built-in stripping:   1
    After scriptable stripping: 1
    Processed in 0.00 seconds
    starting compilation...
    finished in 0.00 seconds. Local cache hits 1 (0.00s CPU time), remote cache hits 0 (0.00s CPU time), compiled 0 variants (0.00s CPU time), skipped 0 variants
    Prepared data for serialisation in 0.00s
Compiling shader "Hidden/HDRP/DepthValues" pass "" (fp)
    Full variant space:         3
    After settings filtering:   3
    After built-in stripping:   3
    After scriptable stripping: 3
    Processed in 0.00 seconds
    starting compilation...
    finished in 0.00 seconds. Local cache hits 3 (0.00s CPU time), remote cache hits 0 (0.00s CPU time), compiled 0 variants (0.00s CPU time), skipped 0 variants
    Prepared data for serialisation in 0.00s
Compiling shader "Hidden/HDRP/DepthValues" pass "" (vp)
    Full variant space:         1
    After settings filtering:   1
    After built-in stripping:   1
    After scriptable stripping: 1
    Processed in 0.00 seconds
    starting compilation...
    finished in 0.00 seconds. Local cache hits 1 (0.00s CPU time), remote cache hits 0 (0.00s CPU time), compiled 0 variants (0.00s CPU time), skipped 0 variants
    Prepared data for serialisation in 0.00s
Compiling shader "Hidden/HDRP/DepthValues" pass "" (fp)
    Full variant space:         3
    After settings filtering:   3
    After built-in stripping:   3
    After scriptable stripping: 3
    Processed in 0.00 seconds
    starting compilation...
    finished in 0.00 seconds. Local cache hits 3 (0.00s CPU time), remote cache hits 0 (0.00s CPU time), compiled 0 variants (0.00s CPU time), skipped 0 variants
    Prepared data for serialisation in 0.00s
Compiling shader "Hidden/HDRP/DepthValues" pass "" (vp)
    Full variant space:         1
    After settings filtering:   1
    After built-in stripping:   1
    After scriptable stripping: 1
    Processed in 0.00 seconds
    starting compilation...
    finished in 0.00 seconds. Local cache hits 1 (0.00s CPU time), remote cache hits 0 (0.00s CPU time), compiled 0 variants (0.00s CPU time), skipped 0 variants
    Prepared data for serialisation in 0.00s
Compiling shader "Hidden/HDRP/DepthValues" pass "" (fp)
    Full variant space:         3
    After settings filtering:   3
    After built-in stripping:   3
    After scriptable stripping: 3
    Processed in 0.00 seconds
    starting compilation...
    finished in 0.00 seconds. Local cache hits 3 (0.00s CPU time), remote cache hits 0 (0.00s CPU time), compiled 0 variants (0.00s CPU time), skipped 0 variants
    Prepared data for serialisation in 0.00s
Compiling shader "Hidden/HDRP/DepthValues" pass "" (vp)
    Full variant space:         1
    After settings filtering:   1
    After built-in stripping:   1
    After scriptable stripping: 1
    Processed in 0.00 seconds
    starting compilation...
    finished in 0.00 seconds. Local cache hits 1 (0.00s CPU time), remote cache hits 0 (0.00s CPU time), compiled 0 variants (0.00s CPU time), skipped 0 variants
    Prepared data for serialisation in 0.00s
Compiling shader "Hidden/HDRP/DepthValues" pass "" (fp)
    Full variant space:         3
    After settings filtering:   3
    After built-in stripping:   3
    After scriptable stripping: 3
    Processed in 0.00 seconds
    starting compilation...
    finished in 0.00 seconds. Local cache hits 3 (0.00s CPU time), remote cache hits 0 (0.00s CPU time), compiled 0 variants (0.00s CPU time), skipped 0 variants
    Prepared data for serialisation in 0.00s
Serialized binary data for shader Hidden/HDRP/DepthValues in 0.00s
    d3d11 (total internal programs: 16, unique: 13)
Compiling shader "Hidden/HDRP/MaterialError" pass "" (vp)
    Full variant space:         6
    After settings filtering:   6
    After built-in stripping:   1
    After scriptable stripping: 1
    Processed in 0.00 seconds
    starting compilation...
    finished in 0.00 seconds. Local cache hits 1 (0.00s CPU time), remote cache hits 0 (0.00s CPU time), compiled 0 variants (0.00s CPU time), skipped 0 variants
    Prepared data for serialisation in 0.00s
Compiling shader "Hidden/HDRP/MaterialError" pass "" (fp)
    Full variant space:         6
    After settings filtering:   6
    After built-in stripping:   1
    After scriptable stripping: 1
    Processed in 0.00 seconds
    starting compilation...
    finished in 0.00 seconds. Local cache hits 1 (0.00s CPU time), remote cache hits 0 (0.00s CPU time), compiled 0 variants (0.00s CPU time), skipped 0 variants
    Prepared data for serialisation in 0.00s
Serialized binary data for shader Hidden/HDRP/MaterialError in 0.00s
    d3d11 (total internal programs: 2, unique: 2)
Compiling shader "Hidden/PostProcessing/Debug/Vectorscope" pass "" (vp)
    Full variant space:         1
    After settings filtering:   1
    After built-in stripping:   1
    After scriptable stripping: 1
    Processed in 0.00 seconds
    starting compilation...
    finished in 0.00 seconds. Local cache hits 1 (0.00s CPU time), remote cache hits 0 (0.00s CPU time), compiled 0 variants (0.00s CPU time), skipped 0 variants
    Prepared data for serialisation in 0.00s
Compiling shader "Hidden/PostProcessing/Debug/Vectorscope" pass "" (fp)
    Full variant space:         1
    After settings filtering:   1
    After built-in stripping:   1
    After scriptable stripping: 1
    Processed in 0.00 seconds
    starting compilation...
    finished in 0.00 seconds. Local cache hits 1 (0.00s CPU time), remote cache hits 0 (0.00s CPU time), compiled 0 variants (0.00s CPU time), skipped 0 variants
    Prepared data for serialisation in 0.00s
Serialized binary data for shader Hidden/PostProcessing/Debug/Vectorscope in 0.00s
    d3d11 (total internal programs: 2, unique: 2)
Compiling shader "Hidden/HDRP/CustomPassUtils" pass "Copy" (vp)
    Full variant space:         1
    After settings filtering:   1
    After built-in stripping:   1
    After scriptable stripping: 1
    Processed in 0.00 seconds
    starting compilation...
    finished in 0.00 seconds. Local cache hits 1 (0.00s CPU time), remote cache hits 0 (0.00s CPU time), compiled 0 variants (0.00s CPU time), skipped 0 variants
    Prepared data for serialisation in 0.00s
Compiling shader "Hidden/HDRP/CustomPassUtils" pass "Copy" (fp)
    Full variant space:         1
    After settings filtering:   1
    After built-in stripping:   1
    After scriptable stripping: 1
    Processed in 0.00 seconds
    starting compilation...
    finished in 0.00 seconds. Local cache hits 1 (0.00s CPU time), remote cache hits 0 (0.00s CPU time), compiled 0 variants (0.00s CPU time), skipped 0 variants
    Prepared data for serialisation in 0.00s
Compiling shader "Hidden/HDRP/CustomPassUtils" pass "CopyDepth" (vp)
    Full variant space:         1
    After settings filtering:   1
    After built-in stripping:   1
    After scriptable stripping: 1
    Processed in 0.00 seconds
    starting compilation...
    finished in 0.00 seconds. Local cache hits 1 (0.00s CPU time), remote cache hits 0 (0.00s CPU time), compiled 0 variants (0.00s CPU time), skipped 0 variants
    Prepared data for serialisation in 0.00s
Compiling shader "Hidden/HDRP/CustomPassUtils" pass "CopyDepth" (fp)
    Full variant space:         1
    After settings filtering:   1
    After built-in stripping:   1
    After scriptable stripping: 1
    Processed in 0.00 seconds
    starting compilation...
    finished in 0.00 seconds. Local cache hits 1 (0.00s CPU time), remote cache hits 0 (0.00s CPU time), compiled 0 variants (0.00s CPU time), skipped 0 variants
    Prepared data for serialisation in 0.00s
Compiling shader "Hidden/HDRP/CustomPassUtils" pass "Downsample" (vp)
    Full variant space:         1
    After settings filtering:   1
    After built-in stripping:   1
    After scriptable stripping: 1
    Processed in 0.00 seconds
    starting compilation...
    finished in 0.00 seconds. Local cache hits 1 (0.00s CPU time), remote cache hits 0 (0.00s CPU time), compiled 0 variants (0.00s CPU time), skipped 0 variants
    Prepared data for serialisation in 0.00s
Compiling shader "Hidden/HDRP/CustomPassUtils" pass "Downsample" (fp)
    Full variant space:         1
    After settings filtering:   1
    After built-in stripping:   1
    After scriptable stripping: 1
    Processed in 0.00 seconds
    starting compilation...
    finished in 0.00 seconds. Local cache hits 1 (0.00s CPU time), remote cache hits 0 (0.00s CPU time), compiled 0 variants (0.00s CPU time), skipped 0 variants
    Prepared data for serialisation in 0.00s
Compiling shader "Hidden/HDRP/CustomPassUtils" pass "HorizontalBlur" (vp)
    Full variant space:         1
    After settings filtering:   1
    After built-in stripping:   1
    After scriptable stripping: 1
    Processed in 0.00 seconds
    starting compilation...
    finished in 0.00 seconds. Local cache hits 1 (0.00s CPU time), remote cache hits 0 (0.00s CPU time), compiled 0 variants (0.00s CPU time), skipped 0 variants
    Prepared data for serialisation in 0.00s
Compiling shader "Hidden/HDRP/CustomPassUtils" pass "HorizontalBlur" (fp)
    Full variant space:         1
    After settings filtering:   1
    After built-in stripping:   1
    After scriptable stripping: 1
    Processed in 0.00 seconds
    starting compilation...
    finished in 0.00 seconds. Local cache hits 1 (0.00s CPU time), remote cache hits 0 (0.00s CPU time), compiled 0 variants (0.00s CPU time), skipped 0 variants
    Prepared data for serialisation in 0.00s
Compiling shader "Hidden/HDRP/CustomPassUtils" pass "VerticalBlur" (vp)
    Full variant space:         1
    After settings filtering:   1
    After built-in stripping:   1
    After scriptable stripping: 1
    Processed in 0.00 seconds
    starting compilation...
    finished in 0.00 seconds. Local cache hits 1 (0.00s CPU time), remote cache hits 0 (0.00s CPU time), compiled 0 variants (0.00s CPU time), skipped 0 variants
    Prepared data for serialisation in 0.00s
Compiling shader "Hidden/HDRP/CustomPassUtils" pass "VerticalBlur" (fp)
    Full variant space:         1
    After settings filtering:   1
    After built-in stripping:   1
    After scriptable stripping: 1
    Processed in 0.00 seconds
    starting compilation...
    finished in 0.00 seconds. Local cache hits 1 (0.00s CPU time), remote cache hits 0 (0.00s CPU time), compiled 0 variants (0.00s CPU time), skipped 0 variants
    Prepared data for serialisation in 0.00s
Serialized binary data for shader Hidden/HDRP/CustomPassUtils in 0.00s
    d3d11 (total internal programs: 10, unique: 6)
Compiling shader "Hidden/HDRP/DebugColorPicker" pass "" (vp)
    Full variant space:         1
    After settings filtering:   1
    After built-in stripping:   1
    After scriptable stripping: 1
    Processed in 0.00 seconds
    starting compilation...
    finished in 0.00 seconds. Local cache hits 1 (0.00s CPU time), remote cache hits 0 (0.00s CPU time), compiled 0 variants (0.00s CPU time), skipped 0 variants
    Prepared data for serialisation in 0.00s
Compiling shader "Hidden/HDRP/DebugColorPicker" pass "" (fp)
    Full variant space:         1
    After settings filtering:   1
    After built-in stripping:   1
    After scriptable stripping: 1
    Processed in 0.00 seconds
    starting compilation...
    finished in 0.00 seconds. Local cache hits 1 (0.00s CPU time), remote cache hits 0 (0.00s CPU time), compiled 0 variants (0.00s CPU time), skipped 0 variants
    Prepared data for serialisation in 0.00s
Serialized binary data for shader Hidden/HDRP/DebugColorPicker in 0.00s
    d3d11 (total internal programs: 2, unique: 2)
Compiling shader "Hidden/HDRP/DebugLocalVolumetricFogAtlas" pass "" (vp)
    Full variant space:         1
    After settings filtering:   1
    After built-in stripping:   1
    After scriptable stripping: 1
    Processed in 0.00 seconds
    starting compilation...
    finished in 0.00 seconds. Local cache hits 1 (0.00s CPU time), remote cache hits 0 (0.00s CPU time), compiled 0 variants (0.00s CPU time), skipped 0 variants
    Prepared data for serialisation in 0.00s
Compiling shader "Hidden/HDRP/DebugLocalVolumetricFogAtlas" pass "" (fp)
    Full variant space:         1
    After settings filtering:   1
    After built-in stripping:   1
    After scriptable stripping: 1
    Processed in 0.00 seconds
    starting compilation...
    finished in 0.00 seconds. Local cache hits 1 (0.00s CPU time), remote cache hits 0 (0.00s CPU time), compiled 0 variants (0.00s CPU time), skipped 0 variants
    Prepared data for serialisation in 0.00s
Compiling shader "Hidden/HDRP/DebugLocalVolumetricFogAtlas" pass "" (vp)
    Full variant space:         1
    After settings filtering:   1
    After built-in stripping:   1
    After scriptable stripping: 1
    Processed in 0.00 seconds
    starting compilation...
    finished in 0.00 seconds. Local cache hits 1 (0.00s CPU time), remote cache hits 0 (0.00s CPU time), compiled 0 variants (0.00s CPU time), skipped 0 variants
    Prepared data for serialisation in 0.00s
Compiling shader "Hidden/HDRP/DebugLocalVolumetricFogAtlas" pass "" (fp)
    Full variant space:         1
    After settings filtering:   1
    After built-in stripping:   1
    After scriptable stripping: 1
    Processed in 0.00 seconds
    starting compilation...
    finished in 0.00 seconds. Local cache hits 1 (0.00s CPU time), remote cache hits 0 (0.00s CPU time), compiled 0 variants (0.00s CPU time), skipped 0 variants
    Prepared data for serialisation in 0.00s
Serialized binary data for shader Hidden/HDRP/DebugLocalVolumetricFogAtlas in 0.00s
    d3d11 (total internal programs: 4, unique: 3)
Compiling shader "Hidden/HDRP/LensFlareDataDriven" pass "LensFlareAdditive" (vp)
    Full variant space:         2
    After settings filtering:   2
    After built-in stripping:   2
    After scriptable stripping: 2
    Processed in 0.00 seconds
    starting compilation...
    finished in 0.00 seconds. Local cache hits 2 (0.00s CPU time), remote cache hits 0 (0.00s CPU time), compiled 0 variants (0.00s CPU time), skipped 0 variants
    Prepared data for serialisation in 0.00s
Compiling shader "Hidden/HDRP/LensFlareDataDriven" pass "LensFlareAdditive" (fp)
    Full variant space:         4
    After settings filtering:   4
    After built-in stripping:   4
    After scriptable stripping: 4
    Processed in 0.00 seconds
    starting compilation...
    finished in 0.00 seconds. Local cache hits 4 (0.00s CPU time), remote cache hits 0 (0.00s CPU time), compiled 0 variants (0.00s CPU time), skipped 0 variants
    Prepared data for serialisation in 0.00s
Compiling shader "Hidden/HDRP/LensFlareDataDriven" pass "LensFlareScreen" (vp)
    Full variant space:         2
    After settings filtering:   2
    After built-in stripping:   2
    After scriptable stripping: 2
    Processed in 0.00 seconds
    starting compilation...
    finished in 0.00 seconds. Local cache hits 2 (0.00s CPU time), remote cache hits 0 (0.00s CPU time), compiled 0 variants (0.00s CPU time), skipped 0 variants
    Prepared data for serialisation in 0.00s
Compiling shader "Hidden/HDRP/LensFlareDataDriven" pass "LensFlareScreen" (fp)
    Full variant space:         4
    After settings filtering:   4
    After built-in stripping:   4
    After scriptable stripping: 4
    Processed in 0.00 seconds
    starting compilation...
    finished in 0.00 seconds. Local cache hits 4 (0.00s CPU time), remote cache hits 0 (0.00s CPU time), compiled 0 variants (0.00s CPU time), skipped 0 variants
    Prepared data for serialisation in 0.00s
Compiling shader "Hidden/HDRP/LensFlareDataDriven" pass "LensFlarePremultiply" (vp)
    Full variant space:         2
    After settings filtering:   2
    After built-in stripping:   2
    After scriptable stripping: 2
    Processed in 0.00 seconds
    starting compilation...
    finished in 0.00 seconds. Local cache hits 2 (0.00s CPU time), remote cache hits 0 (0.00s CPU time), compiled 0 variants (0.00s CPU time), skipped 0 variants
    Prepared data for serialisation in 0.00s
Compiling shader "Hidden/HDRP/LensFlareDataDriven" pass "LensFlarePremultiply" (fp)
    Full variant space:         4
    After settings filtering:   4
    After built-in stripping:   4
    After scriptable stripping: 4
    Processed in 0.00 seconds
    starting compilation...
    finished in 0.00 seconds. Local cache hits 4 (0.00s CPU time), remote cache hits 0 (0.00s CPU time), compiled 0 variants (0.00s CPU time), skipped 0 variants
    Prepared data for serialisation in 0.00s
Compiling shader "Hidden/HDRP/LensFlareDataDriven" pass "LensFlareLerp" (vp)
    Full variant space:         2
    After settings filtering:   2
    After built-in stripping:   2
    After scriptable stripping: 2
    Processed in 0.00 seconds
    starting compilation...
    finished in 0.00 seconds. Local cache hits 2 (0.00s CPU time), remote cache hits 0 (0.00s CPU time), compiled 0 variants (0.00s CPU time), skipped 0 variants
    Prepared data for serialisation in 0.00s
Compiling shader "Hidden/HDRP/LensFlareDataDriven" pass "LensFlareLerp" (fp)
    Full variant space:         4
    After settings filtering:   4
    After built-in stripping:   4
    After scriptable stripping: 4
    Processed in 0.00 seconds
    starting compilation...
    finished in 0.00 seconds. Local cache hits 4 (0.00s CPU time), remote cache hits 0 (0.00s CPU time), compiled 0 variants (0.00s CPU time), skipped 0 variants
    Prepared data for serialisation in 0.00s
Compiling shader "Hidden/HDRP/LensFlareDataDriven" pass "LensFlareOcclusion" (vp)
    Full variant space:         1
    After settings filtering:   1
    After built-in stripping:   1
    After scriptable stripping: 1
    Processed in 0.00 seconds
    starting compilation...
    finished in 0.00 seconds. Local cache hits 1 (0.00s CPU time), remote cache hits 0 (0.00s CPU time), compiled 0 variants (0.00s CPU time), skipped 0 variants
    Prepared data for serialisation in 0.00s
Compiling shader "Hidden/HDRP/LensFlareDataDriven" pass "LensFlareOcclusion" (fp)
    Full variant space:         1
    After settings filtering:   1
    After built-in stripping:   1
    After scriptable stripping: 1
    Processed in 0.00 seconds
    starting compilation...
    finished in 0.00 seconds. Local cache hits 1 (0.00s CPU time), remote cache hits 0 (0.00s CPU time), compiled 0 variants (0.00s CPU time), skipped 0 variants
    Prepared data for serialisation in 0.00s
Serialized binary data for shader Hidden/HDRP/LensFlareDataDriven in 0.00s
    d3d11 (total internal programs: 26, unique: 12)
Compiling shader "Hidden/HDRP/FallbackError" pass "" (vp)
    Full variant space:         6
    After settings filtering:   6
    After built-in stripping:   1
    After scriptable stripping: 1
    Processed in 0.00 seconds
    starting compilation...
    finished in 0.00 seconds. Local cache hits 1 (0.00s CPU time), remote cache hits 0 (0.00s CPU time), compiled 0 variants (0.00s CPU time), skipped 0 variants
    Prepared data for serialisation in 0.00s
Compiling shader "Hidden/HDRP/FallbackError" pass "" (fp)
    Full variant space:         6
    After settings filtering:   6
    After built-in stripping:   1
    After scriptable stripping: 1
    Processed in 0.00 seconds
    starting compilation...
    finished in 0.00 seconds. Local cache hits 1 (0.00s CPU time), remote cache hits 0 (0.00s CPU time), compiled 0 variants (0.00s CPU time), skipped 0 variants
    Prepared data for serialisation in 0.00s
Serialized binary data for shader Hidden/HDRP/FallbackError in 0.00s
    d3d11 (total internal programs: 2, unique: 2)
Compiling shader "Hidden/HDRP/CompositeLines" pass "CompositeAll" (vp)
    Full variant space:         1
    After settings filtering:   1
    After built-in stripping:   1
    After scriptable stripping: 1
    Processed in 0.00 seconds
    starting compilation...
    finished in 0.00 seconds. Local cache hits 1 (0.00s CPU time), remote cache hits 0 (0.00s CPU time), compiled 0 variants (0.00s CPU time), skipped 0 variants
    Prepared data for serialisation in 0.00s
Compiling shader "Hidden/HDRP/CompositeLines" pass "CompositeAll" (fp)
    Full variant space:         1
    After settings filtering:   1
    After built-in stripping:   1
    After scriptable stripping: 1
    Processed in 0.00 seconds
    starting compilation...
    finished in 0.00 seconds. Local cache hits 1 (0.00s CPU time), remote cache hits 0 (0.00s CPU time), compiled 0 variants (0.00s CPU time), skipped 0 variants
    Prepared data for serialisation in 0.00s
Compiling shader "Hidden/HDRP/CompositeLines" pass "CompositeColorOnly" (vp)
    Full variant space:         1
    After settings filtering:   1
    After built-in stripping:   1
    After scriptable stripping: 1
    Processed in 0.00 seconds
    starting compilation...
    finished in 0.00 seconds. Local cache hits 1 (0.00s CPU time), remote cache hits 0 (0.00s CPU time), compiled 0 variants (0.00s CPU time), skipped 0 variants
    Prepared data for serialisation in 0.00s
Compiling shader "Hidden/HDRP/CompositeLines" pass "CompositeColorOnly" (fp)
    Full variant space:         1
    After settings filtering:   1
    After built-in stripping:   1
    After scriptable stripping: 1
    Processed in 0.00 seconds
    starting compilation...
    finished in 0.00 seconds. Local cache hits 1 (0.00s CPU time), remote cache hits 0 (0.00s CPU time), compiled 0 variants (0.00s CPU time), skipped 0 variants
    Prepared data for serialisation in 0.00s
Compiling shader "Hidden/HDRP/CompositeLines" pass "CompositeDepthMovecOnly" (vp)
    Full variant space:         1
    After settings filtering:   1
    After built-in stripping:   1
    After scriptable stripping: 1
    Processed in 0.00 seconds
    starting compilation...
    finished in 0.00 seconds. Local cache hits 1 (0.00s CPU time), remote cache hits 0 (0.00s CPU time), compiled 0 variants (0.00s CPU time), skipped 0 variants
    Prepared data for serialisation in 0.00s
Compiling shader "Hidden/HDRP/CompositeLines" pass "CompositeDepthMovecOnly" (fp)
    Full variant space:         1
    After settings filtering:   1
    After built-in stripping:   1
    After scriptable stripping: 1
    Processed in 0.00 seconds
    starting compilation...
    finished in 0.00 seconds. Local cache hits 1 (0.00s CPU time), remote cache hits 0 (0.00s CPU time), compiled 0 variants (0.00s CPU time), skipped 0 variants
    Prepared data for serialisation in 0.00s
Serialized binary data for shader Hidden/HDRP/CompositeLines in 0.00s
    d3d11 (total internal programs: 6, unique: 4)
Compiling shader "Hidden/HDRP/DebugLightVolumes" pass "" (vp)
    Full variant space:         1
    After settings filtering:   1
    After built-in stripping:   1
    After scriptable stripping: 1
    Processed in 0.00 seconds
    starting compilation...
    finished in 0.00 seconds. Local cache hits 1 (0.00s CPU time), remote cache hits 0 (0.00s CPU time), compiled 0 variants (0.00s CPU time), skipped 0 variants
    Prepared data for serialisation in 0.00s
Compiling shader "Hidden/HDRP/DebugLightVolumes" pass "" (fp)
    Full variant space:         1
    After settings filtering:   1
    After built-in stripping:   1
    After scriptable stripping: 1
    Processed in 0.00 seconds
    starting compilation...
    finished in 0.00 seconds. Local cache hits 1 (0.00s CPU time), remote cache hits 0 (0.00s CPU time), compiled 0 variants (0.00s CPU time), skipped 0 variants
    Prepared data for serialisation in 0.00s
Compiling shader "Hidden/HDRP/DebugLightVolumes" pass "" (vp)
    Full variant space:         1
    After settings filtering:   1
    After built-in stripping:   1
    After scriptable stripping: 1
    Processed in 0.00 seconds
    starting compilation...
    finished in 0.00 seconds. Local cache hits 1 (0.00s CPU time), remote cache hits 0 (0.00s CPU time), compiled 0 variants (0.00s CPU time), skipped 0 variants
    Prepared data for serialisation in 0.00s
Compiling shader "Hidden/HDRP/DebugLightVolumes" pass "" (fp)
    Full variant space:         1
    After settings filtering:   1
    After built-in stripping:   1
    After scriptable stripping: 1
    Processed in 0.00 seconds
    starting compilation...
    finished in 0.00 seconds. Local cache hits 1 (0.00s CPU time), remote cache hits 0 (0.00s CPU time), compiled 0 variants (0.00s CPU time), skipped 0 variants
    Prepared data for serialisation in 0.00s
Serialized binary data for shader Hidden/HDRP/DebugLightVolumes in 0.00s
    d3d11 (total internal programs: 4, unique: 4)
Compiling shader "Hidden/HDRP/ClearStencilBuffer" pass "" (vp)
    Full variant space:         1
    After settings filtering:   1
    After built-in stripping:   1
    After scriptable stripping: 1
    Processed in 0.00 seconds
    starting compilation...
    finished in 0.00 seconds. Local cache hits 1 (0.00s CPU time), remote cache hits 0 (0.00s CPU time), compiled 0 variants (0.00s CPU time), skipped 0 variants
    Prepared data for serialisation in 0.00s
Compiling shader "Hidden/HDRP/ClearStencilBuffer" pass "" (fp)
    Full variant space:         1
    After settings filtering:   1
    After built-in stripping:   1
    After scriptable stripping: 1
    Processed in 0.00 seconds
    starting compilation...
    finished in 0.00 seconds. Local cache hits 1 (0.00s CPU time), remote cache hits 0 (0.00s CPU time), compiled 0 variants (0.00s CPU time), skipped 0 variants
    Prepared data for serialisation in 0.00s
Serialized binary data for shader Hidden/HDRP/ClearStencilBuffer in 0.00s
    d3d11 (total internal programs: 2, unique: 2)
Compiling shader "Hidden/ScriptableRenderPipeline/DebugDisplayHDShadowMap" pass "RegularShadow" (vp)
    Full variant space:         1
    After settings filtering:   1
    After built-in stripping:   1
    After scriptable stripping: 1
    Processed in 0.00 seconds
    starting compilation...
    finished in 0.00 seconds. Local cache hits 1 (0.00s CPU time), remote cache hits 0 (0.00s CPU time), compiled 0 variants (0.00s CPU time), skipped 0 variants
    Prepared data for serialisation in 0.00s
Compiling shader "Hidden/ScriptableRenderPipeline/DebugDisplayHDShadowMap" pass "RegularShadow" (fp)
    Full variant space:         1
    After settings filtering:   1
    After built-in stripping:   1
    After scriptable stripping: 1
    Processed in 0.00 seconds
    starting compilation...
    finished in 0.00 seconds. Local cache hits 1 (0.00s CPU time), remote cache hits 0 (0.00s CPU time), compiled 0 variants (0.00s CPU time), skipped 0 variants
    Prepared data for serialisation in 0.00s
Compiling shader "Hidden/ScriptableRenderPipeline/DebugDisplayHDShadowMap" pass "VarianceShadow" (vp)
    Full variant space:         1
    After settings filtering:   1
    After built-in stripping:   1
    After scriptable stripping: 1
    Processed in 0.00 seconds
    starting compilation...
    finished in 0.00 seconds. Local cache hits 1 (0.00s CPU time), remote cache hits 0 (0.00s CPU time), compiled 0 variants (0.00s CPU time), skipped 0 variants
    Prepared data for serialisation in 0.00s
Compiling shader "Hidden/ScriptableRenderPipeline/DebugDisplayHDShadowMap" pass "VarianceShadow" (fp)
    Full variant space:         1
    After settings filtering:   1
    After built-in stripping:   1
    After scriptable stripping: 1
    Processed in 0.00 seconds
    starting compilation...
    finished in 0.00 seconds. Local cache hits 1 (0.00s CPU time), remote cache hits 0 (0.00s CPU time), compiled 0 variants (0.00s CPU time), skipped 0 variants
    Prepared data for serialisation in 0.00s
Serialized binary data for shader Hidden/ScriptableRenderPipeline/DebugDisplayHDShadowMap in 0.00s
    d3d11 (total internal programs: 4, unique: 3)
Compiling shader "Hidden/PostProcessing/SubpixelMorphologicalAntialiasing" pass "Edge detection" (vp)
    Full variant space:         1
    After settings filtering:   1
    After built-in stripping:   1
    After scriptable stripping: 1
    Processed in 0.00 seconds
    starting compilation...
    finished in 0.00 seconds. Local cache hits 1 (0.00s CPU time), remote cache hits 0 (0.00s CPU time), compiled 0 variants (0.00s CPU time), skipped 0 variants
    Prepared data for serialisation in 0.00s
Compiling shader "Hidden/PostProcessing/SubpixelMorphologicalAntialiasing" pass "Edge detection" (fp)
    Full variant space:         3
    After settings filtering:   3
    After built-in stripping:   3
    After scriptable stripping: 3
    Processed in 0.00 seconds
    starting compilation...
    finished in 0.00 seconds. Local cache hits 3 (0.00s CPU time), remote cache hits 0 (0.00s CPU time), compiled 0 variants (0.00s CPU time), skipped 0 variants
    Prepared data for serialisation in 0.00s
Compiling shader "Hidden/PostProcessing/SubpixelMorphologicalAntialiasing" pass "Blend Weights Calculation" (vp)
    Full variant space:         1
    After settings filtering:   1
    After built-in stripping:   1
    After scriptable stripping: 1
    Processed in 0.00 seconds
    starting compilation...
    finished in 0.00 seconds. Local cache hits 1 (0.00s CPU time), remote cache hits 0 (0.00s CPU time), compiled 0 variants (0.00s CPU time), skipped 0 variants
    Prepared data for serialisation in 0.00s
Compiling shader "Hidden/PostProcessing/SubpixelMorphologicalAntialiasing" pass "Blend Weights Calculation" (fp)
    Full variant space:         3
    After settings filtering:   3
    After built-in stripping:   3
    After scriptable stripping: 3
    Processed in 0.00 seconds
    starting compilation...
    finished in 0.00 seconds. Local cache hits 3 (0.00s CPU time), remote cache hits 0 (0.00s CPU time), compiled 0 variants (0.00s CPU time), skipped 0 variants
    Prepared data for serialisation in 0.00s
Compiling shader "Hidden/PostProcessing/SubpixelMorphologicalAntialiasing" pass "Neighborhood Blending" (vp)
    Full variant space:         1
    After settings filtering:   1
    After built-in stripping:   1
    After scriptable stripping: 1
    Processed in 0.00 seconds
    starting compilation...
    finished in 0.00 seconds. Local cache hits 1 (0.00s CPU time), remote cache hits 0 (0.00s CPU time), compiled 0 variants (0.00s CPU time), skipped 0 variants
    Prepared data for serialisation in 0.00s
Compiling shader "Hidden/PostProcessing/SubpixelMorphologicalAntialiasing" pass "Neighborhood Blending" (fp)
    Full variant space:         3
    After settings filtering:   3
    After built-in stripping:   3
    After scriptable stripping: 3
    Processed in 0.00 seconds
    starting compilation...
    finished in 0.00 seconds. Local cache hits 3 (0.00s CPU time), remote cache hits 0 (0.00s CPU time), compiled 0 variants (0.00s CPU time), skipped 0 variants
    Prepared data for serialisation in 0.00s
Serialized binary data for shader Hidden/PostProcessing/SubpixelMorphologicalAntialiasing in 0.00s
    d3d11 (total internal programs: 12, unique: 12)
Compiling shader "Hidden/HDRP/LensFlareScreenSpace" pass "LensFlareScreenSpac Prefilter" (vp)
    Full variant space:         1
    After settings filtering:   1
    After built-in stripping:   1
    After scriptable stripping: 1
    Processed in 0.00 seconds
    starting compilation...
    finished in 0.00 seconds. Local cache hits 1 (0.00s CPU time), remote cache hits 0 (0.00s CPU time), compiled 0 variants (0.00s CPU time), skipped 0 variants
    Prepared data for serialisation in 0.00s
Compiling shader "Hidden/HDRP/LensFlareScreenSpace" pass "LensFlareScreenSpac Prefilter" (fp)
    Full variant space:         1
    After settings filtering:   1
    After built-in stripping:   1
    After scriptable stripping: 1
    Processed in 0.00 seconds
    starting compilation...
    finished in 0.00 seconds. Local cache hits 1 (0.00s CPU time), remote cache hits 0 (0.00s CPU time), compiled 0 variants (0.00s CPU time), skipped 0 variants
    Prepared data for serialisation in 0.00s
Compiling shader "Hidden/HDRP/LensFlareScreenSpace" pass "LensFlareScreenSpace Downsample" (vp)
    Full variant space:         1
    After settings filtering:   1
    After built-in stripping:   1
    After scriptable stripping: 1
    Processed in 0.00 seconds
    starting compilation...
    finished in 0.00 seconds. Local cache hits 1 (0.00s CPU time), remote cache hits 0 (0.00s CPU time), compiled 0 variants (0.00s CPU time), skipped 0 variants
    Prepared data for serialisation in 0.00s
Compiling shader "Hidden/HDRP/LensFlareScreenSpace" pass "LensFlareScreenSpace Downsample" (fp)
    Full variant space:         1
    After settings filtering:   1
    After built-in stripping:   1
    After scriptable stripping: 1
    Processed in 0.00 seconds
    starting compilation...
    finished in 0.00 seconds. Local cache hits 1 (0.00s CPU time), remote cache hits 0 (0.00s CPU time), compiled 0 variants (0.00s CPU time), skipped 0 variants
    Prepared data for serialisation in 0.00s
Compiling shader "Hidden/HDRP/LensFlareScreenSpace" pass "LensFlareScreenSpace Upsample" (vp)
    Full variant space:         1
    After settings filtering:   1
    After built-in stripping:   1
    After scriptable stripping: 1
    Processed in 0.00 seconds
    starting compilation...
    finished in 0.00 seconds. Local cache hits 1 (0.00s CPU time), remote cache hits 0 (0.00s CPU time), compiled 0 variants (0.00s CPU time), skipped 0 variants
    Prepared data for serialisation in 0.00s
Compiling shader "Hidden/HDRP/LensFlareScreenSpace" pass "LensFlareScreenSpace Upsample" (fp)
    Full variant space:         1
    After settings filtering:   1
    After built-in stripping:   1
    After scriptable stripping: 1
    Processed in 0.00 seconds
    starting compilation...
    finished in 0.00 seconds. Local cache hits 1 (0.00s CPU time), remote cache hits 0 (0.00s CPU time), compiled 0 variants (0.00s CPU time), skipped 0 variants
    Prepared data for serialisation in 0.00s
Compiling shader "Hidden/HDRP/LensFlareScreenSpace" pass "LensFlareScreenSpace Composition" (vp)
    Full variant space:         1
    After settings filtering:   1
    After built-in stripping:   1
    After scriptable stripping: 1
    Processed in 0.00 seconds
    starting compilation...
    finished in 0.00 seconds. Local cache hits 1 (0.00s CPU time), remote cache hits 0 (0.00s CPU time), compiled 0 variants (0.00s CPU time), skipped 0 variants
    Prepared data for serialisation in 0.00s
Compiling shader "Hidden/HDRP/LensFlareScreenSpace" pass "LensFlareScreenSpace Composition" (fp)
    Full variant space:         1
    After settings filtering:   1
    After built-in stripping:   1
    After scriptable stripping: 1
    Processed in 0.00 seconds
    starting compilation...
    finished in 0.00 seconds. Local cache hits 1 (0.00s CPU time), remote cache hits 0 (0.00s CPU time), compiled 0 variants (0.00s CPU time), skipped 0 variants
    Prepared data for serialisation in 0.00s
Compiling shader "Hidden/HDRP/LensFlareScreenSpace" pass "LensFlareScreenSpace Write to BloomTexture" (vp)
    Full variant space:         1
    After settings filtering:   1
    After built-in stripping:   1
    After scriptable stripping: 1
    Processed in 0.00 seconds
    starting compilation...
    finished in 0.00 seconds. Local cache hits 1 (0.00s CPU time), remote cache hits 0 (0.00s CPU time), compiled 0 variants (0.00s CPU time), skipped 0 variants
    Prepared data for serialisation in 0.00s
Compiling shader "Hidden/HDRP/LensFlareScreenSpace" pass "LensFlareScreenSpace Write to BloomTexture" (fp)
    Full variant space:         1
    After settings filtering:   1
    After built-in stripping:   1
    After scriptable stripping: 1
    Processed in 0.00 seconds
    starting compilation...
    finished in 0.00 seconds. Local cache hits 1 (0.00s CPU time), remote cache hits 0 (0.00s CPU time), compiled 0 variants (0.00s CPU time), skipped 0 variants
    Prepared data for serialisation in 0.00s
Serialized binary data for shader Hidden/HDRP/LensFlareScreenSpace in 0.00s
    d3d11 (total internal programs: 10, unique: 6)
Compiling shader "Hidden/HDRP/DebugHDR" pass "" (vp)
    Full variant space:         1
    After settings filtering:   1
    After built-in stripping:   1
    After scriptable stripping: 1
    Processed in 0.00 seconds
    starting compilation...
    finished in 0.00 seconds. Local cache hits 1 (0.00s CPU time), remote cache hits 0 (0.00s CPU time), compiled 0 variants (0.00s CPU time), skipped 0 variants
    Prepared data for serialisation in 0.00s
Compiling shader "Hidden/HDRP/DebugHDR" pass "" (fp)
    Full variant space:         1
    After settings filtering:   1
    After built-in stripping:   1
    After scriptable stripping: 1
    Processed in 0.00 seconds
    starting compilation...
    finished in 0.00 seconds. Local cache hits 1 (0.00s CPU time), remote cache hits 0 (0.00s CPU time), compiled 0 variants (0.00s CPU time), skipped 0 variants
    Prepared data for serialisation in 0.00s
Compiling shader "Hidden/HDRP/DebugHDR" pass "" (vp)
    Full variant space:         1
    After settings filtering:   1
    After built-in stripping:   1
    After scriptable stripping: 1
    Processed in 0.00 seconds
    starting compilation...
    finished in 0.00 seconds. Local cache hits 1 (0.00s CPU time), remote cache hits 0 (0.00s CPU time), compiled 0 variants (0.00s CPU time), skipped 0 variants
    Prepared data for serialisation in 0.00s
Compiling shader "Hidden/HDRP/DebugHDR" pass "" (fp)
    Full variant space:         1
    After settings filtering:   1
    After built-in stripping:   1
    After scriptable stripping: 1
    Processed in 0.00 seconds
    starting compilation...
    finished in 0.00 seconds. Local cache hits 1 (0.00s CPU time), remote cache hits 0 (0.00s CPU time), compiled 0 variants (0.00s CPU time), skipped 0 variants
    Prepared data for serialisation in 0.00s
Compiling shader "Hidden/HDRP/DebugHDR" pass "" (vp)
    Full variant space:         1
    After settings filtering:   1
    After built-in stripping:   1
    After scriptable stripping: 1
    Processed in 0.00 seconds
    starting compilation...
    finished in 0.00 seconds. Local cache hits 1 (0.00s CPU time), remote cache hits 0 (0.00s CPU time), compiled 0 variants (0.00s CPU time), skipped 0 variants
    Prepared data for serialisation in 0.00s
Compiling shader "Hidden/HDRP/DebugHDR" pass "" (fp)
    Full variant space:         1
    After settings filtering:   1
    After built-in stripping:   1
    After scriptable stripping: 1
    Processed in 0.00 seconds
    starting compilation...
    finished in 0.00 seconds. Local cache hits 1 (0.00s CPU time), remote cache hits 0 (0.00s CPU time), compiled 0 variants (0.00s CPU time), skipped 0 variants
    Prepared data for serialisation in 0.00s
Serialized binary data for shader Hidden/HDRP/DebugHDR in 0.00s
    d3d11 (total internal programs: 6, unique: 4)
Compiling shader "Hidden/HDRP/Sky/HDRISky" pass "FragBaking" (vp)
    Full variant space:         1
    After settings filtering:   1
    After built-in stripping:   1
    After scriptable stripping: 1
    Processed in 0.00 seconds
    starting compilation...
    finished in 0.00 seconds. Local cache hits 1 (0.00s CPU time), remote cache hits 0 (0.00s CPU time), compiled 0 variants (0.00s CPU time), skipped 0 variants
    Prepared data for serialisation in 0.00s
Compiling shader "Hidden/HDRP/Sky/HDRISky" pass "FragBaking" (fp)
    Full variant space:         216
    After settings filtering:   216
    After built-in stripping:   216
    After scriptable stripping: 24
    Processed in 0.00 seconds
    starting compilation...
    finished in 0.00 seconds. Local cache hits 24 (0.04s CPU time), remote cache hits 0 (0.00s CPU time), compiled 0 variants (0.00s CPU time), skipped 0 variants
    Prepared data for serialisation in 0.00s
Compiling shader "Hidden/HDRP/Sky/HDRISky" pass "FragRender" (vp)
    Full variant space:         1
    After settings filtering:   1
    After built-in stripping:   1
    After scriptable stripping: 1
    Processed in 0.00 seconds
    starting compilation...
    finished in 0.00 seconds. Local cache hits 1 (0.00s CPU time), remote cache hits 0 (0.00s CPU time), compiled 0 variants (0.00s CPU time), skipped 0 variants
    Prepared data for serialisation in 0.00s
Compiling shader "Hidden/HDRP/Sky/HDRISky" pass "FragRender" (fp)
    Full variant space:         216
    After settings filtering:   216
    After built-in stripping:   216
    After scriptable stripping: 24
    Processed in 0.00 seconds
    starting compilation...
    finished in 0.00 seconds. Local cache hits 24 (0.04s CPU time), remote cache hits 0 (0.00s CPU time), compiled 0 variants (0.00s CPU time), skipped 0 variants
    Prepared data for serialisation in 0.00s
Compiling shader "Hidden/HDRP/Sky/HDRISky" pass "FragRenderBackplate" (vp)
    Full variant space:         1
    After settings filtering:   1
    After built-in stripping:   1
    After scriptable stripping: 1
    Processed in 0.00 seconds
    starting compilation...
    finished in 0.00 seconds. Local cache hits 1 (0.00s CPU time), remote cache hits 0 (0.00s CPU time), compiled 0 variants (0.00s CPU time), skipped 0 variants
    Prepared data for serialisation in 0.00s
Compiling shader "Hidden/HDRP/Sky/HDRISky" pass "FragRenderBackplate" (fp)
    Full variant space:         216
    After settings filtering:   216
    After built-in stripping:   216
    After scriptable stripping: 24
    Processed in 0.00 seconds
    starting compilation...
    finished in 0.00 seconds. Local cache hits 24 (0.07s CPU time), remote cache hits 0 (0.00s CPU time), compiled 0 variants (0.00s CPU time), skipped 0 variants
    Prepared data for serialisation in 0.00s
Compiling shader "Hidden/HDRP/Sky/HDRISky" pass "FragRenderBackplateDepth" (vp)
    Full variant space:         1
    After settings filtering:   1
    After built-in stripping:   1
    After scriptable stripping: 1
    Processed in 0.00 seconds
    starting compilation...
    finished in 0.00 seconds. Local cache hits 1 (0.00s CPU time), remote cache hits 0 (0.00s CPU time), compiled 0 variants (0.00s CPU time), skipped 0 variants
    Prepared data for serialisation in 0.00s
Compiling shader "Hidden/HDRP/Sky/HDRISky" pass "FragRenderBackplateDepth" (fp)
    Full variant space:         216
    After settings filtering:   216
    After built-in stripping:   216
    After scriptable stripping: 24
    Processed in 0.00 seconds
    starting compilation...
    finished in 0.00 seconds. Local cache hits 24 (0.04s CPU time), remote cache hits 0 (0.00s CPU time), compiled 0 variants (0.00s CPU time), skipped 0 variants
    Prepared data for serialisation in 0.00s
Serialized binary data for shader Hidden/HDRP/Sky/HDRISky in 0.00s
    d3d11 (total internal programs: 100, unique: 97)
Compressed shader 'Hidden/HDRP/Sky/HDRISky' on d3d11 from 1.00MB to 0.10MB
Compressed shader 'Hidden/HDRP/Sky/HDRISky' in 0.04s
Compiling shader "Hidden/HDRP/CustomClear" pass "ClearColorAndStencil" (vp)
    Full variant space:         1
    After settings filtering:   1
    After built-in stripping:   1
    After scriptable stripping: 1
    Processed in 0.00 seconds
    starting compilation...
    finished in 0.00 seconds. Local cache hits 1 (0.00s CPU time), remote cache hits 0 (0.00s CPU time), compiled 0 variants (0.00s CPU time), skipped 0 variants
    Prepared data for serialisation in 0.00s
Compiling shader "Hidden/HDRP/CustomClear" pass "ClearColorAndStencil" (fp)
    Full variant space:         1
    After settings filtering:   1
    After built-in stripping:   1
    After scriptable stripping: 1
    Processed in 0.00 seconds
    starting compilation...
    finished in 0.00 seconds. Local cache hits 1 (0.00s CPU time), remote cache hits 0 (0.00s CPU time), compiled 0 variants (0.00s CPU time), skipped 0 variants
    Prepared data for serialisation in 0.00s
Compiling shader "Hidden/HDRP/CustomClear" pass "DrawTextureAndClearStencil" (vp)
    Full variant space:         1
    After settings filtering:   1
    After built-in stripping:   1
    After scriptable stripping: 1
    Processed in 0.00 seconds
    starting compilation...
    finished in 0.00 seconds. Local cache hits 1 (0.00s CPU time), remote cache hits 0 (0.00s CPU time), compiled 0 variants (0.00s CPU time), skipped 0 variants
    Prepared data for serialisation in 0.00s
Compiling shader "Hidden/HDRP/CustomClear" pass "DrawTextureAndClearStencil" (fp)
    Full variant space:         1
    After settings filtering:   1
    After built-in stripping:   1
    After scriptable stripping: 1
    Processed in 0.00 seconds
    starting compilation...
    finished in 0.00 seconds. Local cache hits 1 (0.00s CPU time), remote cache hits 0 (0.00s CPU time), compiled 0 variants (0.00s CPU time), skipped 0 variants
    Prepared data for serialisation in 0.00s
Serialized binary data for shader Hidden/HDRP/CustomClear in 0.00s
    d3d11 (total internal programs: 4, unique: 4)
Compiling shader "Hidden/HDRP/Sky/PbrSky" pass "PBRSky Cubemap" (vp)
    Full variant space:         1
    After settings filtering:   1
    After built-in stripping:   1
    After scriptable stripping: 1
    Processed in 0.00 seconds
    starting compilation...
    finished in 0.00 seconds. Local cache hits 1 (0.00s CPU time), remote cache hits 0 (0.00s CPU time), compiled 0 variants (0.00s CPU time), skipped 0 variants
    Prepared data for serialisation in 0.00s
Compiling shader "Hidden/HDRP/Sky/PbrSky" pass "PBRSky Cubemap" (fp)
    Full variant space:         2
    After settings filtering:   2
    After built-in stripping:   2
    After scriptable stripping: 2
    Processed in 0.00 seconds
    starting compilation...
    finished in 0.00 seconds. Local cache hits 2 (0.00s CPU time), remote cache hits 0 (0.00s CPU time), compiled 0 variants (0.00s CPU time), skipped 0 variants
    Prepared data for serialisation in 0.00s
Compiling shader "Hidden/HDRP/Sky/PbrSky" pass "PBRSky" (vp)
    Full variant space:         1
    After settings filtering:   1
    After built-in stripping:   1
    After scriptable stripping: 1
    Processed in 0.00 seconds
    starting compilation...
    finished in 0.00 seconds. Local cache hits 1 (0.00s CPU time), remote cache hits 0 (0.00s CPU time), compiled 0 variants (0.00s CPU time), skipped 0 variants
    Prepared data for serialisation in 0.00s
Compiling shader "Hidden/HDRP/Sky/PbrSky" pass "PBRSky" (fp)
    Full variant space:         2
    After settings filtering:   2
    After built-in stripping:   2
    After scriptable stripping: 2
    Processed in 0.00 seconds
    starting compilation...
    finished in 0.00 seconds. Local cache hits 2 (0.00s CPU time), remote cache hits 0 (0.00s CPU time), compiled 0 variants (0.00s CPU time), skipped 0 variants
    Prepared data for serialisation in 0.00s
Serialized binary data for shader Hidden/HDRP/Sky/PbrSky in 0.00s
    d3d11 (total internal programs: 6, unique: 5)
Compiling shader "Hidden/HDRP/PreIntegratedFGD_CookTorrance" pass "" (vp)
    Full variant space:         1
    After settings filtering:   1
    After built-in stripping:   1
    After scriptable stripping: 1
    Processed in 0.00 seconds
    starting compilation...
    finished in 0.00 seconds. Local cache hits 1 (0.00s CPU time), remote cache hits 0 (0.00s CPU time), compiled 0 variants (0.00s CPU time), skipped 0 variants
    Prepared data for serialisation in 0.00s
Compiling shader "Hidden/HDRP/PreIntegratedFGD_CookTorrance" pass "" (fp)
    Full variant space:         1
    After settings filtering:   1
    After built-in stripping:   1
    After scriptable stripping: 1
    Processed in 0.00 seconds
    starting compilation...
    finished in 0.00 seconds. Local cache hits 1 (0.00s CPU time), remote cache hits 0 (0.00s CPU time), compiled 0 variants (0.00s CPU time), skipped 0 variants
    Prepared data for serialisation in 0.00s
Serialized binary data for shader Hidden/HDRP/PreIntegratedFGD_CookTorrance in 0.00s
    d3d11 (total internal programs: 2, unique: 2)
Compiling shader "Hidden/HDRP/BlitColorAndDepth" pass "ColorOnly" (vp)
    Full variant space:         4
    After settings filtering:   4
    After built-in stripping:   4
    After scriptable stripping: 4
    Processed in 0.00 seconds
    starting compilation...
    finished in 0.00 seconds. Local cache hits 4 (0.00s CPU time), remote cache hits 0 (0.00s CPU time), compiled 0 variants (0.00s CPU time), skipped 0 variants
    Prepared data for serialisation in 0.00s
Compiling shader "Hidden/HDRP/BlitColorAndDepth" pass "ColorOnly" (fp)
    Full variant space:         4
    After settings filtering:   4
    After built-in stripping:   4
    After scriptable stripping: 4
    Processed in 0.00 seconds
    starting compilation...
    finished in 0.00 seconds. Local cache hits 4 (0.00s CPU time), remote cache hits 0 (0.00s CPU time), compiled 0 variants (0.00s CPU time), skipped 0 variants
    Prepared data for serialisation in 0.00s
Compiling shader "Hidden/HDRP/BlitColorAndDepth" pass "ColorAndDepth" (vp)
    Full variant space:         4
    After settings filtering:   4
    After built-in stripping:   4
    After scriptable stripping: 4
    Processed in 0.00 seconds
    starting compilation...
    finished in 0.00 seconds. Local cache hits 4 (0.00s CPU time), remote cache hits 0 (0.00s CPU time), compiled 0 variants (0.00s CPU time), skipped 0 variants
    Prepared data for serialisation in 0.00s
Compiling shader "Hidden/HDRP/BlitColorAndDepth" pass "ColorAndDepth" (fp)
    Full variant space:         4
    After settings filtering:   4
    After built-in stripping:   4
    After scriptable stripping: 4
    Processed in 0.00 seconds
    starting compilation...
    finished in 0.00 seconds. Local cache hits 4 (0.00s CPU time), remote cache hits 0 (0.00s CPU time), compiled 0 variants (0.00s CPU time), skipped 0 variants
    Prepared data for serialisation in 0.00s
Serialized binary data for shader Hidden/HDRP/BlitColorAndDepth in 0.00s
    d3d11 (total internal programs: 16, unique: 12)
Compiling shader "Hidden/HDRP/WaterExclusion" pass "StencilTag" (vp)
    Full variant space:         1
    After settings filtering:   1
    After built-in stripping:   1
    After scriptable stripping: 1
    Processed in 0.00 seconds
    starting compilation...
    finished in 0.00 seconds. Local cache hits 1 (0.00s CPU time), remote cache hits 0 (0.00s CPU time), compiled 0 variants (0.00s CPU time), skipped 0 variants
    Prepared data for serialisation in 0.00s
Compiling shader "Hidden/HDRP/WaterExclusion" pass "StencilTag" (fp)
    Full variant space:         1
    After settings filtering:   1
    After built-in stripping:   1
    After scriptable stripping: 1
    Processed in 0.00 seconds
    starting compilation...
    finished in 0.00 seconds. Local cache hits 1 (0.00s CPU time), remote cache hits 0 (0.00s CPU time), compiled 0 variants (0.00s CPU time), skipped 0 variants
    Prepared data for serialisation in 0.00s
Serialized binary data for shader Hidden/HDRP/WaterExclusion in 0.00s
    d3d11 (total internal programs: 2, unique: 2)
Compiling shader "Hidden/Core/ProbeVolumeSamplingDebug" pass "ForwardOnly" (vp)
    Full variant space:         2
    After settings filtering:   2
    After built-in stripping:   1
    After scriptable stripping: 1
    Processed in 0.00 seconds
    starting compilation...
    finished in 0.00 seconds. Local cache hits 1 (0.00s CPU time), remote cache hits 0 (0.00s CPU time), compiled 0 variants (0.00s CPU time), skipped 0 variants
    Prepared data for serialisation in 0.00s
Compiling shader "Hidden/Core/ProbeVolumeSamplingDebug" pass "ForwardOnly" (fp)
    Full variant space:         6
    After settings filtering:   6
    After built-in stripping:   3
    After scriptable stripping: 2
    Processed in 0.00 seconds
    starting compilation...
    finished in 0.00 seconds. Local cache hits 2 (0.00s CPU time), remote cache hits 0 (0.00s CPU time), compiled 0 variants (0.00s CPU time), skipped 0 variants
    Prepared data for serialisation in 0.00s
Serialized binary data for shader Hidden/Core/ProbeVolumeSamplingDebug in 0.00s
    d3d11 (total internal programs: 3, unique: 3)
Compiling shader "Hidden/HDRP/ScreenSpaceShadows" pass "" (vp)
    Full variant space:         1
    After settings filtering:   1
    After built-in stripping:   1
    After scriptable stripping: 0
    Processed in 0.00 seconds
    Prepared data for serialisation in 0.00s
Serialized binary data for shader Hidden/HDRP/ScreenSpaceShadows in 0.00s
    d3d11 (total internal programs: 0, unique: 0)
Compiling shader "Hidden/HDRP/DebugDisplayLatlong" pass "" (vp)
    Full variant space:         1
    After settings filtering:   1
    After built-in stripping:   1
    After scriptable stripping: 1
    Processed in 0.00 seconds
    starting compilation...
    finished in 0.00 seconds. Local cache hits 1 (0.00s CPU time), remote cache hits 0 (0.00s CPU time), compiled 0 variants (0.00s CPU time), skipped 0 variants
    Prepared data for serialisation in 0.00s
Compiling shader "Hidden/HDRP/DebugDisplayLatlong" pass "" (fp)
    Full variant space:         1
    After settings filtering:   1
    After built-in stripping:   1
    After scriptable stripping: 1
    Processed in 0.00 seconds
    starting compilation...
    finished in 0.00 seconds. Local cache hits 1 (0.00s CPU time), remote cache hits 0 (0.00s CPU time), compiled 0 variants (0.00s CPU time), skipped 0 variants
    Prepared data for serialisation in 0.00s
Serialized binary data for shader Hidden/HDRP/DebugDisplayLatlong in 0.00s
    d3d11 (total internal programs: 2, unique: 2)
Compiling shader "Hidden/CoreResources/FilterAreaLightCookies" pass "" (vp)
    Full variant space:         1
    After settings filtering:   1
    After built-in stripping:   1
    After scriptable stripping: 1
    Processed in 0.00 seconds
    starting compilation...
    finished in 0.00 seconds. Local cache hits 1 (0.00s CPU time), remote cache hits 0 (0.00s CPU time), compiled 0 variants (0.00s CPU time), skipped 0 variants
    Prepared data for serialisation in 0.00s
Compiling shader "Hidden/CoreResources/FilterAreaLightCookies" pass "" (fp)
    Full variant space:         1
    After settings filtering:   1
    After built-in stripping:   1
    After scriptable stripping: 1
    Processed in 0.00 seconds
    starting compilation...
    finished in 0.00 seconds. Local cache hits 1 (0.00s CPU time), remote cache hits 0 (0.00s CPU time), compiled 0 variants (0.00s CPU time), skipped 0 variants
    Prepared data for serialisation in 0.00s
Compiling shader "Hidden/CoreResources/FilterAreaLightCookies" pass "" (vp)
    Full variant space:         1
    After settings filtering:   1
    After built-in stripping:   1
    After scriptable stripping: 1
    Processed in 0.00 seconds
    starting compilation...
    finished in 0.00 seconds. Local cache hits 1 (0.00s CPU time), remote cache hits 0 (0.00s CPU time), compiled 0 variants (0.00s CPU time), skipped 0 variants
    Prepared data for serialisation in 0.00s
Compiling shader "Hidden/CoreResources/FilterAreaLightCookies" pass "" (fp)
    Full variant space:         1
    After settings filtering:   1
    After built-in stripping:   1
    After scriptable stripping: 1
    Processed in 0.00 seconds
    starting compilation...
    finished in 0.00 seconds. Local cache hits 1 (0.00s CPU time), remote cache hits 0 (0.00s CPU time), compiled 0 variants (0.00s CPU time), skipped 0 variants
    Prepared data for serialisation in 0.00s
Compiling shader "Hidden/CoreResources/FilterAreaLightCookies" pass "" (vp)
    Full variant space:         1
    After settings filtering:   1
    After built-in stripping:   1
    After scriptable stripping: 1
    Processed in 0.00 seconds
    starting compilation...
    finished in 0.00 seconds. Local cache hits 1 (0.00s CPU time), remote cache hits 0 (0.00s CPU time), compiled 0 variants (0.00s CPU time), skipped 0 variants
    Prepared data for serialisation in 0.00s
Compiling shader "Hidden/CoreResources/FilterAreaLightCookies" pass "" (fp)
    Full variant space:         1
    After settings filtering:   1
    After built-in stripping:   1
    After scriptable stripping: 1
    Processed in 0.00 seconds
    starting compilation...
    finished in 0.00 seconds. Local cache hits 1 (0.00s CPU time), remote cache hits 0 (0.00s CPU time), compiled 0 variants (0.00s CPU time), skipped 0 variants
    Prepared data for serialisation in 0.00s
Compiling shader "Hidden/CoreResources/FilterAreaLightCookies" pass "" (vp)
    Full variant space:         1
    After settings filtering:   1
    After built-in stripping:   1
    After scriptable stripping: 1
    Processed in 0.00 seconds
    starting compilation...
    finished in 0.00 seconds. Local cache hits 1 (0.00s CPU time), remote cache hits 0 (0.00s CPU time), compiled 0 variants (0.00s CPU time), skipped 0 variants
    Prepared data for serialisation in 0.00s
Compiling shader "Hidden/CoreResources/FilterAreaLightCookies" pass "" (fp)
    Full variant space:         1
    After settings filtering:   1
    After built-in stripping:   1
    After scriptable stripping: 1
    Processed in 0.00 seconds
    starting compilation...
    finished in 0.00 seconds. Local cache hits 1 (0.00s CPU time), remote cache hits 0 (0.00s CPU time), compiled 0 variants (0.00s CPU time), skipped 0 variants
    Prepared data for serialisation in 0.00s
Serialized binary data for shader Hidden/CoreResources/FilterAreaLightCookies in 0.00s
    d3d11 (total internal programs: 8, unique: 5)
Compiling shader "HDRP/Unlit" pass "DepthForwardOnly" (vp)
    Full variant space:         4
    After settings filtering:   4
    After built-in stripping:   1
    After scriptable stripping: 1
    Processed in 0.00 seconds
    starting compilation...
    finished in 0.00 seconds. Local cache hits 1 (0.00s CPU time), remote cache hits 0 (0.00s CPU time), compiled 0 variants (0.00s CPU time), skipped 0 variants
    Prepared data for serialisation in 0.00s
Compiling shader "HDRP/Unlit" pass "DepthForwardOnly" (fp)
    Full variant space:         16
    After settings filtering:   16
    After built-in stripping:   4
    After scriptable stripping: 2
    Processed in 0.00 seconds
    starting compilation...
    finished in 0.00 seconds. Local cache hits 2 (0.00s CPU time), remote cache hits 0 (0.00s CPU time), compiled 0 variants (0.00s CPU time), skipped 0 variants
    Prepared data for serialisation in 0.00s
Compiling shader "HDRP/Unlit" pass "MotionVectors" (vp)
    Full variant space:         4
    After settings filtering:   4
    After built-in stripping:   1
    After scriptable stripping: 1
    Processed in 0.00 seconds
    starting compilation...
    finished in 0.00 seconds. Local cache hits 1 (0.00s CPU time), remote cache hits 0 (0.00s CPU time), compiled 0 variants (0.00s CPU time), skipped 0 variants
    Prepared data for serialisation in 0.00s
Compiling shader "HDRP/Unlit" pass "MotionVectors" (fp)
    Full variant space:         16
    After settings filtering:   16
    After built-in stripping:   4
    After scriptable stripping: 2
    Processed in 0.00 seconds
    starting compilation...
    finished in 0.00 seconds. Local cache hits 2 (0.00s CPU time), remote cache hits 0 (0.00s CPU time), compiled 0 variants (0.00s CPU time), skipped 0 variants
    Prepared data for serialisation in 0.00s
Compiling shader "HDRP/Unlit" pass "ForwardOnly" (vp)
    Full variant space:         16
    After settings filtering:   16
    After built-in stripping:   4
    After scriptable stripping: 4
    Processed in 0.00 seconds
    starting compilation...
    finished in 0.00 seconds. Local cache hits 4 (0.00s CPU time), remote cache hits 0 (0.00s CPU time), compiled 0 variants (0.00s CPU time), skipped 0 variants
    Prepared data for serialisation in 0.00s
Compiling shader "HDRP/Unlit" pass "ForwardOnly" (fp)
    Full variant space:         24
    After settings filtering:   24
    After built-in stripping:   6
    After scriptable stripping: 6
    Processed in 0.00 seconds
    starting compilation...
    finished in 0.00 seconds. Local cache hits 6 (0.00s CPU time), remote cache hits 0 (0.00s CPU time), compiled 0 variants (0.00s CPU time), skipped 0 variants
    Prepared data for serialisation in 0.00s
Compiling shader "HDRP/Unlit" pass "ShadowCaster" (vp)
    Full variant space:         4
    After settings filtering:   4
    After built-in stripping:   1
    After scriptable stripping: 1
    Processed in 0.00 seconds
    starting compilation...
    finished in 0.00 seconds. Local cache hits 1 (0.00s CPU time), remote cache hits 0 (0.00s CPU time), compiled 0 variants (0.00s CPU time), skipped 0 variants
    Prepared data for serialisation in 0.00s
Compiling shader "HDRP/Unlit" pass "ShadowCaster" (fp)
    Full variant space:         8
    After settings filtering:   8
    After built-in stripping:   2
    After scriptable stripping: 2
    Processed in 0.00 seconds
    starting compilation...
    finished in 0.00 seconds. Local cache hits 2 (0.00s CPU time), remote cache hits 0 (0.00s CPU time), compiled 0 variants (0.00s CPU time), skipped 0 variants
    Prepared data for serialisation in 0.00s
Compiling shader "HDRP/Unlit" pass "DistortionVectors" (vp)
    Full variant space:         8
    After settings filtering:   8
    After built-in stripping:   2
    After scriptable stripping: 1
    Processed in 0.00 seconds
    starting compilation...
    finished in 0.00 seconds. Local cache hits 1 (0.00s CPU time), remote cache hits 0 (0.00s CPU time), compiled 0 variants (0.00s CPU time), skipped 0 variants
    Prepared data for serialisation in 0.00s
Compiling shader "HDRP/Unlit" pass "DistortionVectors" (fp)
    Full variant space:         12
    After settings filtering:   12
    After built-in stripping:   3
    After scriptable stripping: 1
    Processed in 0.00 seconds
    starting compilation...
    finished in 0.00 seconds. Local cache hits 1 (0.00s CPU time), remote cache hits 0 (0.00s CPU time), compiled 0 variants (0.00s CPU time), skipped 0 variants
    Prepared data for serialisation in 0.00s
Compiling shader "HDRP/Unlit" pass "FullScreenDebug" (vp)
    Full variant space:         16
    After settings filtering:   16
    After built-in stripping:   4
    After scriptable stripping: 4
    Processed in 0.00 seconds
    starting compilation...
    finished in 0.00 seconds. Local cache hits 4 (0.00s CPU time), remote cache hits 0 (0.00s CPU time), compiled 0 variants (0.00s CPU time), skipped 0 variants
    Prepared data for serialisation in 0.00s
Compiling shader "HDRP/Unlit" pass "FullScreenDebug" (fp)
    Full variant space:         24
    After settings filtering:   24
    After built-in stripping:   6
    After scriptable stripping: 6
    Processed in 0.00 seconds
    starting compilation...
    finished in 0.00 seconds. Local cache hits 6 (0.00s CPU time), remote cache hits 0 (0.00s CPU time), compiled 0 variants (0.00s CPU time), skipped 0 variants
    Prepared data for serialisation in 0.00s
Compiling shader "HDRP/Unlit" pass "IndirectDXR" (rs)
    Full variant space:         6
    After settings filtering:   6
    After built-in stripping:   6
    After scriptable stripping: 0
    Processed in 0.00 seconds
    Prepared data for serialisation in 0.00s
Compiling shader "HDRP/Unlit" pass "ForwardDXR" (rs)
    Full variant space:         6
    After settings filtering:   6
    After built-in stripping:   6
    After scriptable stripping: 0
    Processed in 0.00 seconds
    Prepared data for serialisation in 0.00s
Compiling shader "HDRP/Unlit" pass "GBufferDXR" (rs)
    Full variant space:         3
    After settings filtering:   3
    After built-in stripping:   3
    After scriptable stripping: 0
    Processed in 0.00 seconds
    Prepared data for serialisation in 0.00s
Compiling shader "HDRP/Unlit" pass "VisibilityDXR" (rs)
    Full variant space:         6
    After settings filtering:   6
    After built-in stripping:   6
    After scriptable stripping: 0
    Processed in 0.00 seconds
    Prepared data for serialisation in 0.00s
Compiling shader "HDRP/Unlit" pass "DebugDXR" (rs)
    Full variant space:         3
    After settings filtering:   3
    After built-in stripping:   3
    After scriptable stripping: 0
    Processed in 0.00 seconds
    Prepared data for serialisation in 0.00s
Compiling shader "HDRP/Unlit" pass "PathTracingDXR" (rs)
    Full variant space:         6
    After settings filtering:   6
    After built-in stripping:   6
    After scriptable stripping: 0
    Processed in 0.00 seconds
    Prepared data for serialisation in 0.00s
Serialized binary data for shader HDRP/Unlit in 0.00s
    d3d11 (total internal programs: 31, unique: 27)
Compiling shader "Hidden/HDRP/DebugViewTiles" pass "" (vp)
    Full variant space:         16
    After settings filtering:   16
    After built-in stripping:   16
    After scriptable stripping: 16
    Processed in 0.00 seconds
    starting compilation...
    finished in 0.00 seconds. Local cache hits 16 (0.02s CPU time), remote cache hits 0 (0.00s CPU time), compiled 0 variants (0.00s CPU time), skipped 0 variants
    Prepared data for serialisation in 0.00s
Compiling shader "Hidden/HDRP/DebugViewTiles" pass "" (fp)
    Full variant space:         16
    After settings filtering:   16
    After built-in stripping:   16
    After scriptable stripping: 16
    Processed in 0.00 seconds
    starting compilation...
    finished in 0.00 seconds. Local cache hits 16 (0.02s CPU time), remote cache hits 0 (0.00s CPU time), compiled 0 variants (0.00s CPU time), skipped 0 variants
    Prepared data for serialisation in 0.00s
Serialized binary data for shader Hidden/HDRP/DebugViewTiles in 0.00s
    d3d11 (total internal programs: 32, unique: 32)
Compiling shader "Hidden/ScriptableRenderPipeline/ShadowBlit" pass "BlitShadows" (vp)
    Full variant space:         1
    After settings filtering:   1
    After built-in stripping:   1
    After scriptable stripping: 1
    Processed in 0.00 seconds
    starting compilation...
    finished in 0.00 seconds. Local cache hits 1 (0.00s CPU time), remote cache hits 0 (0.00s CPU time), compiled 0 variants (0.00s CPU time), skipped 0 variants
    Prepared data for serialisation in 0.00s
Compiling shader "Hidden/ScriptableRenderPipeline/ShadowBlit" pass "BlitShadows" (fp)
    Full variant space:         1
    After settings filtering:   1
    After built-in stripping:   1
    After scriptable stripping: 1
    Processed in 0.00 seconds
    starting compilation...
    finished in 0.00 seconds. Local cache hits 1 (0.00s CPU time), remote cache hits 0 (0.00s CPU time), compiled 0 variants (0.00s CPU time), skipped 0 variants
    Prepared data for serialisation in 0.00s
Serialized binary data for shader Hidden/ScriptableRenderPipeline/ShadowBlit in 0.00s
    d3d11 (total internal programs: 2, unique: 2)
Compiling shader "Hidden/HDRP/CustomPassRenderersUtils" pass "DepthToColorPass" (vp)
    Full variant space:         4
    After settings filtering:   4
    After built-in stripping:   1
    After scriptable stripping: 1
    Processed in 0.00 seconds
    starting compilation...
    finished in 0.00 seconds. Local cache hits 1 (0.00s CPU time), remote cache hits 0 (0.00s CPU time), compiled 0 variants (0.00s CPU time), skipped 0 variants
    Prepared data for serialisation in 0.00s
Compiling shader "Hidden/HDRP/CustomPassRenderersUtils" pass "DepthToColorPass" (fp)
    Full variant space:         4
    After settings filtering:   4
    After built-in stripping:   1
    After scriptable stripping: 1
    Processed in 0.00 seconds
    starting compilation...
    finished in 0.00 seconds. Local cache hits 1 (0.00s CPU time), remote cache hits 0 (0.00s CPU time), compiled 0 variants (0.00s CPU time), skipped 0 variants
    Prepared data for serialisation in 0.00s
Compiling shader "Hidden/HDRP/CustomPassRenderersUtils" pass "DepthPass" (vp)
    Full variant space:         4
    After settings filtering:   4
    After built-in stripping:   1
    After scriptable stripping: 1
    Processed in 0.00 seconds
    starting compilation...
    finished in 0.00 seconds. Local cache hits 1 (0.00s CPU time), remote cache hits 0 (0.00s CPU time), compiled 0 variants (0.00s CPU time), skipped 0 variants
    Prepared data for serialisation in 0.00s
Compiling shader "Hidden/HDRP/CustomPassRenderersUtils" pass "DepthPass" (fp)
    Full variant space:         4
    After settings filtering:   4
    After built-in stripping:   1
    After scriptable stripping: 1
    Processed in 0.00 seconds
    starting compilation...
    finished in 0.00 seconds. Local cache hits 1 (0.00s CPU time), remote cache hits 0 (0.00s CPU time), compiled 0 variants (0.00s CPU time), skipped 0 variants
    Prepared data for serialisation in 0.00s
Compiling shader "Hidden/HDRP/CustomPassRenderersUtils" pass "NormalToColorPass" (vp)
    Full variant space:         4
    After settings filtering:   4
    After built-in stripping:   1
    After scriptable stripping: 1
    Processed in 0.00 seconds
    starting compilation...
    finished in 0.00 seconds. Local cache hits 1 (0.00s CPU time), remote cache hits 0 (0.00s CPU time), compiled 0 variants (0.00s CPU time), skipped 0 variants
    Prepared data for serialisation in 0.00s
Compiling shader "Hidden/HDRP/CustomPassRenderersUtils" pass "NormalToColorPass" (fp)
    Full variant space:         4
    After settings filtering:   4
    After built-in stripping:   1
    After scriptable stripping: 1
    Processed in 0.00 seconds
    starting compilation...
    finished in 0.00 seconds. Local cache hits 1 (0.00s CPU time), remote cache hits 0 (0.00s CPU time), compiled 0 variants (0.00s CPU time), skipped 0 variants
    Prepared data for serialisation in 0.00s
Compiling shader "Hidden/HDRP/CustomPassRenderersUtils" pass "TangentToColorPass" (vp)
    Full variant space:         4
    After settings filtering:   4
    After built-in stripping:   1
    After scriptable stripping: 1
    Processed in 0.00 seconds
    starting compilation...
    finished in 0.00 seconds. Local cache hits 1 (0.00s CPU time), remote cache hits 0 (0.00s CPU time), compiled 0 variants (0.00s CPU time), skipped 0 variants
    Prepared data for serialisation in 0.00s
Compiling shader "Hidden/HDRP/CustomPassRenderersUtils" pass "TangentToColorPass" (fp)
    Full variant space:         4
    After settings filtering:   4
    After built-in stripping:   1
    After scriptable stripping: 1
    Processed in 0.00 seconds
    starting compilation...
    finished in 0.00 seconds. Local cache hits 1 (0.00s CPU time), remote cache hits 0 (0.00s CPU time), compiled 0 variants (0.00s CPU time), skipped 0 variants
    Prepared data for serialisation in 0.00s
Serialized binary data for shader Hidden/HDRP/CustomPassRenderersUtils in 0.00s
    d3d11 (total internal programs: 8, unique: 5)
Compiling shader "Hidden/HDRP/DebugBlitQuad" pass "" (vp)
    Full variant space:         1
    After settings filtering:   1
    After built-in stripping:   1
    After scriptable stripping: 1
    Processed in 0.00 seconds
    starting compilation...
    finished in 0.00 seconds. Local cache hits 1 (0.00s CPU time), remote cache hits 0 (0.00s CPU time), compiled 0 variants (0.00s CPU time), skipped 0 variants
    Prepared data for serialisation in 0.00s
Compiling shader "Hidden/HDRP/DebugBlitQuad" pass "" (fp)
    Full variant space:         1
    After settings filtering:   1
    After built-in stripping:   1
    After scriptable stripping: 1
    Processed in 0.00 seconds
    starting compilation...
    finished in 0.00 seconds. Local cache hits 1 (0.00s CPU time), remote cache hits 0 (0.00s CPU time), compiled 0 variants (0.00s CPU time), skipped 0 variants
    Prepared data for serialisation in 0.00s
Compiling shader "Hidden/HDRP/DebugBlitQuad" pass "" (vp)
    Full variant space:         1
    After settings filtering:   1
    After built-in stripping:   1
    After scriptable stripping: 1
    Processed in 0.00 seconds
    starting compilation...
    finished in 0.00 seconds. Local cache hits 1 (0.00s CPU time), remote cache hits 0 (0.00s CPU time), compiled 0 variants (0.00s CPU time), skipped 0 variants
    Prepared data for serialisation in 0.00s
Compiling shader "Hidden/HDRP/DebugBlitQuad" pass "" (fp)
    Full variant space:         1
    After settings filtering:   1
    After built-in stripping:   1
    After scriptable stripping: 1
    Processed in 0.00 seconds
    starting compilation...
    finished in 0.00 seconds. Local cache hits 1 (0.00s CPU time), remote cache hits 0 (0.00s CPU time), compiled 0 variants (0.00s CPU time), skipped 0 variants
    Prepared data for serialisation in 0.00s
Serialized binary data for shader Hidden/HDRP/DebugBlitQuad in 0.00s
    d3d11 (total internal programs: 4, unique: 3)
Compiling shader "Hidden/HDRP/WaterDecal" pass "DeformationDecal" (vp)
    Full variant space:         1
    After settings filtering:   1
    After built-in stripping:   1
    After scriptable stripping: 1
    Processed in 0.00 seconds
    starting compilation...
    finished in 0.00 seconds. Local cache hits 1 (0.00s CPU time), remote cache hits 0 (0.00s CPU time), compiled 0 variants (0.00s CPU time), skipped 0 variants
    Prepared data for serialisation in 0.00s
Compiling shader "Hidden/HDRP/WaterDecal" pass "DeformationDecal" (fp)
    Full variant space:         1
    After settings filtering:   1
    After built-in stripping:   1
    After scriptable stripping: 1
    Processed in 0.00 seconds
    starting compilation...
    finished in 0.00 seconds. Local cache hits 1 (0.00s CPU time), remote cache hits 0 (0.00s CPU time), compiled 0 variants (0.00s CPU time), skipped 0 variants
    Prepared data for serialisation in 0.00s
Compiling shader "Hidden/HDRP/WaterDecal" pass "FoamDecal" (vp)
    Full variant space:         1
    After settings filtering:   1
    After built-in stripping:   1
    After scriptable stripping: 1
    Processed in 0.00 seconds
    starting compilation...
    finished in 0.00 seconds. Local cache hits 1 (0.00s CPU time), remote cache hits 0 (0.00s CPU time), compiled 0 variants (0.00s CPU time), skipped 0 variants
    Prepared data for serialisation in 0.00s
Compiling shader "Hidden/HDRP/WaterDecal" pass "FoamDecal" (fp)
    Full variant space:         1
    After settings filtering:   1
    After built-in stripping:   1
    After scriptable stripping: 1
    Processed in 0.00 seconds
    starting compilation...
    finished in 0.00 seconds. Local cache hits 1 (0.00s CPU time), remote cache hits 0 (0.00s CPU time), compiled 0 variants (0.00s CPU time), skipped 0 variants
    Prepared data for serialisation in 0.00s
Compiling shader "Hidden/HDRP/WaterDecal" pass "MaskDecal" (vp)
    Full variant space:         1
    After settings filtering:   1
    After built-in stripping:   1
    After scriptable stripping: 1
    Processed in 0.00 seconds
    starting compilation...
    finished in 0.00 seconds. Local cache hits 1 (0.00s CPU time), remote cache hits 0 (0.00s CPU time), compiled 0 variants (0.00s CPU time), skipped 0 variants
    Prepared data for serialisation in 0.00s
Compiling shader "Hidden/HDRP/WaterDecal" pass "MaskDecal" (fp)
    Full variant space:         1
    After settings filtering:   1
    After built-in stripping:   1
    After scriptable stripping: 1
    Processed in 0.00 seconds
    starting compilation...
    finished in 0.00 seconds. Local cache hits 1 (0.00s CPU time), remote cache hits 0 (0.00s CPU time), compiled 0 variants (0.00s CPU time), skipped 0 variants
    Prepared data for serialisation in 0.00s
Compiling shader "Hidden/HDRP/WaterDecal" pass "LargeCurrentDecal" (vp)
    Full variant space:         1
    After settings filtering:   1
    After built-in stripping:   1
    After scriptable stripping: 1
    Processed in 0.00 seconds
    starting compilation...
    finished in 0.00 seconds. Local cache hits 1 (0.00s CPU time), remote cache hits 0 (0.00s CPU time), compiled 0 variants (0.00s CPU time), skipped 0 variants
    Prepared data for serialisation in 0.00s
Compiling shader "Hidden/HDRP/WaterDecal" pass "LargeCurrentDecal" (fp)
    Full variant space:         1
    After settings filtering:   1
    After built-in stripping:   1
    After scriptable stripping: 1
    Processed in 0.00 seconds
    starting compilation...
    finished in 0.00 seconds. Local cache hits 1 (0.00s CPU time), remote cache hits 0 (0.00s CPU time), compiled 0 variants (0.00s CPU time), skipped 0 variants
    Prepared data for serialisation in 0.00s
Compiling shader "Hidden/HDRP/WaterDecal" pass "RipplesCurrentDecal" (vp)
    Full variant space:         1
    After settings filtering:   1
    After built-in stripping:   1
    After scriptable stripping: 1
    Processed in 0.00 seconds
    starting compilation...
    finished in 0.00 seconds. Local cache hits 1 (0.00s CPU time), remote cache hits 0 (0.00s CPU time), compiled 0 variants (0.00s CPU time), skipped 0 variants
    Prepared data for serialisation in 0.00s
Compiling shader "Hidden/HDRP/WaterDecal" pass "RipplesCurrentDecal" (fp)
    Full variant space:         1
    After settings filtering:   1
    After built-in stripping:   1
    After scriptable stripping: 1
    Processed in 0.00 seconds
    starting compilation...
    finished in 0.00 seconds. Local cache hits 1 (0.00s CPU time), remote cache hits 0 (0.00s CPU time), compiled 0 variants (0.00s CPU time), skipped 0 variants
    Prepared data for serialisation in 0.00s
Compiling shader "Hidden/HDRP/WaterDecal" pass "FoamAttenuation" (vp)
    Full variant space:         1
    After settings filtering:   1
    After built-in stripping:   1
    After scriptable stripping: 1
    Processed in 0.00 seconds
    starting compilation...
    finished in 0.00 seconds. Local cache hits 1 (0.00s CPU time), remote cache hits 0 (0.00s CPU time), compiled 0 variants (0.00s CPU time), skipped 0 variants
    Prepared data for serialisation in 0.00s
Compiling shader "Hidden/HDRP/WaterDecal" pass "FoamAttenuation" (fp)
    Full variant space:         1
    After settings filtering:   1
    After built-in stripping:   1
    After scriptable stripping: 1
    Processed in 0.00 seconds
    starting compilation...
    finished in 0.00 seconds. Local cache hits 1 (0.00s CPU time), remote cache hits 0 (0.00s CPU time), compiled 0 variants (0.00s CPU time), skipped 0 variants
    Prepared data for serialisation in 0.00s
Serialized binary data for shader Hidden/HDRP/WaterDecal in 0.00s
    d3d11 (total internal programs: 12, unique: 11)
Compiling shader "Hidden/BlitCubemap" pass "" (vp)
    Full variant space:         1
    After settings filtering:   1
    After built-in stripping:   1
    After scriptable stripping: 1
    Processed in 0.00 seconds
    starting compilation...
    finished in 0.00 seconds. Local cache hits 1 (0.00s CPU time), remote cache hits 0 (0.00s CPU time), compiled 0 variants (0.00s CPU time), skipped 0 variants
    Prepared data for serialisation in 0.00s
Compiling shader "Hidden/BlitCubemap" pass "" (fp)
    Full variant space:         1
    After settings filtering:   1
    After built-in stripping:   1
    After scriptable stripping: 1
    Processed in 0.00 seconds
    starting compilation...
    finished in 0.00 seconds. Local cache hits 1 (0.00s CPU time), remote cache hits 0 (0.00s CPU time), compiled 0 variants (0.00s CPU time), skipped 0 variants
    Prepared data for serialisation in 0.00s
Serialized binary data for shader Hidden/BlitCubemap in 0.00s
    d3d11 (total internal programs: 2, unique: 2)
Compiling shader "Hidden/HDRP/PreIntegratedFGD_Ward" pass "" (vp)
    Full variant space:         1
    After settings filtering:   1
    After built-in stripping:   1
    After scriptable stripping: 1
    Processed in 0.00 seconds
    starting compilation...
    finished in 0.00 seconds. Local cache hits 1 (0.00s CPU time), remote cache hits 0 (0.00s CPU time), compiled 0 variants (0.00s CPU time), skipped 0 variants
    Prepared data for serialisation in 0.00s
Compiling shader "Hidden/HDRP/PreIntegratedFGD_Ward" pass "" (fp)
    Full variant space:         1
    After settings filtering:   1
    After built-in stripping:   1
    After scriptable stripping: 1
    Processed in 0.00 seconds
    starting compilation...
    finished in 0.00 seconds. Local cache hits 1 (0.00s CPU time), remote cache hits 0 (0.00s CPU time), compiled 0 variants (0.00s CPU time), skipped 0 variants
    Prepared data for serialisation in 0.00s
Serialized binary data for shader Hidden/HDRP/PreIntegratedFGD_Ward in 0.00s
    d3d11 (total internal programs: 2, unique: 2)
Compiling shader "Hidden/SRP/BlitCubeTextureFace" pass "" (vp)
    Full variant space:         1
    After settings filtering:   1
    After built-in stripping:   1
    After scriptable stripping: 1
    Processed in 0.00 seconds
    starting compilation...
    finished in 0.00 seconds. Local cache hits 1 (0.00s CPU time), remote cache hits 0 (0.00s CPU time), compiled 0 variants (0.00s CPU time), skipped 0 variants
    Prepared data for serialisation in 0.00s
Compiling shader "Hidden/SRP/BlitCubeTextureFace" pass "" (fp)
    Full variant space:         1
    After settings filtering:   1
    After built-in stripping:   1
    After scriptable stripping: 1
    Processed in 0.00 seconds
    starting compilation...
    finished in 0.00 seconds. Local cache hits 1 (0.00s CPU time), remote cache hits 0 (0.00s CPU time), compiled 0 variants (0.00s CPU time), skipped 0 variants
    Prepared data for serialisation in 0.00s
Serialized binary data for shader Hidden/SRP/BlitCubeTextureFace in 0.00s
    d3d11 (total internal programs: 2, unique: 2)
Compiling shader "Hidden/Shader Graph/FallbackError" pass "" (vp)
    Full variant space:         4
    After settings filtering:   4
    After built-in stripping:   1
    After scriptable stripping: 1
    Processed in 0.00 seconds
    starting compilation...
    finished in 0.00 seconds. Local cache hits 1 (0.00s CPU time), remote cache hits 0 (0.00s CPU time), compiled 0 variants (0.00s CPU time), skipped 0 variants
    Prepared data for serialisation in 0.00s
Compiling shader "Hidden/Shader Graph/FallbackError" pass "" (fp)
    Full variant space:         4
    After settings filtering:   4
    After built-in stripping:   1
    After scriptable stripping: 1
    Processed in 0.00 seconds
    starting compilation...
    finished in 0.00 seconds. Local cache hits 1 (0.00s CPU time), remote cache hits 0 (0.00s CPU time), compiled 0 variants (0.00s CPU time), skipped 0 variants
    Prepared data for serialisation in 0.00s
Serialized binary data for shader Hidden/Shader Graph/FallbackError in 0.00s
    d3d11 (total internal programs: 2, unique: 2)
Compiling shader "Hidden/Core/ProbeVolumeOffsetDebug" pass "ForwardOnly" (vp)
    Full variant space:         2
    After settings filtering:   2
    After built-in stripping:   1
    After scriptable stripping: 1
    Processed in 0.00 seconds
    starting compilation...
    finished in 0.00 seconds. Local cache hits 1 (0.00s CPU time), remote cache hits 0 (0.00s CPU time), compiled 0 variants (0.00s CPU time), skipped 0 variants
    Prepared data for serialisation in 0.00s
Compiling shader "Hidden/Core/ProbeVolumeOffsetDebug" pass "ForwardOnly" (fp)
    Full variant space:         6
    After settings filtering:   6
    After built-in stripping:   3
    After scriptable stripping: 2
    Processed in 0.00 seconds
    starting compilation...
    finished in 0.00 seconds. Local cache hits 2 (0.00s CPU time), remote cache hits 0 (0.00s CPU time), compiled 0 variants (0.00s CPU time), skipped 0 variants
    Prepared data for serialisation in 0.00s
Serialized binary data for shader Hidden/Core/ProbeVolumeOffsetDebug in 0.00s
    d3d11 (total internal programs: 3, unique: 3)
Compiling shader "Hidden/HDRP/ColorResolve" pass "MSAA1X" (vp)
    Full variant space:         1
    After settings filtering:   1
    After built-in stripping:   1
    After scriptable stripping: 1
    Processed in 0.00 seconds
    starting compilation...
    finished in 0.00 seconds. Local cache hits 1 (0.00s CPU time), remote cache hits 0 (0.00s CPU time), compiled 0 variants (0.00s CPU time), skipped 0 variants
    Prepared data for serialisation in 0.00s
Compiling shader "Hidden/HDRP/ColorResolve" pass "MSAA1X" (fp)
    Full variant space:         1
    After settings filtering:   1
    After built-in stripping:   1
    After scriptable stripping: 1
    Processed in 0.00 seconds
    starting compilation...
    finished in 0.00 seconds. Local cache hits 1 (0.00s CPU time), remote cache hits 0 (0.00s CPU time), compiled 0 variants (0.00s CPU time), skipped 0 variants
    Prepared data for serialisation in 0.00s
Compiling shader "Hidden/HDRP/ColorResolve" pass "MSAA2X" (vp)
    Full variant space:         1
    After settings filtering:   1
    After built-in stripping:   1
    After scriptable stripping: 1
    Processed in 0.00 seconds
    starting compilation...
    finished in 0.00 seconds. Local cache hits 1 (0.00s CPU time), remote cache hits 0 (0.00s CPU time), compiled 0 variants (0.00s CPU time), skipped 0 variants
    Prepared data for serialisation in 0.00s
Compiling shader "Hidden/HDRP/ColorResolve" pass "MSAA2X" (fp)
    Full variant space:         1
    After settings filtering:   1
    After built-in stripping:   1
    After scriptable stripping: 1
    Processed in 0.00 seconds
    starting compilation...
    finished in 0.00 seconds. Local cache hits 1 (0.00s CPU time), remote cache hits 0 (0.00s CPU time), compiled 0 variants (0.00s CPU time), skipped 0 variants
    Prepared data for serialisation in 0.00s
Compiling shader "Hidden/HDRP/ColorResolve" pass "MSAA4X" (vp)
    Full variant space:         1
    After settings filtering:   1
    After built-in stripping:   1
    After scriptable stripping: 1
    Processed in 0.00 seconds
    starting compilation...
    finished in 0.00 seconds. Local cache hits 1 (0.00s CPU time), remote cache hits 0 (0.00s CPU time), compiled 0 variants (0.00s CPU time), skipped 0 variants
    Prepared data for serialisation in 0.00s
Compiling shader "Hidden/HDRP/ColorResolve" pass "MSAA4X" (fp)
    Full variant space:         1
    After settings filtering:   1
    After built-in stripping:   1
    After scriptable stripping: 1
    Processed in 0.00 seconds
    starting compilation...
    finished in 0.00 seconds. Local cache hits 1 (0.00s CPU time), remote cache hits 0 (0.00s CPU time), compiled 0 variants (0.00s CPU time), skipped 0 variants
    Prepared data for serialisation in 0.00s
Compiling shader "Hidden/HDRP/ColorResolve" pass "MSAA8X" (vp)
    Full variant space:         1
    After settings filtering:   1
    After built-in stripping:   1
    After scriptable stripping: 1
    Processed in 0.00 seconds
    starting compilation...
    finished in 0.00 seconds. Local cache hits 1 (0.00s CPU time), remote cache hits 0 (0.00s CPU time), compiled 0 variants (0.00s CPU time), skipped 0 variants
    Prepared data for serialisation in 0.00s
Compiling shader "Hidden/HDRP/ColorResolve" pass "MSAA8X" (fp)
    Full variant space:         1
    After settings filtering:   1
    After built-in stripping:   1
    After scriptable stripping: 1
    Processed in 0.00 seconds
    starting compilation...
    finished in 0.00 seconds. Local cache hits 1 (0.00s CPU time), remote cache hits 0 (0.00s CPU time), compiled 0 variants (0.00s CPU time), skipped 0 variants
    Prepared data for serialisation in 0.00s
Serialized binary data for shader Hidden/HDRP/ColorResolve in 0.00s
    d3d11 (total internal programs: 8, unique: 5)
Compiling shader "Hidden/HDRP/Blit" pass "Nearest" (vp)
    Full variant space:         4
    After settings filtering:   4
    After built-in stripping:   4
    After scriptable stripping: 4
    Processed in 0.00 seconds
    starting compilation...
    finished in 0.00 seconds. Local cache hits 4 (0.00s CPU time), remote cache hits 0 (0.00s CPU time), compiled 0 variants (0.00s CPU time), skipped 0 variants
    Prepared data for serialisation in 0.00s
Compiling shader "Hidden/HDRP/Blit" pass "Nearest" (fp)
    Full variant space:         4
    After settings filtering:   4
    After built-in stripping:   4
    After scriptable stripping: 4
    Processed in 0.00 seconds
    starting compilation...
    finished in 0.00 seconds. Local cache hits 4 (0.00s CPU time), remote cache hits 0 (0.00s CPU time), compiled 0 variants (0.00s CPU time), skipped 0 variants
    Prepared data for serialisation in 0.00s
Compiling shader "Hidden/HDRP/Blit" pass "Bilinear" (vp)
    Full variant space:         4
    After settings filtering:   4
    After built-in stripping:   4
    After scriptable stripping: 4
    Processed in 0.00 seconds
    starting compilation...
    finished in 0.00 seconds. Local cache hits 4 (0.00s CPU time), remote cache hits 0 (0.00s CPU time), compiled 0 variants (0.00s CPU time), skipped 0 variants
    Prepared data for serialisation in 0.00s
Compiling shader "Hidden/HDRP/Blit" pass "Bilinear" (fp)
    Full variant space:         4
    After settings filtering:   4
    After built-in stripping:   4
    After scriptable stripping: 4
    Processed in 0.00 seconds
    starting compilation...
    finished in 0.00 seconds. Local cache hits 4 (0.00s CPU time), remote cache hits 0 (0.00s CPU time), compiled 0 variants (0.00s CPU time), skipped 0 variants
    Prepared data for serialisation in 0.00s
Compiling shader "Hidden/HDRP/Blit" pass "NearestQuad" (vp)
    Full variant space:         4
    After settings filtering:   4
    After built-in stripping:   4
    After scriptable stripping: 4
    Processed in 0.00 seconds
    starting compilation...
    finished in 0.00 seconds. Local cache hits 4 (0.00s CPU time), remote cache hits 0 (0.00s CPU time), compiled 0 variants (0.00s CPU time), skipped 0 variants
    Prepared data for serialisation in 0.00s
Compiling shader "Hidden/HDRP/Blit" pass "NearestQuad" (fp)
    Full variant space:         4
    After settings filtering:   4
    After built-in stripping:   4
    After scriptable stripping: 4
    Processed in 0.00 seconds
    starting compilation...
    finished in 0.00 seconds. Local cache hits 4 (0.00s CPU time), remote cache hits 0 (0.00s CPU time), compiled 0 variants (0.00s CPU time), skipped 0 variants
    Prepared data for serialisation in 0.00s
Compiling shader "Hidden/HDRP/Blit" pass "BilinearQuad" (vp)
    Full variant space:         4
    After settings filtering:   4
    After built-in stripping:   4
    After scriptable stripping: 4
    Processed in 0.00 seconds
    starting compilation...
    finished in 0.00 seconds. Local cache hits 4 (0.00s CPU time), remote cache hits 0 (0.00s CPU time), compiled 0 variants (0.00s CPU time), skipped 0 variants
    Prepared data for serialisation in 0.00s
Compiling shader "Hidden/HDRP/Blit" pass "BilinearQuad" (fp)
    Full variant space:         4
    After settings filtering:   4
    After built-in stripping:   4
    After scriptable stripping: 4
    Processed in 0.00 seconds
    starting compilation...
    finished in 0.00 seconds. Local cache hits 4 (0.00s CPU time), remote cache hits 0 (0.00s CPU time), compiled 0 variants (0.00s CPU time), skipped 0 variants
    Prepared data for serialisation in 0.00s
Compiling shader "Hidden/HDRP/Blit" pass "NearestQuadPadding" (vp)
    Full variant space:         4
    After settings filtering:   4
    After built-in stripping:   4
    After scriptable stripping: 4
    Processed in 0.00 seconds
    starting compilation...
    finished in 0.00 seconds. Local cache hits 4 (0.00s CPU time), remote cache hits 0 (0.00s CPU time), compiled 0 variants (0.00s CPU time), skipped 0 variants
    Prepared data for serialisation in 0.00s
Compiling shader "Hidden/HDRP/Blit" pass "NearestQuadPadding" (fp)
    Full variant space:         4
    After settings filtering:   4
    After built-in stripping:   4
    After scriptable stripping: 4
    Processed in 0.00 seconds
    starting compilation...
    finished in 0.00 seconds. Local cache hits 4 (0.00s CPU time), remote cache hits 0 (0.00s CPU time), compiled 0 variants (0.00s CPU time), skipped 0 variants
    Prepared data for serialisation in 0.00s
Compiling shader "Hidden/HDRP/Blit" pass "BilinearQuadPadding" (vp)
    Full variant space:         4
    After settings filtering:   4
    After built-in stripping:   4
    After scriptable stripping: 4
    Processed in 0.00 seconds
    starting compilation...
    finished in 0.00 seconds. Local cache hits 4 (0.00s CPU time), remote cache hits 0 (0.00s CPU time), compiled 0 variants (0.00s CPU time), skipped 0 variants
    Prepared data for serialisation in 0.00s
Compiling shader "Hidden/HDRP/Blit" pass "BilinearQuadPadding" (fp)
    Full variant space:         4
    After settings filtering:   4
    After built-in stripping:   4
    After scriptable stripping: 4
    Processed in 0.00 seconds
    starting compilation...
    finished in 0.00 seconds. Local cache hits 4 (0.00s CPU time), remote cache hits 0 (0.00s CPU time), compiled 0 variants (0.00s CPU time), skipped 0 variants
    Prepared data for serialisation in 0.00s
Compiling shader "Hidden/HDRP/Blit" pass "NearestQuadPaddingRepeat" (vp)
    Full variant space:         4
    After settings filtering:   4
    After built-in stripping:   4
    After scriptable stripping: 4
    Processed in 0.00 seconds
    starting compilation...
    finished in 0.00 seconds. Local cache hits 4 (0.00s CPU time), remote cache hits 0 (0.00s CPU time), compiled 0 variants (0.00s CPU time), skipped 0 variants
    Prepared data for serialisation in 0.00s
Compiling shader "Hidden/HDRP/Blit" pass "NearestQuadPaddingRepeat" (fp)
    Full variant space:         4
    After settings filtering:   4
    After built-in stripping:   4
    After scriptable stripping: 4
    Processed in 0.00 seconds
    starting compilation...
    finished in 0.00 seconds. Local cache hits 4 (0.00s CPU time), remote cache hits 0 (0.00s CPU time), compiled 0 variants (0.00s CPU time), skipped 0 variants
    Prepared data for serialisation in 0.00s
Compiling shader "Hidden/HDRP/Blit" pass "BilinearQuadPaddingRepeat" (vp)
    Full variant space:         4
    After settings filtering:   4
    After built-in stripping:   4
    After scriptable stripping: 4
    Processed in 0.00 seconds
    starting compilation...
    finished in 0.00 seconds. Local cache hits 4 (0.00s CPU time), remote cache hits 0 (0.00s CPU time), compiled 0 variants (0.00s CPU time), skipped 0 variants
    Prepared data for serialisation in 0.00s
Compiling shader "Hidden/HDRP/Blit" pass "BilinearQuadPaddingRepeat" (fp)
    Full variant space:         4
    After settings filtering:   4
    After built-in stripping:   4
    After scriptable stripping: 4
    Processed in 0.00 seconds
    starting compilation...
    finished in 0.00 seconds. Local cache hits 4 (0.00s CPU time), remote cache hits 0 (0.00s CPU time), compiled 0 variants (0.00s CPU time), skipped 0 variants
    Prepared data for serialisation in 0.00s
Compiling shader "Hidden/HDRP/Blit" pass "BilinearQuadPaddingOctahedral" (vp)
    Full variant space:         4
    After settings filtering:   4
    After built-in stripping:   4
    After scriptable stripping: 4
    Processed in 0.00 seconds
    starting compilation...
    finished in 0.00 seconds. Local cache hits 4 (0.00s CPU time), remote cache hits 0 (0.00s CPU time), compiled 0 variants (0.00s CPU time), skipped 0 variants
    Prepared data for serialisation in 0.00s
Compiling shader "Hidden/HDRP/Blit" pass "BilinearQuadPaddingOctahedral" (fp)
    Full variant space:         4
    After settings filtering:   4
    After built-in stripping:   4
    After scriptable stripping: 4
    Processed in 0.00 seconds
    starting compilation...
    finished in 0.00 seconds. Local cache hits 4 (0.00s CPU time), remote cache hits 0 (0.00s CPU time), compiled 0 variants (0.00s CPU time), skipped 0 variants
    Prepared data for serialisation in 0.00s
Compiling shader "Hidden/HDRP/Blit" pass "NearestQuadPaddingAlphaBlend" (vp)
    Full variant space:         4
    After settings filtering:   4
    After built-in stripping:   4
    After scriptable stripping: 4
    Processed in 0.00 seconds
    starting compilation...
    finished in 0.00 seconds. Local cache hits 4 (0.00s CPU time), remote cache hits 0 (0.00s CPU time), compiled 0 variants (0.00s CPU time), skipped 0 variants
    Prepared data for serialisation in 0.00s
Compiling shader "Hidden/HDRP/Blit" pass "NearestQuadPaddingAlphaBlend" (fp)
    Full variant space:         4
    After settings filtering:   4
    After built-in stripping:   4
    After scriptable stripping: 4
    Processed in 0.00 seconds
    starting compilation...
    finished in 0.00 seconds. Local cache hits 4 (0.00s CPU time), remote cache hits 0 (0.00s CPU time), compiled 0 variants (0.00s CPU time), skipped 0 variants
    Prepared data for serialisation in 0.00s
Compiling shader "Hidden/HDRP/Blit" pass "BilinearQuadPaddingAlphaBlend" (vp)
    Full variant space:         4
    After settings filtering:   4
    After built-in stripping:   4
    After scriptable stripping: 4
    Processed in 0.00 seconds
    starting compilation...
    finished in 0.00 seconds. Local cache hits 4 (0.00s CPU time), remote cache hits 0 (0.00s CPU time), compiled 0 variants (0.00s CPU time), skipped 0 variants
    Prepared data for serialisation in 0.00s
Compiling shader "Hidden/HDRP/Blit" pass "BilinearQuadPaddingAlphaBlend" (fp)
    Full variant space:         4
    After settings filtering:   4
    After built-in stripping:   4
    After scriptable stripping: 4
    Processed in 0.00 seconds
    starting compilation...
    finished in 0.00 seconds. Local cache hits 4 (0.00s CPU time), remote cache hits 0 (0.00s CPU time), compiled 0 variants (0.00s CPU time), skipped 0 variants
    Prepared data for serialisation in 0.00s
Compiling shader "Hidden/HDRP/Blit" pass "NearestQuadPaddingAlphaBlendRepeat" (vp)
    Full variant space:         4
    After settings filtering:   4
    After built-in stripping:   4
    After scriptable stripping: 4
    Processed in 0.00 seconds
    starting compilation...
    finished in 0.00 seconds. Local cache hits 4 (0.00s CPU time), remote cache hits 0 (0.00s CPU time), compiled 0 variants (0.00s CPU time), skipped 0 variants
    Prepared data for serialisation in 0.00s
Compiling shader "Hidden/HDRP/Blit" pass "NearestQuadPaddingAlphaBlendRepeat" (fp)
    Full variant space:         4
    After settings filtering:   4
    After built-in stripping:   4
    After scriptable stripping: 4
    Processed in 0.00 seconds
    starting compilation...
    finished in 0.00 seconds. Local cache hits 4 (0.00s CPU time), remote cache hits 0 (0.00s CPU time), compiled 0 variants (0.00s CPU time), skipped 0 variants
    Prepared data for serialisation in 0.00s
Compiling shader "Hidden/HDRP/Blit" pass "BilinearQuadPaddingAlphaBlendRepeat" (vp)
    Full variant space:         4
    After settings filtering:   4
    After built-in stripping:   4
    After scriptable stripping: 4
    Processed in 0.00 seconds
    starting compilation...
    finished in 0.00 seconds. Local cache hits 4 (0.00s CPU time), remote cache hits 0 (0.00s CPU time), compiled 0 variants (0.00s CPU time), skipped 0 variants
    Prepared data for serialisation in 0.00s
Compiling shader "Hidden/HDRP/Blit" pass "BilinearQuadPaddingAlphaBlendRepeat" (fp)
    Full variant space:         4
    After settings filtering:   4
    After built-in stripping:   4
    After scriptable stripping: 4
    Processed in 0.00 seconds
    starting compilation...
    finished in 0.00 seconds. Local cache hits 4 (0.00s CPU time), remote cache hits 0 (0.00s CPU time), compiled 0 variants (0.00s CPU time), skipped 0 variants
    Prepared data for serialisation in 0.00s
Compiling shader "Hidden/HDRP/Blit" pass "BilinearQuadPaddingAlphaBlendOctahedral" (vp)
    Full variant space:         4
    After settings filtering:   4
    After built-in stripping:   4
    After scriptable stripping: 4
    Processed in 0.00 seconds
    starting compilation...
    finished in 0.00 seconds. Local cache hits 4 (0.00s CPU time), remote cache hits 0 (0.00s CPU time), compiled 0 variants (0.00s CPU time), skipped 0 variants
    Prepared data for serialisation in 0.00s
Compiling shader "Hidden/HDRP/Blit" pass "BilinearQuadPaddingAlphaBlendOctahedral" (fp)
    Full variant space:         4
    After settings filtering:   4
    After built-in stripping:   4
    After scriptable stripping: 4
    Processed in 0.00 seconds
    starting compilation...
    finished in 0.00 seconds. Local cache hits 4 (0.00s CPU time), remote cache hits 0 (0.00s CPU time), compiled 0 variants (0.00s CPU time), skipped 0 variants
    Prepared data for serialisation in 0.00s
Compiling shader "Hidden/HDRP/Blit" pass "CubeToOctahedral" (vp)
    Full variant space:         4
    After settings filtering:   4
    After built-in stripping:   4
    After scriptable stripping: 4
    Processed in 0.00 seconds
    starting compilation...
    finished in 0.00 seconds. Local cache hits 4 (0.00s CPU time), remote cache hits 0 (0.00s CPU time), compiled 0 variants (0.00s CPU time), skipped 0 variants
    Prepared data for serialisation in 0.00s
Compiling shader "Hidden/HDRP/Blit" pass "CubeToOctahedral" (fp)
    Full variant space:         4
    After settings filtering:   4
    After built-in stripping:   4
    After scriptable stripping: 4
    Processed in 0.00 seconds
    starting compilation...
    finished in 0.00 seconds. Local cache hits 4 (0.00s CPU time), remote cache hits 0 (0.00s CPU time), compiled 0 variants (0.00s CPU time), skipped 0 variants
    Prepared data for serialisation in 0.00s
Compiling shader "Hidden/HDRP/Blit" pass "CubeToOctahedralLuminance" (vp)
    Full variant space:         4
    After settings filtering:   4
    After built-in stripping:   4
    After scriptable stripping: 4
    Processed in 0.00 seconds
    starting compilation...
    finished in 0.00 seconds. Local cache hits 4 (0.00s CPU time), remote cache hits 0 (0.00s CPU time), compiled 0 variants (0.00s CPU time), skipped 0 variants
    Prepared data for serialisation in 0.00s
Compiling shader "Hidden/HDRP/Blit" pass "CubeToOctahedralLuminance" (fp)
    Full variant space:         4
    After settings filtering:   4
    After built-in stripping:   4
    After scriptable stripping: 4
    Processed in 0.00 seconds
    starting compilation...
    finished in 0.00 seconds. Local cache hits 4 (0.00s CPU time), remote cache hits 0 (0.00s CPU time), compiled 0 variants (0.00s CPU time), skipped 0 variants
    Prepared data for serialisation in 0.00s
Compiling shader "Hidden/HDRP/Blit" pass "CubeToOctahedralAlpha" (vp)
    Full variant space:         4
    After settings filtering:   4
    After built-in stripping:   4
    After scriptable stripping: 4
    Processed in 0.00 seconds
    starting compilation...
    finished in 0.00 seconds. Local cache hits 4 (0.00s CPU time), remote cache hits 0 (0.00s CPU time), compiled 0 variants (0.00s CPU time), skipped 0 variants
    Prepared data for serialisation in 0.00s
Compiling shader "Hidden/HDRP/Blit" pass "CubeToOctahedralAlpha" (fp)
    Full variant space:         4
    After settings filtering:   4
    After built-in stripping:   4
    After scriptable stripping: 4
    Processed in 0.00 seconds
    starting compilation...
    finished in 0.00 seconds. Local cache hits 4 (0.00s CPU time), remote cache hits 0 (0.00s CPU time), compiled 0 variants (0.00s CPU time), skipped 0 variants
    Prepared data for serialisation in 0.00s
Compiling shader "Hidden/HDRP/Blit" pass "CubeToOctahedralRed" (vp)
    Full variant space:         4
    After settings filtering:   4
    After built-in stripping:   4
    After scriptable stripping: 4
    Processed in 0.00 seconds
    starting compilation...
    finished in 0.00 seconds. Local cache hits 4 (0.00s CPU time), remote cache hits 0 (0.00s CPU time), compiled 0 variants (0.00s CPU time), skipped 0 variants
    Prepared data for serialisation in 0.00s
Compiling shader "Hidden/HDRP/Blit" pass "CubeToOctahedralRed" (fp)
    Full variant space:         4
    After settings filtering:   4
    After built-in stripping:   4
    After scriptable stripping: 4
    Processed in 0.00 seconds
    starting compilation...
    finished in 0.00 seconds. Local cache hits 4 (0.00s CPU time), remote cache hits 0 (0.00s CPU time), compiled 0 variants (0.00s CPU time), skipped 0 variants
    Prepared data for serialisation in 0.00s
Compiling shader "Hidden/HDRP/Blit" pass "BilinearQuadLuminance" (vp)
    Full variant space:         4
    After settings filtering:   4
    After built-in stripping:   4
    After scriptable stripping: 4
    Processed in 0.00 seconds
    starting compilation...
    finished in 0.00 seconds. Local cache hits 4 (0.00s CPU time), remote cache hits 0 (0.00s CPU time), compiled 0 variants (0.00s CPU time), skipped 0 variants
    Prepared data for serialisation in 0.00s
Compiling shader "Hidden/HDRP/Blit" pass "BilinearQuadLuminance" (fp)
    Full variant space:         4
    After settings filtering:   4
    After built-in stripping:   4
    After scriptable stripping: 4
    Processed in 0.00 seconds
    starting compilation...
    finished in 0.00 seconds. Local cache hits 4 (0.00s CPU time), remote cache hits 0 (0.00s CPU time), compiled 0 variants (0.00s CPU time), skipped 0 variants
    Prepared data for serialisation in 0.00s
Compiling shader "Hidden/HDRP/Blit" pass "BilinearQuadAlpha" (vp)
    Full variant space:         4
    After settings filtering:   4
    After built-in stripping:   4
    After scriptable stripping: 4
    Processed in 0.00 seconds
    starting compilation...
    finished in 0.00 seconds. Local cache hits 4 (0.00s CPU time), remote cache hits 0 (0.00s CPU time), compiled 0 variants (0.00s CPU time), skipped 0 variants
    Prepared data for serialisation in 0.00s
Compiling shader "Hidden/HDRP/Blit" pass "BilinearQuadAlpha" (fp)
    Full variant space:         4
    After settings filtering:   4
    After built-in stripping:   4
    After scriptable stripping: 4
    Processed in 0.00 seconds
    starting compilation...
    finished in 0.00 seconds. Local cache hits 4 (0.00s CPU time), remote cache hits 0 (0.00s CPU time), compiled 0 variants (0.00s CPU time), skipped 0 variants
    Prepared data for serialisation in 0.00s
Compiling shader "Hidden/HDRP/Blit" pass "BilinearQuadRed" (vp)
    Full variant space:         4
    After settings filtering:   4
    After built-in stripping:   4
    After scriptable stripping: 4
    Processed in 0.00 seconds
    starting compilation...
    finished in 0.00 seconds. Local cache hits 4 (0.00s CPU time), remote cache hits 0 (0.00s CPU time), compiled 0 variants (0.00s CPU time), skipped 0 variants
    Prepared data for serialisation in 0.00s
Compiling shader "Hidden/HDRP/Blit" pass "BilinearQuadRed" (fp)
    Full variant space:         4
    After settings filtering:   4
    After built-in stripping:   4
    After scriptable stripping: 4
    Processed in 0.00 seconds
    starting compilation...
    finished in 0.00 seconds. Local cache hits 4 (0.00s CPU time), remote cache hits 0 (0.00s CPU time), compiled 0 variants (0.00s CPU time), skipped 0 variants
    Prepared data for serialisation in 0.00s
Compiling shader "Hidden/HDRP/Blit" pass "NearestCubeToOctahedralPadding" (vp)
    Full variant space:         8
    After settings filtering:   8
    After built-in stripping:   8
    After scriptable stripping: 8
    Processed in 0.00 seconds
    starting compilation...
    finished in 0.00 seconds. Local cache hits 8 (0.00s CPU time), remote cache hits 0 (0.00s CPU time), compiled 0 variants (0.00s CPU time), skipped 0 variants
    Prepared data for serialisation in 0.00s
Compiling shader "Hidden/HDRP/Blit" pass "NearestCubeToOctahedralPadding" (fp)
    Full variant space:         8
    After settings filtering:   8
    After built-in stripping:   8
    After scriptable stripping: 8
    Processed in 0.00 seconds
    starting compilation...
    finished in 0.00 seconds. Local cache hits 8 (0.01s CPU time), remote cache hits 0 (0.00s CPU time), compiled 0 variants (0.00s CPU time), skipped 0 variants
    Prepared data for serialisation in 0.00s
Compiling shader "Hidden/HDRP/Blit" pass "BilinearCubeToOctahedralPadding" (vp)
    Full variant space:         8
    After settings filtering:   8
    After built-in stripping:   8
    After scriptable stripping: 8
    Processed in 0.00 seconds
    starting compilation...
    finished in 0.00 seconds. Local cache hits 8 (0.00s CPU time), remote cache hits 0 (0.00s CPU time), compiled 0 variants (0.00s CPU time), skipped 0 variants
    Prepared data for serialisation in 0.00s
Compiling shader "Hidden/HDRP/Blit" pass "BilinearCubeToOctahedralPadding" (fp)
    Full variant space:         8
    After settings filtering:   8
    After built-in stripping:   8
    After scriptable stripping: 8
    Processed in 0.00 seconds
    starting compilation...
    finished in 0.00 seconds. Local cache hits 8 (0.00s CPU time), remote cache hits 0 (0.00s CPU time), compiled 0 variants (0.00s CPU time), skipped 0 variants
    Prepared data for serialisation in 0.00s
Serialized binary data for shader Hidden/HDRP/Blit in 0.00s
    d3d11 (total internal programs: 200, unique: 61)
Compiling shader "Hidden/ScriptableRenderPipeline/ShadowClear" pass "ClearShadow" (vp)
    Full variant space:         1
    After settings filtering:   1
    After built-in stripping:   1
    After scriptable stripping: 1
    Processed in 0.00 seconds
    starting compilation...
    finished in 0.00 seconds. Local cache hits 1 (0.00s CPU time), remote cache hits 0 (0.00s CPU time), compiled 0 variants (0.00s CPU time), skipped 0 variants
    Prepared data for serialisation in 0.00s
Compiling shader "Hidden/ScriptableRenderPipeline/ShadowClear" pass "ClearShadow" (fp)
    Full variant space:         1
    After settings filtering:   1
    After built-in stripping:   1
    After scriptable stripping: 1
    Processed in 0.00 seconds
    starting compilation...
    finished in 0.00 seconds. Local cache hits 1 (0.00s CPU time), remote cache hits 0 (0.00s CPU time), compiled 0 variants (0.00s CPU time), skipped 0 variants
    Prepared data for serialisation in 0.00s
Serialized binary data for shader Hidden/ScriptableRenderPipeline/ShadowClear in 0.00s
    d3d11 (total internal programs: 2, unique: 2)
Compiling shader "Hidden/HDRP/XRMirrorView" pass "" (vp)
    Full variant space:         1
    After settings filtering:   1
    After built-in stripping:   1
    After scriptable stripping: 1
    Processed in 0.00 seconds
    starting compilation...
    finished in 0.00 seconds. Local cache hits 1 (0.00s CPU time), remote cache hits 0 (0.00s CPU time), compiled 0 variants (0.00s CPU time), skipped 0 variants
    Prepared data for serialisation in 0.00s
Compiling shader "Hidden/HDRP/XRMirrorView" pass "" (fp)
    Full variant space:         4
    After settings filtering:   4
    After built-in stripping:   4
    After scriptable stripping: 2
    Processed in 0.00 seconds
    starting compilation...
    finished in 0.00 seconds. Local cache hits 2 (0.00s CPU time), remote cache hits 0 (0.00s CPU time), compiled 0 variants (0.00s CPU time), skipped 0 variants
    Prepared data for serialisation in 0.00s
Serialized binary data for shader Hidden/HDRP/XRMirrorView in 0.00s
    d3d11 (total internal programs: 3, unique: 3)
Compiling shader "Hidden/HDRP/DebugFullScreen" pass "" (vp)
    Full variant space:         1
    After settings filtering:   1
    After built-in stripping:   1
    After scriptable stripping: 1
    Processed in 0.00 seconds
    starting compilation...
    finished in 0.00 seconds. Local cache hits 1 (0.00s CPU time), remote cache hits 0 (0.00s CPU time), compiled 0 variants (0.00s CPU time), skipped 0 variants
    Prepared data for serialisation in 0.00s
Compiling shader "Hidden/HDRP/DebugFullScreen" pass "" (fp)
    Full variant space:         1
    After settings filtering:   1
    After built-in stripping:   1
    After scriptable stripping: 1
    Processed in 0.00 seconds
    starting compilation...
    finished in 0.00 seconds. Local cache hits 1 (0.00s CPU time), remote cache hits 0 (0.00s CPU time), compiled 0 variants (0.00s CPU time), skipped 0 variants
    Prepared data for serialisation in 0.00s
Serialized binary data for shader Hidden/HDRP/DebugFullScreen in 0.00s
    d3d11 (total internal programs: 2, unique: 2)
Compiling shader "Hidden/HDRP/MotionVecResolve" pass "" (vp)
    Full variant space:         1
    After settings filtering:   1
    After built-in stripping:   1
    After scriptable stripping: 1
    Processed in 0.00 seconds
    starting compilation...
    finished in 0.00 seconds. Local cache hits 1 (0.00s CPU time), remote cache hits 0 (0.00s CPU time), compiled 0 variants (0.00s CPU time), skipped 0 variants
    Prepared data for serialisation in 0.00s
Compiling shader "Hidden/HDRP/MotionVecResolve" pass "" (fp)
    Full variant space:         1
    After settings filtering:   1
    After built-in stripping:   1
    After scriptable stripping: 1
    Processed in 0.00 seconds
    starting compilation...
    finished in 0.00 seconds. Local cache hits 1 (0.00s CPU time), remote cache hits 0 (0.00s CPU time), compiled 0 variants (0.00s CPU time), skipped 0 variants
    Prepared data for serialisation in 0.00s
Compiling shader "Hidden/HDRP/MotionVecResolve" pass "" (vp)
    Full variant space:         1
    After settings filtering:   1
    After built-in stripping:   1
    After scriptable stripping: 1
    Processed in 0.00 seconds
    starting compilation...
    finished in 0.00 seconds. Local cache hits 1 (0.00s CPU time), remote cache hits 0 (0.00s CPU time), compiled 0 variants (0.00s CPU time), skipped 0 variants
    Prepared data for serialisation in 0.00s
Compiling shader "Hidden/HDRP/MotionVecResolve" pass "" (fp)
    Full variant space:         1
    After settings filtering:   1
    After built-in stripping:   1
    After scriptable stripping: 1
    Processed in 0.00 seconds
    starting compilation...
    finished in 0.00 seconds. Local cache hits 1 (0.00s CPU time), remote cache hits 0 (0.00s CPU time), compiled 0 variants (0.00s CPU time), skipped 0 variants
    Prepared data for serialisation in 0.00s
Compiling shader "Hidden/HDRP/MotionVecResolve" pass "" (vp)
    Full variant space:         1
    After settings filtering:   1
    After built-in stripping:   1
    After scriptable stripping: 1
    Processed in 0.00 seconds
    starting compilation...
    finished in 0.00 seconds. Local cache hits 1 (0.00s CPU time), remote cache hits 0 (0.00s CPU time), compiled 0 variants (0.00s CPU time), skipped 0 variants
    Prepared data for serialisation in 0.00s
Compiling shader "Hidden/HDRP/MotionVecResolve" pass "" (fp)
    Full variant space:         1
    After settings filtering:   1
    After built-in stripping:   1
    After scriptable stripping: 1
    Processed in 0.00 seconds
    starting compilation...
    finished in 0.00 seconds. Local cache hits 1 (0.00s CPU time), remote cache hits 0 (0.00s CPU time), compiled 0 variants (0.00s CPU time), skipped 0 variants
    Prepared data for serialisation in 0.00s
Compiling shader "Hidden/HDRP/MotionVecResolve" pass "" (vp)
    Full variant space:         1
    After settings filtering:   1
    After built-in stripping:   1
    After scriptable stripping: 1
    Processed in 0.00 seconds
    starting compilation...
    finished in 0.00 seconds. Local cache hits 1 (0.00s CPU time), remote cache hits 0 (0.00s CPU time), compiled 0 variants (0.00s CPU time), skipped 0 variants
    Prepared data for serialisation in 0.00s
Compiling shader "Hidden/HDRP/MotionVecResolve" pass "" (fp)
    Full variant space:         1
    After settings filtering:   1
    After built-in stripping:   1
    After scriptable stripping: 1
    Processed in 0.00 seconds
    starting compilation...
    finished in 0.00 seconds. Local cache hits 1 (0.00s CPU time), remote cache hits 0 (0.00s CPU time), compiled 0 variants (0.00s CPU time), skipped 0 variants
    Prepared data for serialisation in 0.00s
Serialized binary data for shader Hidden/HDRP/MotionVecResolve in 0.00s
    d3d11 (total internal programs: 8, unique: 5)
Compiling shader "Hidden/HDRP/Material/Decal/DecalNormalBuffer" pass "" (vp)
    Full variant space:         1
    After settings filtering:   1
    After built-in stripping:   1
    After scriptable stripping: 1
    Processed in 0.00 seconds
    starting compilation...
    finished in 0.00 seconds. Local cache hits 1 (0.00s CPU time), remote cache hits 0 (0.00s CPU time), compiled 0 variants (0.00s CPU time), skipped 0 variants
    Prepared data for serialisation in 0.00s
Compiling shader "Hidden/HDRP/Material/Decal/DecalNormalBuffer" pass "" (fp)
    Full variant space:         2
    After settings filtering:   2
    After built-in stripping:   2
    After scriptable stripping: 1
    Processed in 0.00 seconds
    starting compilation...
    finished in 0.00 seconds. Local cache hits 1 (0.00s CPU time), remote cache hits 0 (0.00s CPU time), compiled 0 variants (0.00s CPU time), skipped 0 variants
    Prepared data for serialisation in 0.00s
Serialized binary data for shader Hidden/HDRP/Material/Decal/DecalNormalBuffer in 0.00s
    d3d11 (total internal programs: 2, unique: 2)
Compiling compute shader "StageSetupSegment"
    starting stripping...
    finished in 0.00 seconds. 0 of 4 variants left
Compiling compute shader "DepthOfFieldCoC"
    starting stripping...
    finished in 0.00 seconds. 16 of 16 variants left
    16 variants, starting compilation...
    finished in 0.00 seconds. Local cache hits 1, remote cache hits 0, compiled 15 variants
Compiling compute shader "WaterLighting"
    starting stripping...
    finished in 0.00 seconds. 80 of 720 variants left
    80 variants, starting compilation...
    finished in 0.01 seconds. Local cache hits 1, remote cache hits 0, compiled 79 variants
Compiling compute shader "LensFlareMergeOcclusionDataDriven"
    starting stripping...
    finished in 0.00 seconds. 2 of 2 variants left
    2 variants, starting compilation...
    finished in 0.00 seconds. Local cache hits 1, remote cache hits 0, compiled 1 variants
Compiling compute shader "ProbeVolumeUploadData"
    starting stripping...
    finished in 0.00 seconds. 32 of 32 variants left
    32 variants, starting compilation...
    finished in 0.00 seconds. Local cache hits 1, remote cache hits 0, compiled 31 variants
Compiling compute shader "BakeCloudTexture"
    starting stripping...
    finished in 0.00 seconds. 4 of 4 variants left
    4 variants, starting compilation...
    finished in 0.00 seconds. Local cache hits 1, remote cache hits 0, compiled 3 variants
Compiling compute shader "Deferred"
    starting stripping...
    finished in 0.06 seconds. 372 of 13392 variants left
    372 variants, starting compilation...
    finished in 0.03 seconds. Local cache hits 1, remote cache hits 0, compiled 371 variants
Compiling compute shader "lightlistbuild-clustered"
    starting stripping...
    finished in 0.00 seconds. 20 of 20 variants left
    20 variants, starting compilation...
    finished in 0.00 seconds. Local cache hits 1, remote cache hits 0, compiled 19 variants
Compiling compute shader "WaterFoam"
    starting stripping...
    finished in 0.00 seconds. 4 of 4 variants left
    4 variants, starting compilation...
    finished in 0.00 seconds. Local cache hits 1, remote cache hits 0, compiled 3 variants
Compiling compute shader "PaniniProjection"
    starting stripping...
    finished in 0.00 seconds. 8 of 8 variants left
    8 variants, starting compilation...
    finished in 0.00 seconds. Local cache hits 1, remote cache hits 0, compiled 7 variants
Compiling compute shader "BloomBlur"
    starting stripping...
    finished in 0.00 seconds. 4 of 4 variants left
    4 variants, starting compilation...
    finished in 0.00 seconds. Local cache hits 1, remote cache hits 0, compiled 3 variants
Compiling compute shader "FXAA"
    starting stripping...
    finished in 0.00 seconds. 4 of 8 variants left
    4 variants, starting compilation...
    finished in 0.00 seconds. Local cache hits 1, remote cache hits 0, compiled 3 variants
Compiling compute shader "StageRasterBin"
    starting stripping...
    finished in 0.00 seconds. 0 of 4 variants left
Compiling compute shader "ApplyExposure"
    starting stripping...
    finished in 0.00 seconds. 4 of 4 variants left
    4 variants, starting compilation...
    finished in 0.00 seconds. Local cache hits 1, remote cache hits 0, compiled 3 variants
Compiling compute shader "DepthOfFieldCoCDilate"
    starting stripping...
    finished in 0.00 seconds. 2 of 2 variants left
    2 variants, starting compilation...
    finished in 0.00 seconds. Local cache hits 1, remote cache hits 0, compiled 1 variants
Compiling compute shader "lightlistbuild-clearatomic"
    starting stripping...
    finished in 0.00 seconds. 2 of 2 variants left
    2 variants, starting compilation...
    finished in 0.00 seconds. Local cache hits 1, remote cache hits 0, compiled 1 variants
Compiling compute shader "DoFGather"
    starting stripping...
    finished in 0.00 seconds. 16 of 16 variants left
    16 variants, starting compilation...
    finished in 0.00 seconds. Local cache hits 1, remote cache hits 0, compiled 15 variants
Compiling compute shader "WaterLine"
    starting stripping...
    finished in 0.00 seconds. 6 of 6 variants left
    6 variants, starting compilation...
    finished in 0.00 seconds. Local cache hits 1, remote cache hits 0, compiled 5 variants
Compiling compute shader "HistogramExposure"
    starting stripping...
    finished in 0.00 seconds. 8 of 8 variants left
    8 variants, starting compilation...
    finished in 0.00 seconds. Local cache hits 1, remote cache hits 0, compiled 7 variants
Compiling compute shader "ProbeVolumeSamplingDebugPositionNormal"
    starting stripping...
    finished in 0.00 seconds. 2 of 2 variants left
    2 variants, starting compilation...
    finished in 0.00 seconds. Local cache hits 1, remote cache hits 0, compiled 1 variants
Compiling compute shader "VFXCopyBuffer"
    starting stripping...
    finished in 0.00 seconds. 16 of 16 variants left
    16 variants, starting compilation...
    finished in 0.00 seconds. Local cache hits 1, remote cache hits 0, compiled 15 variants
Compiling compute shader "BloomPrefilter"
    starting stripping...
    finished in 0.00 seconds. 8 of 8 variants left
    8 variants, starting compilation...
    finished in 0.00 seconds. Local cache hits 1, remote cache hits 0, compiled 7 variants
Compiling compute shader "VolumetricMaterial"
    starting stripping...
    finished in 0.00 seconds. 2 of 2 variants left
    2 variants, starting compilation...
    finished in 0.00 seconds. Local cache hits 1, remote cache hits 0, compiled 1 variants
Compiling compute shader "ScreenSpaceMultipleScattering"
    starting stripping...
    finished in 0.00 seconds. 2 of 2 variants left
    2 variants, starting compilation...
    finished in 0.00 seconds. Local cache hits 1, remote cache hits 0, compiled 1 variants
Compiling compute shader "MotionBlur"
    starting stripping...
    finished in 0.00 seconds. 4 of 4 variants left
    4 variants, starting compilation...
    finished in 0.00 seconds. Local cache hits 1, remote cache hits 0, compiled 3 variants
Compiling compute shader "GTAOSpatialDenoise"
    starting stripping...
    finished in 0.00 seconds. 4 of 4 variants left
    4 variants, starting compilation...
    finished in 0.00 seconds. Local cache hits 1, remote cache hits 0, compiled 3 variants
Compiling compute shader "DepthOfFieldMipSafe"
    starting stripping...
    finished in 0.00 seconds. 4 of 4 variants left
    4 variants, starting compilation...
    finished in 0.00 seconds. Local cache hits 1, remote cache hits 0, compiled 3 variants
Compiling compute shader "GTAOTemporalDenoise"
    starting stripping...
    finished in 0.00 seconds. 4 of 4 variants left
    4 variants, starting compilation...
    finished in 0.00 seconds. Local cache hits 1, remote cache hits 0, compiled 3 variants
Compiling compute shader "WaterSimulation"
    starting stripping...
    finished in 0.00 seconds. 14 of 14 variants left
    14 variants, starting compilation...
    finished in 0.00 seconds. Local cache hits 1, remote cache hits 0, compiled 13 variants
Compiling compute shader "DownsampleVTFeedback"
    starting stripping...
    finished in 0.00 seconds. 4 of 4 variants left
    4 variants, starting compilation...
    finished in 0.00 seconds. Local cache hits 1, remote cache hits 0, compiled 3 variants
Compiling compute shader "MotionBlurGenTilePass"
    starting stripping...
    finished in 0.00 seconds. 4 of 4 variants left
    4 variants, starting compilation...
    finished in 0.00 seconds. Local cache hits 1, remote cache hits 0, compiled 3 variants
Compiling compute shader "LutBuilder3D"
    starting stripping...
    finished in 0.00 seconds. 24 of 48 variants left
    24 variants, starting compilation...
    finished in 0.00 seconds. Local cache hits 1, remote cache hits 0, compiled 23 variants
Compiling compute shader "DepthOfFieldPreCombineFar"
    starting stripping...
    finished in 0.00 seconds. 4 of 4 variants left
    4 variants, starting compilation...
    finished in 0.00 seconds. Local cache hits 1, remote cache hits 0, compiled 3 variants
Compiling compute shader "ContactShadows"
    starting stripping...
    finished in 0.00 seconds. 2 of 4 variants left
    2 variants, starting compilation...
    finished in 0.00 seconds. Local cache hits 1, remote cache hits 0, compiled 1 variants
Compiling compute shader "BakeCloudShadows"
    starting stripping...
    finished in 0.00 seconds. 32 of 32 variants left
    32 variants, starting compilation...
    finished in 0.00 seconds. Local cache hits 1, remote cache hits 0, compiled 31 variants
Compiling compute shader "DepthOfFieldGather"
    starting stripping...
    finished in 0.00 seconds. 32 of 32 variants left
    32 variants, starting compilation...
    finished in 0.00 seconds. Local cache hits 1, remote cache hits 0, compiled 31 variants
Compiling compute shader "DepthOfFieldCoCReproject"
    starting stripping...
    finished in 0.00 seconds. 4 of 4 variants left
    4 variants, starting compilation...
    finished in 0.00 seconds. Local cache hits 1, remote cache hits 0, compiled 3 variants
Compiling compute shader "HairMultipleScatteringPreIntegration"
    starting stripping...
    finished in 0.00 seconds. 8 of 8 variants left
    8 variants, starting compilation...
    finished in 0.00 seconds. Local cache hits 1, remote cache hits 0, compiled 7 variants
Compiling compute shader "BlitAndExpose"
    starting stripping...
    finished in 0.00 seconds. 6 of 6 variants left
    6 variants, starting compilation...
    finished in 0.00 seconds. Local cache hits 1, remote cache hits 0, compiled 5 variants
Compiling compute shader "MomentShadows"
    starting stripping...
    finished in 0.00 seconds. 6 of 6 variants left
    6 variants, starting compilation...
    finished in 0.00 seconds. Local cache hits 1, remote cache hits 0, compiled 5 variants
Compiling compute shader "ColorPyramid"
    starting stripping...
    finished in 0.00 seconds. 8 of 8 variants left
    8 variants, starting compilation...
    finished in 0.00 seconds. Local cache hits 1, remote cache hits 0, compiled 7 variants
Compiling compute shader "builddispatchindirect"
    starting stripping...
    finished in 0.00 seconds. 2 of 2 variants left
    2 variants, starting compilation...
    finished in 0.00 seconds. Local cache hits 1, remote cache hits 0, compiled 1 variants
Compiling compute shader "RandomDownsample"
    starting stripping...
    finished in 0.00 seconds. 2 of 2 variants left
    2 variants, starting compilation...
    finished in 0.00 seconds. Local cache hits 1, remote cache hits 0, compiled 1 variants
Compiling compute shader "DebugHistogramImage"
    starting stripping...
    finished in 0.00 seconds. 2 of 2 variants left
    2 variants, starting compilation...
    finished in 0.00 seconds. Local cache hits 1, remote cache hits 0, compiled 1 variants
Compiling compute shader "StagePrepare"
    starting stripping...
    finished in 0.00 seconds. 0 of 12 variants left
Compiling compute shader "ContrastAdaptiveSharpen"
    starting stripping...
    finished in 0.00 seconds. 4 of 8 variants left
    4 variants, starting compilation...
    finished in 0.00 seconds. Local cache hits 1, remote cache hits 0, compiled 3 variants
Compiling compute shader "BloomUpsample"
    starting stripping...
    finished in 0.00 seconds. 4 of 4 variants left
    4 variants, starting compilation...
    finished in 0.00 seconds. Local cache hits 1, remote cache hits 0, compiled 3 variants
Compiling compute shader "MotionBlurNeighborhoodTilePass"
    starting stripping...
    finished in 0.00 seconds. 4 of 4 variants left
    4 variants, starting compilation...
    finished in 0.00 seconds. Local cache hits 1, remote cache hits 0, compiled 3 variants
Compiling compute shader "lightlistbuild-bigtile"
    starting stripping...
    finished in 0.00 seconds. 4 of 4 variants left
    4 variants, starting compilation...
    finished in 0.00 seconds. Local cache hits 1, remote cache hits 0, compiled 3 variants
Compiling compute shader "ProbeVolumeUploadDataL2"
    starting stripping...
    finished in 0.00 seconds. 2 of 2 variants left
    2 variants, starting compilation...
    finished in 0.00 seconds. Local cache hits 1, remote cache hits 0, compiled 1 variants
Compiling compute shader "DebugWaveform"
    starting stripping...
    finished in 0.00 seconds. 4 of 4 variants left
    4 variants, starting compilation...
    finished in 0.00 seconds. Local cache hits 1, remote cache hits 0, compiled 3 variants
Compiling compute shader "DepthPyramid"
    starting stripping...
    finished in 0.00 seconds. 4 of 4 variants left
    4 variants, starting compilation...
    finished in 0.00 seconds. Local cache hits 1, remote cache hits 0, compiled 3 variants
Compiling compute shader "lightlistbuild"
    starting stripping...
    finished in 0.00 seconds. 16 of 16 variants left
    16 variants, starting compilation...
    finished in 0.00 seconds. Local cache hits 1, remote cache hits 0, compiled 15 variants
Compiling compute shader "ResolveStencilBuffer"
    starting stripping...
    finished in 0.00 seconds. 32 of 32 variants left
    32 variants, starting compilation...
    finished in 0.00 seconds. Local cache hits 1, remote cache hits 0, compiled 31 variants
Compiling compute shader "PostSharpenPass"
    starting stripping...
    finished in 0.00 seconds. 8 of 8 variants left
    8 variants, starting compilation...
    finished in 0.00 seconds. Local cache hits 1, remote cache hits 0, compiled 7 variants
Compiling compute shader "VolumetricCloudsTrace"
    starting stripping...
    finished in 0.00 seconds. 64 of 64 variants left
    64 variants, starting compilation...
    finished in 0.00 seconds. Local cache hits 1, remote cache hits 0, compiled 63 variants
Compiling compute shader "GTAO"
    starting stripping...
    finished in 0.00 seconds. 8 of 8 variants left
    8 variants, starting compilation...
    finished in 0.00 seconds. Local cache hits 1, remote cache hits 0, compiled 7 variants
Compiling compute shader "BilateralUpsample"
    starting stripping...
    finished in 0.00 seconds. 4 of 4 variants left
    4 variants, starting compilation...
    finished in 0.00 seconds. Local cache hits 1, remote cache hits 0, compiled 3 variants
Compiling compute shader "GenSdfRayMap"
    starting stripping...
    finished in 0.00 seconds. 42 of 42 variants left
    42 variants, starting compilation...
    finished in 0.00 seconds. Local cache hits 1, remote cache hits 0, compiled 41 variants
Compiling compute shader "DepthOfFieldClearIndirectArgs"
    starting stripping...
    finished in 0.00 seconds. 2 of 2 variants left
    2 variants, starting compilation...
    finished in 0.00 seconds. Local cache hits 1, remote cache hits 0, compiled 1 variants
Compiling compute shader "DebugVectorscope"
    starting stripping...
    finished in 0.00 seconds. 4 of 4 variants left
    4 variants, starting compilation...
    finished in 0.00 seconds. Local cache hits 1, remote cache hits 0, compiled 3 variants
Compiling compute shader "CloudMapGenerator"
    starting stripping...
    finished in 0.00 seconds. 2 of 2 variants left
    2 variants, starting compilation...
    finished in 0.00 seconds. Local cache hits 1, remote cache hits 0, compiled 1 variants
Compiling compute shader "AmbientProbeConvolution"
    starting stripping...
    finished in 0.00 seconds. 8 of 8 variants left
    8 variants, starting compilation...
    finished in 0.00 seconds. Local cache hits 1, remote cache hits 0, compiled 7 variants
Compiling compute shader "InScatteredRadiancePrecomputation"
    starting stripping...
    finished in 0.00 seconds. 2 of 2 variants left
    2 variants, starting compilation...
    finished in 0.00 seconds. Local cache hits 1, remote cache hits 0, compiled 1 variants
Compiling compute shader "scrbound"
    starting stripping...
    finished in 0.00 seconds. 2 of 2 variants left
    2 variants, starting compilation...
    finished in 0.00 seconds. Local cache hits 1, remote cache hits 0, compiled 1 variants
Compiling compute shader "TemporalFilter"
    starting stripping...
    finished in 0.00 seconds. 20 of 20 variants left
    20 variants, starting compilation...
    finished in 0.00 seconds. Local cache hits 1, remote cache hits 0, compiled 19 variants
Compiling compute shader "ClearLightLists"
    starting stripping...
    finished in 0.00 seconds. 2 of 2 variants left
    2 variants, starting compilation...
    finished in 0.00 seconds. Local cache hits 1, remote cache hits 0, compiled 1 variants
Compiling compute shader "DoFCircleOfConfusion"
    starting stripping...
    finished in 0.00 seconds. 8 of 8 variants left
    8 variants, starting compilation...
    finished in 0.00 seconds. Local cache hits 1, remote cache hits 0, compiled 7 variants
Compiling compute shader "DoFMinMaxDilate"
    starting stripping...
    finished in 0.00 seconds. 2 of 2 variants left
    2 variants, starting compilation...
    finished in 0.00 seconds. Local cache hits 1, remote cache hits 0, compiled 1 variants
Compiling compute shader "ComputeGgxIblSampleData"
    starting stripping...
    finished in 0.00 seconds. 2 of 2 variants left
    2 variants, starting compilation...
    finished in 0.00 seconds. Local cache hits 1, remote cache hits 0, compiled 1 variants
Compiling compute shader "EyeCausticLUTGen"
    starting stripping...
    finished in 0.00 seconds. 6 of 6 variants left
    6 variants, starting compilation...
    finished in 0.00 seconds. Local cache hits 1, remote cache hits 0, compiled 5 variants
Compiling compute shader "GPUPrefixSum"
    starting stripping...
    finished in 0.00 seconds. 14 of 14 variants left
    14 variants, starting compilation...
    finished in 0.00 seconds. Local cache hits 1, remote cache hits 0, compiled 13 variants
Compiling compute shader "VolumetricCloudsShadowFilter"
    starting stripping...
    finished in 0.00 seconds. 2 of 2 variants left
    2 variants, starting compilation...
    finished in 0.00 seconds. Local cache hits 1, remote cache hits 0, compiled 1 variants
Compiling compute shader "DepthOfFieldKernel"
    starting stripping...
    finished in 0.00 seconds. 4 of 4 variants left
    4 variants, starting compilation...
    finished in 0.00 seconds. Local cache hits 1, remote cache hits 0, compiled 3 variants
Compiling compute shader "SkyLUTGenerator"
    starting stripping...
    finished in 0.00 seconds. 10 of 10 variants left
    10 variants, starting compilation...
    finished in 0.00 seconds. Local cache hits 1, remote cache hits 0, compiled 9 variants
Compiling compute shader "GTAOCopyHistory"
    starting stripping...
    finished in 0.00 seconds. 2 of 2 variants left
    2 variants, starting compilation...
    finished in 0.00 seconds. Local cache hits 1, remote cache hits 0, compiled 1 variants
Compiling compute shader "ClearDebugBuffer"
    starting stripping...
    finished in 0.00 seconds. 2 of 2 variants left
    2 variants, starting compilation...
    finished in 0.00 seconds. Local cache hits 1, remote cache hits 0, compiled 1 variants
Compiling compute shader "Texture3DAtlas"
    starting stripping...
    finished in 0.00 seconds. 4 of 4 variants left
    4 variants, starting compilation...
    finished in 0.00 seconds. Local cache hits 1, remote cache hits 0, compiled 3 variants
Compiling compute shader "NaNKiller"
    starting stripping...
    finished in 0.00 seconds. 4 of 4 variants left
    4 variants, starting compilation...
    finished in 0.00 seconds. Local cache hits 1, remote cache hits 0, compiled 3 variants
Compiling compute shader "VFXFillIndirectArgs"
    starting stripping...
    finished in 0.00 seconds. 2 of 2 variants left
    2 variants, starting compilation...
    finished in 0.00 seconds. Local cache hits 1, remote cache hits 0, compiled 1 variants
Compiling compute shader "DepthOfFieldTileMax"
    starting stripping...
    finished in 0.00 seconds. 8 of 8 variants left
    8 variants, starting compilation...
    finished in 0.00 seconds. Local cache hits 1, remote cache hits 0, compiled 7 variants
Compiling compute shader "StageRasterFine"
    starting stripping...
    finished in 0.00 seconds. 0 of 12 variants left
Compiling compute shader "UpdateStrips"
    starting stripping...
    finished in 0.00 seconds. 2 of 2 variants left
    2 variants, starting compilation...
    finished in 0.00 seconds. Local cache hits 1, remote cache hits 0, compiled 1 variants
Compiling compute shader "ScreenSpaceGlobalIllumination"
    starting stripping...
    finished in 0.00 seconds. 16 of 24 variants left
    16 variants, starting compilation...
    finished in 0.00 seconds. Local cache hits 1, remote cache hits 0, compiled 15 variants
Compiling compute shader "Exposure"
    starting stripping...
    finished in 0.00 seconds. 10 of 10 variants left
    10 variants, starting compilation...
    finished in 0.00 seconds. Local cache hits 1, remote cache hits 0, compiled 9 variants
Compiling compute shader "WaterDeformation"
    starting stripping...
    finished in 0.00 seconds. 4 of 4 variants left
    4 variants, starting compilation...
    finished in 0.00 seconds. Local cache hits 1, remote cache hits 0, compiled 3 variants
Compiling compute shader "GTAOBlurAndUpsample"
    starting stripping...
    finished in 0.00 seconds. 10 of 10 variants left
    10 variants, starting compilation...
    finished in 0.00 seconds. Local cache hits 1, remote cache hits 0, compiled 9 variants
Compiling compute shader "PlanarReflectionFiltering"
    starting stripping...
    finished in 0.00 seconds. 6 of 6 variants left
    6 variants, starting compilation...
    finished in 0.00 seconds. Local cache hits 1, remote cache hits 0, compiled 5 variants
Compiling compute shader "ProbeVolumeBlendStates"
    starting stripping...
    finished in 0.00 seconds. 4 of 8 variants left
    4 variants, starting compilation...
    finished in 0.00 seconds. Local cache hits 1, remote cache hits 0, compiled 3 variants
Compiling compute shader "GPUCopy"
    starting stripping...
    finished in 0.00 seconds. 4 of 4 variants left
    4 variants, starting compilation...
    finished in 0.00 seconds. Local cache hits 1, remote cache hits 0, compiled 3 variants
Compiling compute shader "EncodeBC6H"
    starting stripping...
    finished in 0.00 seconds. 2 of 2 variants left
    2 variants, starting compilation...
    finished in 0.00 seconds. Local cache hits 1, remote cache hits 0, compiled 1 variants
Compiling compute shader "SubsurfaceScattering"
    starting stripping...
    finished in 0.00 seconds. 4 of 8 variants left
    4 variants, starting compilation...
    finished in 0.00 seconds. Local cache hits 1, remote cache hits 0, compiled 3 variants
Compiling compute shader "VolumetricLighting"
    starting stripping...
    finished in 0.00 seconds. 192 of 384 variants left
    192 variants, starting compilation...
    finished in 0.01 seconds. Local cache hits 1, remote cache hits 0, compiled 191 variants
Compiling compute shader "DiffuseDenoiser"
    starting stripping...
    finished in 0.00 seconds. 10 of 10 variants left
    10 variants, starting compilation...
    finished in 0.00 seconds. Local cache hits 1, remote cache hits 0, compiled 9 variants
Compiling compute shader "DoFComputeSlowTiles"
    starting stripping...
    finished in 0.00 seconds. 4 of 4 variants left
    4 variants, starting compilation...
    finished in 0.00 seconds. Local cache hits 1, remote cache hits 0, compiled 3 variants
Compiling compute shader "BuildProbabilityTables"
    starting stripping...
    finished in 0.00 seconds. 4 of 4 variants left
    4 variants, starting compilation...
    finished in 0.00 seconds. Local cache hits 1, remote cache hits 0, compiled 3 variants
Compiling compute shader "FourierTransform"
    starting stripping...
    finished in 0.00 seconds. 12 of 12 variants left
    12 variants, starting compilation...
    finished in 0.00 seconds. Local cache hits 1, remote cache hits 0, compiled 11 variants
Compiling compute shader "VolumeVoxelization"
    starting stripping...
    finished in 0.00 seconds. 4 of 4 variants left
    4 variants, starting compilation...
    finished in 0.00 seconds. Local cache hits 1, remote cache hits 0, compiled 3 variants
Compiling compute shader "WaterEvaluation"
    starting stripping...
    finished in 0.00 seconds. 24 of 24 variants left
    24 variants, starting compilation...
    finished in 0.00 seconds. Local cache hits 1, remote cache hits 0, compiled 23 variants
Compiling compute shader "AlphaCopy"
    starting stripping...
    finished in 0.00 seconds. 2 of 2 variants left
    2 variants, starting compilation...
    finished in 0.00 seconds. Local cache hits 1, remote cache hits 0, compiled 1 variants
Compiling compute shader "DoFCoCMinMax"
    starting stripping...
    finished in 0.00 seconds. 2 of 2 variants left
    2 variants, starting compilation...
    finished in 0.00 seconds. Local cache hits 1, remote cache hits 0, compiled 1 variants
Compiling compute shader "DepthOfFieldCombine"
    starting stripping...
    finished in 0.00 seconds. 48 of 48 variants left
    48 variants, starting compilation...
    finished in 0.00 seconds. Local cache hits 1, remote cache hits 0, compiled 47 variants
Compiling compute shader "MotionBlurMergeTilePass"
    starting stripping...
    finished in 0.00 seconds. 2 of 2 variants left
    2 variants, starting compilation...
    finished in 0.00 seconds. Local cache hits 1, remote cache hits 0, compiled 1 variants
Compiling compute shader "ClearUIntTextureArray"
    starting stripping...
    finished in 0.00 seconds. 4 of 4 variants left
    4 variants, starting compilation...
    finished in 0.00 seconds. Local cache hits 1, remote cache hits 0, compiled 3 variants
Compiling compute shader "ScreenSpaceReflections"
    starting stripping...
    finished in 0.00 seconds. 160 of 160 variants left
    160 variants, starting compilation...
    finished in 0.01 seconds. Local cache hits 1, remote cache hits 0, compiled 159 variants
Compiling compute shader "DepthOfFieldMip"
    starting stripping...
    finished in 0.00 seconds. 10 of 10 variants left
    10 variants, starting compilation...
    finished in 0.00 seconds. Local cache hits 1, remote cache hits 0, compiled 9 variants
Compiling compute shader "DoFCombine"
    starting stripping...
    finished in 0.00 seconds. 8 of 8 variants left
    8 variants, starting compilation...
    finished in 0.00 seconds. Local cache hits 1, remote cache hits 0, compiled 7 variants
Compiling compute shader "StageWorkQueue"
    starting stripping...
    finished in 0.00 seconds. 0 of 10 variants left
Compiling compute shader "DoFApertureShape"
    starting stripping...
    finished in 0.00 seconds. 4 of 4 variants left
    4 variants, starting compilation...
    finished in 0.00 seconds. Local cache hits 1, remote cache hits 0, compiled 3 variants
Compiling compute shader "GPUSort"
    starting stripping...
    finished in 0.00 seconds. 20 of 20 variants left
    20 variants, starting compilation...
    finished in 0.00 seconds. Local cache hits 1, remote cache hits 0, compiled 19 variants
Compiling compute shader "GenerateMaxZ"
    starting stripping...
    finished in 0.00 seconds. 12 of 12 variants left
    12 variants, starting compilation...
    finished in 0.00 seconds. Local cache hits 1, remote cache hits 0, compiled 11 variants
Compiling compute shader "Sort"
    starting stripping...
    finished in 0.00 seconds. 24 of 24 variants left
    24 variants, starting compilation...
    finished in 0.00 seconds. Local cache hits 1, remote cache hits 0, compiled 23 variants
Compiling compute shader "GroundIrradiancePrecomputation"
    starting stripping...
    finished in 0.00 seconds. 2 of 2 variants left
    2 variants, starting compilation...
    finished in 0.00 seconds. Local cache hits 1, remote cache hits 0, compiled 1 variants
Compiling compute shader "Accumulation"
    starting stripping...
    finished in 0.00 seconds. 8 of 8 variants left
    8 variants, starting compilation...
    finished in 0.00 seconds. Local cache hits 1, remote cache hits 0, compiled 7 variants
Compiling compute shader "MotionBlurMotionVecPrep"
    starting stripping...
    finished in 0.00 seconds. 12 of 12 variants left
    12 variants, starting compilation...
    finished in 0.00 seconds. Local cache hits 1, remote cache hits 0, compiled 11 variants
Compiling compute shader "VolumetricLightingFiltering"
    starting stripping...
    finished in 0.00 seconds. 4 of 4 variants left
    4 variants, starting compilation...
    finished in 0.00 seconds. Local cache hits 1, remote cache hits 0, compiled 3 variants
Compiling compute shader "EdgeAdaptiveSpatialUpsampling"
    starting stripping...
    finished in 0.00 seconds. 4 of 8 variants left
    4 variants, starting compilation...
    finished in 0.00 seconds. Local cache hits 1, remote cache hits 0, compiled 3 variants
Compiling compute shader "DebugHDRxyMapping"
    starting stripping...
    finished in 0.00 seconds. 2 of 2 variants left
    2 variants, starting compilation...
    finished in 0.00 seconds. Local cache hits 1, remote cache hits 0, compiled 1 variants
Compiling compute shader "UberPost"
    starting stripping...
    finished in 0.00 seconds. 128 of 256 variants left
    128 variants, starting compilation...
    finished in 0.01 seconds. Local cache hits 1, remote cache hits 0, compiled 127 variants
Compiling compute shader "DepthOfFieldPrefilter"
    starting stripping...
    finished in 0.00 seconds. 48 of 48 variants left
    48 variants, starting compilation...
    finished in 0.00 seconds. Local cache hits 1, remote cache hits 0, compiled 47 variants
Compiling compute shader "VolumetricCloudsTraceShadows"
    starting stripping...
    finished in 0.00 seconds. 4 of 4 variants left
    4 variants, starting compilation...
    finished in 0.00 seconds. Local cache hits 1, remote cache hits 0, compiled 3 variants
Compiling compute shader "DebugLightVolumes"
    starting stripping...
    finished in 0.00 seconds. 4 of 4 variants left
    4 variants, starting compilation...
    finished in 0.00 seconds. Local cache hits 1, remote cache hits 0, compiled 3 variants
Compiling compute shader "VolumetricClouds"
    starting stripping...
    finished in 0.00 seconds. 14 of 14 variants left
    14 variants, starting compilation...
    finished in 0.00 seconds. Local cache hits 1, remote cache hits 0, compiled 13 variants
Compiling compute shader "ClearBuffer2D"
    starting stripping...
    finished in 0.00 seconds. 2 of 2 variants left
    2 variants, starting compilation...
    finished in 0.00 seconds. Local cache hits 1, remote cache hits 0, compiled 1 variants
Compiling compute shader "EVSMBlur"
    starting stripping...
    finished in 0.00 seconds. 6 of 6 variants left
    6 variants, starting compilation...
    finished in 0.00 seconds. Local cache hits 1, remote cache hits 0, compiled 5 variants
Compiling compute shader "materialflags"
    starting stripping...
    finished in 0.00 seconds. 4 of 4 variants left
    4 variants, starting compilation...
    finished in 0.00 seconds. Local cache hits 1, remote cache hits 0, compiled 3 variants
Compiling compute shader "cleardispatchindirect"
    starting stripping...
    finished in 0.00 seconds. 2 of 2 variants left
    2 variants, starting compilation...
    finished in 0.00 seconds. Local cache hits 1, remote cache hits 0, compiled 1 variants
Compiling compute shader "StageShadingSetup"
    starting stripping...
    finished in 0.00 seconds. 0 of 20 variants left
Compiling shader "SunsetGlow/WaterContactRipple" pass "DeformationAndFoam" (vp)
    Full variant space:         1
    After settings filtering:   1
    After built-in stripping:   1
    After scriptable stripping: 1
    Processed in 0.00 seconds
    starting compilation...
    finished in 0.00 seconds. Local cache hits 1 (0.00s CPU time), remote cache hits 0 (0.00s CPU time), compiled 0 variants (0.00s CPU time), skipped 0 variants
    Prepared data for serialisation in 0.00s
Compiling shader "SunsetGlow/WaterContactRipple" pass "DeformationAndFoam" (fp)
    Full variant space:         1
    After settings filtering:   1
    After built-in stripping:   1
    After scriptable stripping: 1
    Processed in 0.00 seconds
    starting compilation...
    finished in 0.00 seconds. Local cache hits 1 (0.00s CPU time), remote cache hits 0 (0.00s CPU time), compiled 0 variants (0.00s CPU time), skipped 0 variants
    Prepared data for serialisation in 0.00s
Serialized binary data for shader SunsetGlow/WaterContactRipple in 0.00s
    d3d11 (total internal programs: 2, unique: 2)
Compiling compute shader "SeasonalBlend"
    starting stripping...
    finished in 0.00 seconds. 2 of 2 variants left
    2 variants, starting compilation...
    finished in 0.00 seconds. Local cache hits 1, remote cache hits 0, compiled 1 variants
Compiling shader "Legacy Shaders/VertexLit" pass "" (vp)
    Full variant space:         12
    After settings filtering:   12
    After built-in stripping:   3
    After scriptable stripping: 3
    Processed in 0.00 seconds
    starting compilation...
    finished in 0.00 seconds. Local cache hits 3 (0.00s CPU time), remote cache hits 0 (0.00s CPU time), compiled 0 variants (0.00s CPU time), skipped 0 variants
    Prepared data for serialisation in 0.00s
Compiling shader "Legacy Shaders/VertexLit" pass "" (fp)
    Full variant space:         12
    After settings filtering:   12
    After built-in stripping:   3
    After scriptable stripping: 3
    Processed in 0.00 seconds
    starting compilation...
    finished in 0.00 seconds. Local cache hits 3 (0.00s CPU time), remote cache hits 0 (0.00s CPU time), compiled 0 variants (0.00s CPU time), skipped 0 variants
    Prepared data for serialisation in 0.00s
Compiling shader "Legacy Shaders/VertexLit" pass "" (vp)
    Full variant space:         4
    After settings filtering:   4
    After built-in stripping:   1
    After scriptable stripping: 1
    Processed in 0.00 seconds
    starting compilation...
    finished in 0.00 seconds. Local cache hits 1 (0.00s CPU time), remote cache hits 0 (0.00s CPU time), compiled 0 variants (0.00s CPU time), skipped 0 variants
    Prepared data for serialisation in 0.00s
Compiling shader "Legacy Shaders/VertexLit" pass "" (fp)
    Full variant space:         4
    After settings filtering:   4
    After built-in stripping:   1
    After scriptable stripping: 1
    Processed in 0.00 seconds
    starting compilation...
    finished in 0.00 seconds. Local cache hits 1 (0.00s CPU time), remote cache hits 0 (0.00s CPU time), compiled 0 variants (0.00s CPU time), skipped 0 variants
    Prepared data for serialisation in 0.00s
Compiling shader "Legacy Shaders/VertexLit" pass "ShadowCaster" (vp)
    Full variant space:         4
    After settings filtering:   4
    After built-in stripping:   2
    After scriptable stripping: 2
    Processed in 0.00 seconds
    starting compilation...
    finished in 0.00 seconds. Local cache hits 2 (0.00s CPU time), remote cache hits 0 (0.00s CPU time), compiled 0 variants (0.00s CPU time), skipped 0 variants
    Prepared data for serialisation in 0.00s
Compiling shader "Legacy Shaders/VertexLit" pass "ShadowCaster" (fp)
    Full variant space:         4
    After settings filtering:   4
    After built-in stripping:   2
    After scriptable stripping: 2
    Processed in 0.00 seconds
    starting compilation...
    finished in 0.00 seconds. Local cache hits 2 (0.00s CPU time), remote cache hits 0 (0.00s CPU time), compiled 0 variants (0.00s CPU time), skipped 0 variants
    Prepared data for serialisation in 0.00s
Serialized binary data for shader Legacy Shaders/VertexLit in 0.00s
    d3d11 (total internal programs: 12, unique: 12)
Compiling shader "Legacy Shaders/Diffuse" pass "FORWARD" (vp)
    Full variant space:         664
    After settings filtering:   664
    After built-in stripping:   8
    After scriptable stripping: 8
    Processed in 0.00 seconds
    starting compilation...
    finished in 0.00 seconds. Local cache hits 8 (0.01s CPU time), remote cache hits 0 (0.00s CPU time), compiled 0 variants (0.00s CPU time), skipped 0 variants
    Prepared data for serialisation in 0.00s
Compiling shader "Legacy Shaders/Diffuse" pass "FORWARD" (fp)
    Full variant space:         504
    After settings filtering:   504
    After built-in stripping:   4
    After scriptable stripping: 4
    Processed in 0.00 seconds
    starting compilation...
    finished in 0.00 seconds. Local cache hits 4 (0.00s CPU time), remote cache hits 0 (0.00s CPU time), compiled 0 variants (0.00s CPU time), skipped 0 variants
    Prepared data for serialisation in 0.00s
Compiling shader "Legacy Shaders/Diffuse" pass "FORWARD" (vp)
    Full variant space:         20
    After settings filtering:   20
    After built-in stripping:   5
    After scriptable stripping: 5
    Processed in 0.00 seconds
    starting compilation...
    finished in 0.00 seconds. Local cache hits 5 (0.00s CPU time), remote cache hits 0 (0.00s CPU time), compiled 0 variants (0.00s CPU time), skipped 0 variants
    Prepared data for serialisation in 0.00s
Compiling shader "Legacy Shaders/Diffuse" pass "FORWARD" (fp)
    Full variant space:         20
    After settings filtering:   20
    After built-in stripping:   5
    After scriptable stripping: 5
    Processed in 0.00 seconds
    starting compilation...
    finished in 0.00 seconds. Local cache hits 5 (0.00s CPU time), remote cache hits 0 (0.00s CPU time), compiled 0 variants (0.00s CPU time), skipped 0 variants
    Prepared data for serialisation in 0.00s
Compiling shader "Legacy Shaders/Diffuse" pass "DEFERRED" (vp)
    Full variant space:         76
    After settings filtering:   76
    After built-in stripping:   4
    After scriptable stripping: 4
    Processed in 0.00 seconds
    starting compilation...
    finished in 0.00 seconds. Local cache hits 4 (0.00s CPU time), remote cache hits 0 (0.00s CPU time), compiled 0 variants (0.00s CPU time), skipped 0 variants
    Prepared data for serialisation in 0.00s
Compiling shader "Legacy Shaders/Diffuse" pass "DEFERRED" (fp)
    Full variant space:         76
    After settings filtering:   76
    After built-in stripping:   4
    After scriptable stripping: 4
    Processed in 0.00 seconds
    starting compilation...
    finished in 0.00 seconds. Local cache hits 4 (0.00s CPU time), remote cache hits 0 (0.00s CPU time), compiled 0 variants (0.00s CPU time), skipped 0 variants
    Prepared data for serialisation in 0.00s
Serialized binary data for shader Legacy Shaders/Diffuse in 0.00s
    d3d11 (total internal programs: 30, unique: 30)
Compiling shader "Hidden/Internal-StencilWrite" pass "" (vp)
    Full variant space:         1
    After settings filtering:   1
    After built-in stripping:   1
    After scriptable stripping: 1
    Processed in 0.00 seconds
    starting compilation...
    finished in 0.00 seconds. Local cache hits 1 (0.00s CPU time), remote cache hits 0 (0.00s CPU time), compiled 0 variants (0.00s CPU time), skipped 0 variants
    Prepared data for serialisation in 0.00s
Compiling shader "Hidden/Internal-StencilWrite" pass "" (fp)
    Full variant space:         1
    After settings filtering:   1
    After built-in stripping:   1
    After scriptable stripping: 1
    Processed in 0.00 seconds
    starting compilation...
    finished in 0.00 seconds. Local cache hits 1 (0.00s CPU time), remote cache hits 0 (0.00s CPU time), compiled 0 variants (0.00s CPU time), skipped 0 variants
    Prepared data for serialisation in 0.00s
Serialized binary data for shader Hidden/Internal-StencilWrite in 0.00s
    d3d11 (total internal programs: 2, unique: 2)
Compiling shader "Hidden/Internal-DepthNormalsTexture" pass "" (vp)
    Full variant space:         1
    After settings filtering:   1
    After built-in stripping:   1
    After scriptable stripping: 1
    Processed in 0.00 seconds
    starting compilation...
    finished in 0.00 seconds. Local cache hits 1 (0.00s CPU time), remote cache hits 0 (0.00s CPU time), compiled 0 variants (0.00s CPU time), skipped 0 variants
    Prepared data for serialisation in 0.00s
Compiling shader "Hidden/Internal-DepthNormalsTexture" pass "" (fp)
    Full variant space:         1
    After settings filtering:   1
    After built-in stripping:   1
    After scriptable stripping: 1
    Processed in 0.00 seconds
    starting compilation...
    finished in 0.00 seconds. Local cache hits 1 (0.00s CPU time), remote cache hits 0 (0.00s CPU time), compiled 0 variants (0.00s CPU time), skipped 0 variants
    Prepared data for serialisation in 0.00s
Compiling shader "Hidden/Internal-DepthNormalsTexture" pass "" (vp)
    Full variant space:         1
    After settings filtering:   1
    After built-in stripping:   1
    After scriptable stripping: 1
    Processed in 0.00 seconds
    starting compilation...
    finished in 0.00 seconds. Local cache hits 1 (0.00s CPU time), remote cache hits 0 (0.00s CPU time), compiled 0 variants (0.00s CPU time), skipped 0 variants
    Prepared data for serialisation in 0.00s
Compiling shader "Hidden/Internal-DepthNormalsTexture" pass "" (fp)
    Full variant space:         1
    After settings filtering:   1
    After built-in stripping:   1
    After scriptable stripping: 1
    Processed in 0.00 seconds
    starting compilation...
    finished in 0.00 seconds. Local cache hits 1 (0.00s CPU time), remote cache hits 0 (0.00s CPU time), compiled 0 variants (0.00s CPU time), skipped 0 variants
    Prepared data for serialisation in 0.00s
Compiling shader "Hidden/Internal-DepthNormalsTexture" pass "" (vp)
    Full variant space:         1
    After settings filtering:   1
    After built-in stripping:   1
    After scriptable stripping: 1
    Processed in 0.00 seconds
    starting compilation...
    finished in 0.00 seconds. Local cache hits 1 (0.00s CPU time), remote cache hits 0 (0.00s CPU time), compiled 0 variants (0.00s CPU time), skipped 0 variants
    Prepared data for serialisation in 0.00s
Compiling shader "Hidden/Internal-DepthNormalsTexture" pass "" (fp)
    Full variant space:         1
    After settings filtering:   1
    After built-in stripping:   1
    After scriptable stripping: 1
    Processed in 0.00 seconds
    starting compilation...
    finished in 0.00 seconds. Local cache hits 1 (0.00s CPU time), remote cache hits 0 (0.00s CPU time), compiled 0 variants (0.00s CPU time), skipped 0 variants
    Prepared data for serialisation in 0.00s
Compiling shader "Hidden/Internal-DepthNormalsTexture" pass "" (vp)
    Full variant space:         1
    After settings filtering:   1
    After built-in stripping:   1
    After scriptable stripping: 1
    Processed in 0.00 seconds
    starting compilation...
    finished in 0.00 seconds. Local cache hits 1 (0.00s CPU time), remote cache hits 0 (0.00s CPU time), compiled 0 variants (0.00s CPU time), skipped 0 variants
    Prepared data for serialisation in 0.00s
Compiling shader "Hidden/Internal-DepthNormalsTexture" pass "" (fp)
    Full variant space:         1
    After settings filtering:   1
    After built-in stripping:   1
    After scriptable stripping: 1
    Processed in 0.00 seconds
    starting compilation...
    finished in 0.00 seconds. Local cache hits 1 (0.00s CPU time), remote cache hits 0 (0.00s CPU time), compiled 0 variants (0.00s CPU time), skipped 0 variants
    Prepared data for serialisation in 0.00s
Compiling shader "Hidden/Internal-DepthNormalsTexture" pass "" (vp)
    Full variant space:         1
    After settings filtering:   1
    After built-in stripping:   1
    After scriptable stripping: 1
    Processed in 0.00 seconds
    starting compilation...
    finished in 0.00 seconds. Local cache hits 1 (0.00s CPU time), remote cache hits 0 (0.00s CPU time), compiled 0 variants (0.00s CPU time), skipped 0 variants
    Prepared data for serialisation in 0.00s
Compiling shader "Hidden/Internal-DepthNormalsTexture" pass "" (fp)
    Full variant space:         1
    After settings filtering:   1
    After built-in stripping:   1
    After scriptable stripping: 1
    Processed in 0.00 seconds
    starting compilation...
    finished in 0.00 seconds. Local cache hits 1 (0.00s CPU time), remote cache hits 0 (0.00s CPU time), compiled 0 variants (0.00s CPU time), skipped 0 variants
    Prepared data for serialisation in 0.00s
Compiling shader "Hidden/Internal-DepthNormalsTexture" pass "" (vp)
    Full variant space:         1
    After settings filtering:   1
    After built-in stripping:   1
    After scriptable stripping: 1
    Processed in 0.00 seconds
    starting compilation...
    finished in 0.00 seconds. Local cache hits 1 (0.00s CPU time), remote cache hits 0 (0.00s CPU time), compiled 0 variants (0.00s CPU time), skipped 0 variants
    Prepared data for serialisation in 0.00s
Compiling shader "Hidden/Internal-DepthNormalsTexture" pass "" (fp)
    Full variant space:         1
    After settings filtering:   1
    After built-in stripping:   1
    After scriptable stripping: 1
    Processed in 0.00 seconds
    starting compilation...
    finished in 0.00 seconds. Local cache hits 1 (0.00s CPU time), remote cache hits 0 (0.00s CPU time), compiled 0 variants (0.00s CPU time), skipped 0 variants
    Prepared data for serialisation in 0.00s
Compiling shader "Hidden/Internal-DepthNormalsTexture" pass "" (vp)
    Full variant space:         1
    After settings filtering:   1
    After built-in stripping:   1
    After scriptable stripping: 1
    Processed in 0.00 seconds
    starting compilation...
    finished in 0.00 seconds. Local cache hits 1 (0.00s CPU time), remote cache hits 0 (0.00s CPU time), compiled 0 variants (0.00s CPU time), skipped 0 variants
    Prepared data for serialisation in 0.00s
Compiling shader "Hidden/Internal-DepthNormalsTexture" pass "" (fp)
    Full variant space:         1
    After settings filtering:   1
    After built-in stripping:   1
    After scriptable stripping: 1
    Processed in 0.00 seconds
    starting compilation...
    finished in 0.00 seconds. Local cache hits 1 (0.00s CPU time), remote cache hits 0 (0.00s CPU time), compiled 0 variants (0.00s CPU time), skipped 0 variants
    Prepared data for serialisation in 0.00s
Compiling shader "Hidden/Internal-DepthNormalsTexture" pass "" (vp)
    Full variant space:         1
    After settings filtering:   1
    After built-in stripping:   1
    After scriptable stripping: 1
    Processed in 0.00 seconds
    starting compilation...
    finished in 0.00 seconds. Local cache hits 1 (0.00s CPU time), remote cache hits 0 (0.00s CPU time), compiled 0 variants (0.00s CPU time), skipped 0 variants
    Prepared data for serialisation in 0.00s
Compiling shader "Hidden/Internal-DepthNormalsTexture" pass "" (fp)
    Full variant space:         1
    After settings filtering:   1
    After built-in stripping:   1
    After scriptable stripping: 1
    Processed in 0.00 seconds
    starting compilation...
    finished in 0.00 seconds. Local cache hits 1 (0.00s CPU time), remote cache hits 0 (0.00s CPU time), compiled 0 variants (0.00s CPU time), skipped 0 variants
    Prepared data for serialisation in 0.00s
Compiling shader "Hidden/Internal-DepthNormalsTexture" pass "" (vp)
    Full variant space:         1
    After settings filtering:   1
    After built-in stripping:   1
    After scriptable stripping: 1
    Processed in 0.00 seconds
    starting compilation...
    finished in 0.00 seconds. Local cache hits 1 (0.00s CPU time), remote cache hits 0 (0.00s CPU time), compiled 0 variants (0.00s CPU time), skipped 0 variants
    Prepared data for serialisation in 0.00s
Compiling shader "Hidden/Internal-DepthNormalsTexture" pass "" (fp)
    Full variant space:         1
    After settings filtering:   1
    After built-in stripping:   1
    After scriptable stripping: 1
    Processed in 0.00 seconds
    starting compilation...
    finished in 0.00 seconds. Local cache hits 1 (0.00s CPU time), remote cache hits 0 (0.00s CPU time), compiled 0 variants (0.00s CPU time), skipped 0 variants
    Prepared data for serialisation in 0.00s
Compiling shader "Hidden/Internal-DepthNormalsTexture" pass "" (vp)
    Full variant space:         1
    After settings filtering:   1
    After built-in stripping:   1
    After scriptable stripping: 1
    Processed in 0.00 seconds
    starting compilation...
    finished in 0.00 seconds. Local cache hits 1 (0.00s CPU time), remote cache hits 0 (0.00s CPU time), compiled 0 variants (0.00s CPU time), skipped 0 variants
    Prepared data for serialisation in 0.00s
Compiling shader "Hidden/Internal-DepthNormalsTexture" pass "" (fp)
    Full variant space:         1
    After settings filtering:   1
    After built-in stripping:   1
    After scriptable stripping: 1
    Processed in 0.00 seconds
    starting compilation...
    finished in 0.00 seconds. Local cache hits 1 (0.00s CPU time), remote cache hits 0 (0.00s CPU time), compiled 0 variants (0.00s CPU time), skipped 0 variants
    Prepared data for serialisation in 0.00s
Serialized binary data for shader Hidden/Internal-DepthNormalsTexture in 0.00s
    d3d11 (total internal programs: 20, unique: 17)
Compiling shader "Hidden/Internal-ScreenSpaceShadows" pass "" (vp)
    Full variant space:         4
    After settings filtering:   4
    After built-in stripping:   4
    After scriptable stripping: 4
    Processed in 0.00 seconds
    starting compilation...
    finished in 0.00 seconds. Local cache hits 4 (0.00s CPU time), remote cache hits 0 (0.00s CPU time), compiled 0 variants (0.00s CPU time), skipped 0 variants
    Prepared data for serialisation in 0.00s
Compiling shader "Hidden/Internal-ScreenSpaceShadows" pass "" (fp)
    Full variant space:         4
    After settings filtering:   4
    After built-in stripping:   4
    After scriptable stripping: 4
    Processed in 0.00 seconds
    starting compilation...
    finished in 0.00 seconds. Local cache hits 4 (0.00s CPU time), remote cache hits 0 (0.00s CPU time), compiled 0 variants (0.00s CPU time), skipped 0 variants
    Prepared data for serialisation in 0.00s
Compiling shader "Hidden/Internal-ScreenSpaceShadows" pass "" (vp)
    Full variant space:         4
    After settings filtering:   4
    After built-in stripping:   4
    After scriptable stripping: 4
    Processed in 0.00 seconds
    starting compilation...
    finished in 0.00 seconds. Local cache hits 4 (0.00s CPU time), remote cache hits 0 (0.00s CPU time), compiled 0 variants (0.00s CPU time), skipped 0 variants
    Prepared data for serialisation in 0.00s
Compiling shader "Hidden/Internal-ScreenSpaceShadows" pass "" (fp)
    Full variant space:         4
    After settings filtering:   4
    After built-in stripping:   4
    After scriptable stripping: 4
    Processed in 0.00 seconds
    starting compilation...
    finished in 0.00 seconds. Local cache hits 4 (0.00s CPU time), remote cache hits 0 (0.00s CPU time), compiled 0 variants (0.00s CPU time), skipped 0 variants
    Prepared data for serialisation in 0.00s
Compiling shader "Hidden/Internal-ScreenSpaceShadows" pass "" (vp)
    Full variant space:         4
    After settings filtering:   4
    After built-in stripping:   4
    After scriptable stripping: 4
    Processed in 0.00 seconds
    starting compilation...
    finished in 0.00 seconds. Local cache hits 4 (0.00s CPU time), remote cache hits 0 (0.00s CPU time), compiled 0 variants (0.00s CPU time), skipped 0 variants
    Prepared data for serialisation in 0.00s
Compiling shader "Hidden/Internal-ScreenSpaceShadows" pass "" (fp)
    Full variant space:         4
    After settings filtering:   4
    After built-in stripping:   4
    After scriptable stripping: 4
    Processed in 0.00 seconds
    starting compilation...
    finished in 0.00 seconds. Local cache hits 4 (0.00s CPU time), remote cache hits 0 (0.00s CPU time), compiled 0 variants (0.00s CPU time), skipped 0 variants
    Prepared data for serialisation in 0.00s
Compiling shader "Hidden/Internal-ScreenSpaceShadows" pass "" (vp)
    Full variant space:         4
    After settings filtering:   4
    After built-in stripping:   4
    After scriptable stripping: 4
    Processed in 0.00 seconds
    starting compilation...
    finished in 0.00 seconds. Local cache hits 4 (0.00s CPU time), remote cache hits 0 (0.00s CPU time), compiled 0 variants (0.00s CPU time), skipped 0 variants
    Prepared data for serialisation in 0.00s
Compiling shader "Hidden/Internal-ScreenSpaceShadows" pass "" (fp)
    Full variant space:         4
    After settings filtering:   4
    After built-in stripping:   4
    After scriptable stripping: 4
    Processed in 0.00 seconds
    starting compilation...
    finished in 0.00 seconds. Local cache hits 4 (0.00s CPU time), remote cache hits 0 (0.00s CPU time), compiled 0 variants (0.00s CPU time), skipped 0 variants
    Prepared data for serialisation in 0.00s
Serialized binary data for shader Hidden/Internal-ScreenSpaceShadows in 0.00s
    d3d11 (total internal programs: 32, unique: 20)
Compiling shader "Hidden/Internal-CombineDepthNormals" pass "" (vp)
    Full variant space:         1
    After settings filtering:   1
    After built-in stripping:   1
    After scriptable stripping: 1
    Processed in 0.00 seconds
    starting compilation...
    finished in 0.00 seconds. Local cache hits 1 (0.00s CPU time), remote cache hits 0 (0.00s CPU time), compiled 0 variants (0.00s CPU time), skipped 0 variants
    Prepared data for serialisation in 0.00s
Compiling shader "Hidden/Internal-CombineDepthNormals" pass "" (fp)
    Full variant space:         1
    After settings filtering:   1
    After built-in stripping:   1
    After scriptable stripping: 1
    Processed in 0.00 seconds
    starting compilation...
    finished in 0.00 seconds. Local cache hits 1 (0.00s CPU time), remote cache hits 0 (0.00s CPU time), compiled 0 variants (0.00s CPU time), skipped 0 variants
    Prepared data for serialisation in 0.00s
Serialized binary data for shader Hidden/Internal-CombineDepthNormals in 0.00s
    d3d11 (total internal programs: 2, unique: 2)
Compiling shader "Hidden/BlitCopy" pass "" (vp)
    Full variant space:         1
    After settings filtering:   1
    After built-in stripping:   1
    After scriptable stripping: 1
    Processed in 0.00 seconds
    starting compilation...
    finished in 0.00 seconds. Local cache hits 1 (0.00s CPU time), remote cache hits 0 (0.00s CPU time), compiled 0 variants (0.00s CPU time), skipped 0 variants
    Prepared data for serialisation in 0.00s
Compiling shader "Hidden/BlitCopy" pass "" (fp)
    Full variant space:         1
    After settings filtering:   1
    After built-in stripping:   1
    After scriptable stripping: 1
    Processed in 0.00 seconds
    starting compilation...
    finished in 0.00 seconds. Local cache hits 1 (0.00s CPU time), remote cache hits 0 (0.00s CPU time), compiled 0 variants (0.00s CPU time), skipped 0 variants
    Prepared data for serialisation in 0.00s
Serialized binary data for shader Hidden/BlitCopy in 0.00s
    d3d11 (total internal programs: 2, unique: 2)
Compiling shader "Hidden/BlitCopyDepth" pass "" (vp)
    Full variant space:         1
    After settings filtering:   1
    After built-in stripping:   1
    After scriptable stripping: 1
    Processed in 0.00 seconds
    starting compilation...
    finished in 0.00 seconds. Local cache hits 1 (0.00s CPU time), remote cache hits 0 (0.00s CPU time), compiled 0 variants (0.00s CPU time), skipped 0 variants
    Prepared data for serialisation in 0.00s
Compiling shader "Hidden/BlitCopyDepth" pass "" (fp)
    Full variant space:         1
    After settings filtering:   1
    After built-in stripping:   1
    After scriptable stripping: 1
    Processed in 0.00 seconds
    starting compilation...
    finished in 0.00 seconds. Local cache hits 1 (0.00s CPU time), remote cache hits 0 (0.00s CPU time), compiled 0 variants (0.00s CPU time), skipped 0 variants
    Prepared data for serialisation in 0.00s
Serialized binary data for shader Hidden/BlitCopyDepth in 0.00s
    d3d11 (total internal programs: 2, unique: 2)
Compiling shader "Hidden/ConvertTexture" pass "" (vp)
    Full variant space:         1
    After settings filtering:   1
    After built-in stripping:   1
    After scriptable stripping: 1
    Processed in 0.00 seconds
    starting compilation...
    finished in 0.00 seconds. Local cache hits 1 (0.00s CPU time), remote cache hits 0 (0.00s CPU time), compiled 0 variants (0.00s CPU time), skipped 0 variants
    Prepared data for serialisation in 0.00s
Compiling shader "Hidden/ConvertTexture" pass "" (fp)
    Full variant space:         1
    After settings filtering:   1
    After built-in stripping:   1
    After scriptable stripping: 1
    Processed in 0.00 seconds
    starting compilation...
    finished in 0.00 seconds. Local cache hits 1 (0.00s CPU time), remote cache hits 0 (0.00s CPU time), compiled 0 variants (0.00s CPU time), skipped 0 variants
    Prepared data for serialisation in 0.00s
Serialized binary data for shader Hidden/ConvertTexture in 0.00s
    d3d11 (total internal programs: 2, unique: 2)
Compiling shader "Hidden/Internal-DeferredShading" pass "" (vp)
    Full variant space:         94
    After settings filtering:   94
    After built-in stripping:   26
    After scriptable stripping: 26
    Processed in 0.00 seconds
    starting compilation...
    finished in 0.00 seconds. Local cache hits 26 (0.05s CPU time), remote cache hits 0 (0.00s CPU time), compiled 0 variants (0.00s CPU time), skipped 0 variants
    Prepared data for serialisation in 0.00s
Compiling shader "Hidden/Internal-DeferredShading" pass "" (fp)
    Full variant space:         94
    After settings filtering:   94
    After built-in stripping:   26
    After scriptable stripping: 26
    Processed in 0.00 seconds
    starting compilation...
    finished in 0.00 seconds. Local cache hits 26 (0.05s CPU time), remote cache hits 0 (0.00s CPU time), compiled 0 variants (0.00s CPU time), skipped 0 variants
    Prepared data for serialisation in 0.00s
Compiling shader "Hidden/Internal-DeferredShading" pass "" (vp)
    Full variant space:         1
    After settings filtering:   1
    After built-in stripping:   1
    After scriptable stripping: 1
    Processed in 0.00 seconds
    starting compilation...
    finished in 0.00 seconds. Local cache hits 1 (0.00s CPU time), remote cache hits 0 (0.00s CPU time), compiled 0 variants (0.00s CPU time), skipped 0 variants
    Prepared data for serialisation in 0.00s
Compiling shader "Hidden/Internal-DeferredShading" pass "" (fp)
    Full variant space:         1
    After settings filtering:   1
    After built-in stripping:   1
    After scriptable stripping: 1
    Processed in 0.00 seconds
    starting compilation...
    finished in 0.00 seconds. Local cache hits 1 (0.00s CPU time), remote cache hits 0 (0.00s CPU time), compiled 0 variants (0.00s CPU time), skipped 0 variants
    Prepared data for serialisation in 0.00s
Serialized binary data for shader Hidden/Internal-DeferredShading in 0.00s
    d3d11 (total internal programs: 54, unique: 54)
Compiling shader "Hidden/Internal-DeferredReflections" pass "" (vp)
    Full variant space:         1
    After settings filtering:   1
    After built-in stripping:   1
    After scriptable stripping: 1
    Processed in 0.00 seconds
    starting compilation...
    finished in 0.00 seconds. Local cache hits 1 (0.00s CPU time), remote cache hits 0 (0.00s CPU time), compiled 0 variants (0.00s CPU time), skipped 0 variants
    Prepared data for serialisation in 0.00s
Compiling shader "Hidden/Internal-DeferredReflections" pass "" (fp)
    Full variant space:         1
    After settings filtering:   1
    After built-in stripping:   1
    After scriptable stripping: 1
    Processed in 0.00 seconds
    starting compilation...
    finished in 0.00 seconds. Local cache hits 1 (0.00s CPU time), remote cache hits 0 (0.00s CPU time), compiled 0 variants (0.00s CPU time), skipped 0 variants
    Prepared data for serialisation in 0.00s
Compiling shader "Hidden/Internal-DeferredReflections" pass "" (vp)
    Full variant space:         2
    After settings filtering:   2
    After built-in stripping:   2
    After scriptable stripping: 2
    Processed in 0.00 seconds
    starting compilation...
    finished in 0.00 seconds. Local cache hits 2 (0.00s CPU time), remote cache hits 0 (0.00s CPU time), compiled 0 variants (0.00s CPU time), skipped 0 variants
    Prepared data for serialisation in 0.00s
Compiling shader "Hidden/Internal-DeferredReflections" pass "" (fp)
    Full variant space:         2
    After settings filtering:   2
    After built-in stripping:   2
    After scriptable stripping: 2
    Processed in 0.00 seconds
    starting compilation...
    finished in 0.00 seconds. Local cache hits 2 (0.00s CPU time), remote cache hits 0 (0.00s CPU time), compiled 0 variants (0.00s CPU time), skipped 0 variants
    Prepared data for serialisation in 0.00s
Serialized binary data for shader Hidden/Internal-DeferredReflections in 0.00s
    d3d11 (total internal programs: 6, unique: 6)
Compiling shader "Hidden/Internal-MotionVectors" pass "" (vp)
    Full variant space:         1
    After settings filtering:   1
    After built-in stripping:   1
    After scriptable stripping: 1
    Processed in 0.00 seconds
    starting compilation...
    finished in 0.00 seconds. Local cache hits 1 (0.00s CPU time), remote cache hits 0 (0.00s CPU time), compiled 0 variants (0.00s CPU time), skipped 0 variants
    Prepared data for serialisation in 0.00s
Compiling shader "Hidden/Internal-MotionVectors" pass "" (fp)
    Full variant space:         1
    After settings filtering:   1
    After built-in stripping:   1
    After scriptable stripping: 1
    Processed in 0.00 seconds
    starting compilation...
    finished in 0.00 seconds. Local cache hits 1 (0.00s CPU time), remote cache hits 0 (0.00s CPU time), compiled 0 variants (0.00s CPU time), skipped 0 variants
    Prepared data for serialisation in 0.00s
Compiling shader "Hidden/Internal-MotionVectors" pass "" (vp)
    Full variant space:         1
    After settings filtering:   1
    After built-in stripping:   1
    After scriptable stripping: 1
    Processed in 0.00 seconds
    starting compilation...
    finished in 0.00 seconds. Local cache hits 1 (0.00s CPU time), remote cache hits 0 (0.00s CPU time), compiled 0 variants (0.00s CPU time), skipped 0 variants
    Prepared data for serialisation in 0.00s
Compiling shader "Hidden/Internal-MotionVectors" pass "" (fp)
    Full variant space:         1
    After settings filtering:   1
    After built-in stripping:   1
    After scriptable stripping: 1
    Processed in 0.00 seconds
    starting compilation...
    finished in 0.00 seconds. Local cache hits 1 (0.00s CPU time), remote cache hits 0 (0.00s CPU time), compiled 0 variants (0.00s CPU time), skipped 0 variants
    Prepared data for serialisation in 0.00s
Compiling shader "Hidden/Internal-MotionVectors" pass "" (vp)
    Full variant space:         1
    After settings filtering:   1
    After built-in stripping:   1
    After scriptable stripping: 1
    Processed in 0.00 seconds
    starting compilation...
    finished in 0.00 seconds. Local cache hits 1 (0.00s CPU time), remote cache hits 0 (0.00s CPU time), compiled 0 variants (0.00s CPU time), skipped 0 variants
    Prepared data for serialisation in 0.00s
Compiling shader "Hidden/Internal-MotionVectors" pass "" (fp)
    Full variant space:         1
    After settings filtering:   1
    After built-in stripping:   1
    After scriptable stripping: 1
    Processed in 0.00 seconds
    starting compilation...
    finished in 0.00 seconds. Local cache hits 1 (0.00s CPU time), remote cache hits 0 (0.00s CPU time), compiled 0 variants (0.00s CPU time), skipped 0 variants
    Prepared data for serialisation in 0.00s
Serialized binary data for shader Hidden/Internal-MotionVectors in 0.00s
    d3d11 (total internal programs: 6, unique: 5)
Compiling shader "Hidden/Internal-Flare" pass "" (vp)
    Full variant space:         1
    After settings filtering:   1
    After built-in stripping:   1
    After scriptable stripping: 1
    Processed in 0.00 seconds
    starting compilation...
    finished in 0.00 seconds. Local cache hits 1 (0.00s CPU time), remote cache hits 0 (0.00s CPU time), compiled 0 variants (0.00s CPU time), skipped 0 variants
    Prepared data for serialisation in 0.00s
Compiling shader "Hidden/Internal-Flare" pass "" (fp)
    Full variant space:         1
    After settings filtering:   1
    After built-in stripping:   1
    After scriptable stripping: 1
    Processed in 0.00 seconds
    starting compilation...
    finished in 0.00 seconds. Local cache hits 1 (0.00s CPU time), remote cache hits 0 (0.00s CPU time), compiled 0 variants (0.00s CPU time), skipped 0 variants
    Prepared data for serialisation in 0.00s
Serialized binary data for shader Hidden/Internal-Flare in 0.00s
    d3d11 (total internal programs: 2, unique: 2)
Compiling shader "Hidden/Internal-Halo" pass "" (vp)
    Full variant space:         4
    After settings filtering:   4
    After built-in stripping:   1
    After scriptable stripping: 1
    Processed in 0.00 seconds
    starting compilation...
    finished in 0.00 seconds. Local cache hits 1 (0.00s CPU time), remote cache hits 0 (0.00s CPU time), compiled 0 variants (0.00s CPU time), skipped 0 variants
    Prepared data for serialisation in 0.00s
Compiling shader "Hidden/Internal-Halo" pass "" (fp)
    Full variant space:         4
    After settings filtering:   4
    After built-in stripping:   1
    After scriptable stripping: 1
    Processed in 0.00 seconds
    starting compilation...
    finished in 0.00 seconds. Local cache hits 1 (0.00s CPU time), remote cache hits 0 (0.00s CPU time), compiled 0 variants (0.00s CPU time), skipped 0 variants
    Prepared data for serialisation in 0.00s
Serialized binary data for shader Hidden/Internal-Halo in 0.00s
    d3d11 (total internal programs: 2, unique: 2)
Compiling shader "Hidden/BlitCopyWithDepth" pass "" (vp)
    Full variant space:         1
    After settings filtering:   1
    After built-in stripping:   1
    After scriptable stripping: 1
    Processed in 0.00 seconds
    starting compilation...
    finished in 0.00 seconds. Local cache hits 1 (0.00s CPU time), remote cache hits 0 (0.00s CPU time), compiled 0 variants (0.00s CPU time), skipped 0 variants
    Prepared data for serialisation in 0.00s
Compiling shader "Hidden/BlitCopyWithDepth" pass "" (fp)
    Full variant space:         1
    After settings filtering:   1
    After built-in stripping:   1
    After scriptable stripping: 1
    Processed in 0.00 seconds
    starting compilation...
    finished in 0.00 seconds. Local cache hits 1 (0.00s CPU time), remote cache hits 0 (0.00s CPU time), compiled 0 variants (0.00s CPU time), skipped 0 variants
    Prepared data for serialisation in 0.00s
Serialized binary data for shader Hidden/BlitCopyWithDepth in 0.00s
    d3d11 (total internal programs: 2, unique: 2)
Compiling shader "Hidden/BlitToDepth" pass "" (vp)
    Full variant space:         1
    After settings filtering:   1
    After built-in stripping:   1
    After scriptable stripping: 1
    Processed in 0.00 seconds
    starting compilation...
    finished in 0.00 seconds. Local cache hits 1 (0.00s CPU time), remote cache hits 0 (0.00s CPU time), compiled 0 variants (0.00s CPU time), skipped 0 variants
    Prepared data for serialisation in 0.00s
Compiling shader "Hidden/BlitToDepth" pass "" (fp)
    Full variant space:         1
    After settings filtering:   1
    After built-in stripping:   1
    After scriptable stripping: 1
    Processed in 0.00 seconds
    starting compilation...
    finished in 0.00 seconds. Local cache hits 1 (0.00s CPU time), remote cache hits 0 (0.00s CPU time), compiled 0 variants (0.00s CPU time), skipped 0 variants
    Prepared data for serialisation in 0.00s
Serialized binary data for shader Hidden/BlitToDepth in 0.00s
    d3d11 (total internal programs: 2, unique: 2)
Compiling shader "Hidden/BlitToDepth_MSAA" pass "" (vp)
    Full variant space:         1
    After settings filtering:   1
    After built-in stripping:   1
    After scriptable stripping: 1
    Processed in 0.00 seconds
    starting compilation...
    finished in 0.00 seconds. Local cache hits 1 (0.00s CPU time), remote cache hits 0 (0.00s CPU time), compiled 0 variants (0.00s CPU time), skipped 0 variants
    Prepared data for serialisation in 0.00s
Compiling shader "Hidden/BlitToDepth_MSAA" pass "" (fp)
    Full variant space:         1
    After settings filtering:   1
    After built-in stripping:   1
    After scriptable stripping: 1
    Processed in 0.00 seconds
    starting compilation...
    finished in 0.00 seconds. Local cache hits 1 (0.00s CPU time), remote cache hits 0 (0.00s CPU time), compiled 0 variants (0.00s CPU time), skipped 0 variants
    Prepared data for serialisation in 0.00s
Serialized binary data for shader Hidden/BlitToDepth_MSAA in 0.00s
    d3d11 (total internal programs: 2, unique: 2)
Compiling shader "Hidden/BlitCopyHDRTonemap" pass "" (vp)
    Full variant space:         1
    After settings filtering:   1
    After built-in stripping:   1
    After scriptable stripping: 1
    Processed in 0.00 seconds
    starting compilation...
    finished in 0.00 seconds. Local cache hits 1 (0.00s CPU time), remote cache hits 0 (0.00s CPU time), compiled 0 variants (0.00s CPU time), skipped 0 variants
    Prepared data for serialisation in 0.00s
Compiling shader "Hidden/BlitCopyHDRTonemap" pass "" (fp)
    Full variant space:         1
    After settings filtering:   1
    After built-in stripping:   1
    After scriptable stripping: 1
    Processed in 0.00 seconds
    starting compilation...
    finished in 0.00 seconds. Local cache hits 1 (0.00s CPU time), remote cache hits 0 (0.00s CPU time), compiled 0 variants (0.00s CPU time), skipped 0 variants
    Prepared data for serialisation in 0.00s
Serialized binary data for shader Hidden/BlitCopyHDRTonemap in 0.00s
    d3d11 (total internal programs: 2, unique: 2)
Compiling shader "Hidden/Internal-DebugPattern" pass "Target Color and DepthStencil" (vp)
    Full variant space:         1
    After settings filtering:   1
    After built-in stripping:   1
    After scriptable stripping: 1
    Processed in 0.00 seconds
    starting compilation...
    finished in 0.00 seconds. Local cache hits 1 (0.00s CPU time), remote cache hits 0 (0.00s CPU time), compiled 0 variants (0.00s CPU time), skipped 0 variants
    Prepared data for serialisation in 0.00s
Compiling shader "Hidden/Internal-DebugPattern" pass "Target Color and DepthStencil" (fp)
    Full variant space:         1
    After settings filtering:   1
    After built-in stripping:   1
    After scriptable stripping: 1
    Processed in 0.00 seconds
    starting compilation...
    finished in 0.00 seconds. Local cache hits 1 (0.00s CPU time), remote cache hits 0 (0.00s CPU time), compiled 0 variants (0.00s CPU time), skipped 0 variants
    Prepared data for serialisation in 0.00s
Compiling shader "Hidden/Internal-DebugPattern" pass "Target only Color" (vp)
    Full variant space:         1
    After settings filtering:   1
    After built-in stripping:   1
    After scriptable stripping: 1
    Processed in 0.00 seconds
    starting compilation...
    finished in 0.00 seconds. Local cache hits 1 (0.00s CPU time), remote cache hits 0 (0.00s CPU time), compiled 0 variants (0.00s CPU time), skipped 0 variants
    Prepared data for serialisation in 0.00s
Compiling shader "Hidden/Internal-DebugPattern" pass "Target only Color" (fp)
    Full variant space:         1
    After settings filtering:   1
    After built-in stripping:   1
    After scriptable stripping: 1
    Processed in 0.00 seconds
    starting compilation...
    finished in 0.00 seconds. Local cache hits 1 (0.00s CPU time), remote cache hits 0 (0.00s CPU time), compiled 0 variants (0.00s CPU time), skipped 0 variants
    Prepared data for serialisation in 0.00s
Compiling shader "Hidden/Internal-DebugPattern" pass "Target only DepthStencil" (vp)
    Full variant space:         1
    After settings filtering:   1
    After built-in stripping:   1
    After scriptable stripping: 1
    Processed in 0.00 seconds
    starting compilation...
    finished in 0.00 seconds. Local cache hits 1 (0.00s CPU time), remote cache hits 0 (0.00s CPU time), compiled 0 variants (0.00s CPU time), skipped 0 variants
    Prepared data for serialisation in 0.00s
Compiling shader "Hidden/Internal-DebugPattern" pass "Target only DepthStencil" (fp)
    Full variant space:         1
    After settings filtering:   1
    After built-in stripping:   1
    After scriptable stripping: 1
    Processed in 0.00 seconds
    starting compilation...
    finished in 0.00 seconds. Local cache hits 1 (0.00s CPU time), remote cache hits 0 (0.00s CPU time), compiled 0 variants (0.00s CPU time), skipped 0 variants
    Prepared data for serialisation in 0.00s
Serialized binary data for shader Hidden/Internal-DebugPattern in 0.00s
    d3d11 (total internal programs: 6, unique: 4)
Compiling shader "Hidden/Internal-GUITextureClip" pass "" (vp)
    Full variant space:         1
    After settings filtering:   1
    After built-in stripping:   1
    After scriptable stripping: 1
    Processed in 0.00 seconds
    starting compilation...
    finished in 0.00 seconds. Local cache hits 1 (0.00s CPU time), remote cache hits 0 (0.00s CPU time), compiled 0 variants (0.00s CPU time), skipped 0 variants
    Prepared data for serialisation in 0.00s
Compiling shader "Hidden/Internal-GUITextureClip" pass "" (fp)
    Full variant space:         1
    After settings filtering:   1
    After built-in stripping:   1
    After scriptable stripping: 1
    Processed in 0.00 seconds
    starting compilation...
    finished in 0.00 seconds. Local cache hits 1 (0.00s CPU time), remote cache hits 0 (0.00s CPU time), compiled 0 variants (0.00s CPU time), skipped 0 variants
    Prepared data for serialisation in 0.00s
Compiling shader "Hidden/Internal-GUITextureClip" pass "" (vp)
    Full variant space:         1
    After settings filtering:   1
    After built-in stripping:   1
    After scriptable stripping: 1
    Processed in 0.00 seconds
    starting compilation...
    finished in 0.00 seconds. Local cache hits 1 (0.00s CPU time), remote cache hits 0 (0.00s CPU time), compiled 0 variants (0.00s CPU time), skipped 0 variants
    Prepared data for serialisation in 0.00s
Compiling shader "Hidden/Internal-GUITextureClip" pass "" (fp)
    Full variant space:         1
    After settings filtering:   1
    After built-in stripping:   1
    After scriptable stripping: 1
    Processed in 0.00 seconds
    starting compilation...
    finished in 0.00 seconds. Local cache hits 1 (0.00s CPU time), remote cache hits 0 (0.00s CPU time), compiled 0 variants (0.00s CPU time), skipped 0 variants
    Prepared data for serialisation in 0.00s
Serialized binary data for shader Hidden/Internal-GUITextureClip in 0.00s
    d3d11 (total internal programs: 4, unique: 2)
Compiling shader "Hidden/Internal-GUITextureClipText" pass "" (vp)
    Full variant space:         1
    After settings filtering:   1
    After built-in stripping:   1
    After scriptable stripping: 1
    Processed in 0.00 seconds
    starting compilation...
    finished in 0.00 seconds. Local cache hits 1 (0.00s CPU time), remote cache hits 0 (0.00s CPU time), compiled 0 variants (0.00s CPU time), skipped 0 variants
    Prepared data for serialisation in 0.00s
Compiling shader "Hidden/Internal-GUITextureClipText" pass "" (fp)
    Full variant space:         1
    After settings filtering:   1
    After built-in stripping:   1
    After scriptable stripping: 1
    Processed in 0.00 seconds
    starting compilation...
    finished in 0.00 seconds. Local cache hits 1 (0.00s CPU time), remote cache hits 0 (0.00s CPU time), compiled 0 variants (0.00s CPU time), skipped 0 variants
    Prepared data for serialisation in 0.00s
Compiling shader "Hidden/Internal-GUITextureClipText" pass "" (vp)
    Full variant space:         1
    After settings filtering:   1
    After built-in stripping:   1
    After scriptable stripping: 1
    Processed in 0.00 seconds
    starting compilation...
    finished in 0.00 seconds. Local cache hits 1 (0.00s CPU time), remote cache hits 0 (0.00s CPU time), compiled 0 variants (0.00s CPU time), skipped 0 variants
    Prepared data for serialisation in 0.00s
Compiling shader "Hidden/Internal-GUITextureClipText" pass "" (fp)
    Full variant space:         1
    After settings filtering:   1
    After built-in stripping:   1
    After scriptable stripping: 1
    Processed in 0.00 seconds
    starting compilation...
    finished in 0.00 seconds. Local cache hits 1 (0.00s CPU time), remote cache hits 0 (0.00s CPU time), compiled 0 variants (0.00s CPU time), skipped 0 variants
    Prepared data for serialisation in 0.00s
Serialized binary data for shader Hidden/Internal-GUITextureClipText in 0.00s
    d3d11 (total internal programs: 4, unique: 2)
Compiling shader "Hidden/Internal-GUITexture" pass "" (vp)
    Full variant space:         1
    After settings filtering:   1
    After built-in stripping:   1
    After scriptable stripping: 1
    Processed in 0.00 seconds
    starting compilation...
    finished in 0.00 seconds. Local cache hits 1 (0.00s CPU time), remote cache hits 0 (0.00s CPU time), compiled 0 variants (0.00s CPU time), skipped 0 variants
    Prepared data for serialisation in 0.00s
Compiling shader "Hidden/Internal-GUITexture" pass "" (fp)
    Full variant space:         1
    After settings filtering:   1
    After built-in stripping:   1
    After scriptable stripping: 1
    Processed in 0.00 seconds
    starting compilation...
    finished in 0.00 seconds. Local cache hits 1 (0.00s CPU time), remote cache hits 0 (0.00s CPU time), compiled 0 variants (0.00s CPU time), skipped 0 variants
    Prepared data for serialisation in 0.00s
Compiling shader "Hidden/Internal-GUITexture" pass "" (vp)
    Full variant space:         1
    After settings filtering:   1
    After built-in stripping:   1
    After scriptable stripping: 1
    Processed in 0.00 seconds
    starting compilation...
    finished in 0.00 seconds. Local cache hits 1 (0.00s CPU time), remote cache hits 0 (0.00s CPU time), compiled 0 variants (0.00s CPU time), skipped 0 variants
    Prepared data for serialisation in 0.00s
Compiling shader "Hidden/Internal-GUITexture" pass "" (fp)
    Full variant space:         1
    After settings filtering:   1
    After built-in stripping:   1
    After scriptable stripping: 1
    Processed in 0.00 seconds
    starting compilation...
    finished in 0.00 seconds. Local cache hits 1 (0.00s CPU time), remote cache hits 0 (0.00s CPU time), compiled 0 variants (0.00s CPU time), skipped 0 variants
    Prepared data for serialisation in 0.00s
Serialized binary data for shader Hidden/Internal-GUITexture in 0.00s
    d3d11 (total internal programs: 4, unique: 2)
Compiling shader "Hidden/Internal-GUITextureBlit" pass "" (vp)
    Full variant space:         1
    After settings filtering:   1
    After built-in stripping:   1
    After scriptable stripping: 1
    Processed in 0.00 seconds
    starting compilation...
    finished in 0.00 seconds. Local cache hits 1 (0.00s CPU time), remote cache hits 0 (0.00s CPU time), compiled 0 variants (0.00s CPU time), skipped 0 variants
    Prepared data for serialisation in 0.00s
Compiling shader "Hidden/Internal-GUITextureBlit" pass "" (fp)
    Full variant space:         1
    After settings filtering:   1
    After built-in stripping:   1
    After scriptable stripping: 1
    Processed in 0.00 seconds
    starting compilation...
    finished in 0.00 seconds. Local cache hits 1 (0.00s CPU time), remote cache hits 0 (0.00s CPU time), compiled 0 variants (0.00s CPU time), skipped 0 variants
    Prepared data for serialisation in 0.00s
Compiling shader "Hidden/Internal-GUITextureBlit" pass "" (vp)
    Full variant space:         1
    After settings filtering:   1
    After built-in stripping:   1
    After scriptable stripping: 1
    Processed in 0.00 seconds
    starting compilation...
    finished in 0.00 seconds. Local cache hits 1 (0.00s CPU time), remote cache hits 0 (0.00s CPU time), compiled 0 variants (0.00s CPU time), skipped 0 variants
    Prepared data for serialisation in 0.00s
Compiling shader "Hidden/Internal-GUITextureBlit" pass "" (fp)
    Full variant space:         1
    After settings filtering:   1
    After built-in stripping:   1
    After scriptable stripping: 1
    Processed in 0.00 seconds
    starting compilation...
    finished in 0.00 seconds. Local cache hits 1 (0.00s CPU time), remote cache hits 0 (0.00s CPU time), compiled 0 variants (0.00s CPU time), skipped 0 variants
    Prepared data for serialisation in 0.00s
Serialized binary data for shader Hidden/Internal-GUITextureBlit in 0.00s
    d3d11 (total internal programs: 4, unique: 2)
Compiling shader "Hidden/Internal-GUIRoundedRect" pass "" (vp)
    Full variant space:         1
    After settings filtering:   1
    After built-in stripping:   1
    After scriptable stripping: 1
    Processed in 0.00 seconds
    starting compilation...
    finished in 0.00 seconds. Local cache hits 1 (0.00s CPU time), remote cache hits 0 (0.00s CPU time), compiled 0 variants (0.00s CPU time), skipped 0 variants
    Prepared data for serialisation in 0.00s
Compiling shader "Hidden/Internal-GUIRoundedRect" pass "" (fp)
    Full variant space:         1
    After settings filtering:   1
    After built-in stripping:   1
    After scriptable stripping: 1
    Processed in 0.00 seconds
    starting compilation...
    finished in 0.00 seconds. Local cache hits 1 (0.00s CPU time), remote cache hits 0 (0.00s CPU time), compiled 0 variants (0.00s CPU time), skipped 0 variants
    Prepared data for serialisation in 0.00s
Compiling shader "Hidden/Internal-GUIRoundedRect" pass "" (vp)
    Full variant space:         1
    After settings filtering:   1
    After built-in stripping:   1
    After scriptable stripping: 1
    Processed in 0.00 seconds
    starting compilation...
    finished in 0.00 seconds. Local cache hits 1 (0.00s CPU time), remote cache hits 0 (0.00s CPU time), compiled 0 variants (0.00s CPU time), skipped 0 variants
    Prepared data for serialisation in 0.00s
Compiling shader "Hidden/Internal-GUIRoundedRect" pass "" (fp)
    Full variant space:         1
    After settings filtering:   1
    After built-in stripping:   1
    After scriptable stripping: 1
    Processed in 0.00 seconds
    starting compilation...
    finished in 0.00 seconds. Local cache hits 1 (0.00s CPU time), remote cache hits 0 (0.00s CPU time), compiled 0 variants (0.00s CPU time), skipped 0 variants
    Prepared data for serialisation in 0.00s
Serialized binary data for shader Hidden/Internal-GUIRoundedRect in 0.00s
    d3d11 (total internal programs: 4, unique: 2)
Compiling shader "Hidden/Internal-GUIRoundedRectWithColorPerBorder" pass "" (vp)
    Full variant space:         1
    After settings filtering:   1
    After built-in stripping:   1
    After scriptable stripping: 1
    Processed in 0.00 seconds
    starting compilation...
    finished in 0.00 seconds. Local cache hits 1 (0.00s CPU time), remote cache hits 0 (0.00s CPU time), compiled 0 variants (0.00s CPU time), skipped 0 variants
    Prepared data for serialisation in 0.00s
Compiling shader "Hidden/Internal-GUIRoundedRectWithColorPerBorder" pass "" (fp)
    Full variant space:         1
    After settings filtering:   1
    After built-in stripping:   1
    After scriptable stripping: 1
    Processed in 0.00 seconds
    starting compilation...
    finished in 0.00 seconds. Local cache hits 1 (0.00s CPU time), remote cache hits 0 (0.00s CPU time), compiled 0 variants (0.00s CPU time), skipped 0 variants
    Prepared data for serialisation in 0.00s
Compiling shader "Hidden/Internal-GUIRoundedRectWithColorPerBorder" pass "" (vp)
    Full variant space:         1
    After settings filtering:   1
    After built-in stripping:   1
    After scriptable stripping: 1
    Processed in 0.00 seconds
    starting compilation...
    finished in 0.00 seconds. Local cache hits 1 (0.00s CPU time), remote cache hits 0 (0.00s CPU time), compiled 0 variants (0.00s CPU time), skipped 0 variants
    Prepared data for serialisation in 0.00s
Compiling shader "Hidden/Internal-GUIRoundedRectWithColorPerBorder" pass "" (fp)
    Full variant space:         1
    After settings filtering:   1
    After built-in stripping:   1
    After scriptable stripping: 1
    Processed in 0.00 seconds
    starting compilation...
    finished in 0.00 seconds. Local cache hits 1 (0.00s CPU time), remote cache hits 0 (0.00s CPU time), compiled 0 variants (0.00s CPU time), skipped 0 variants
    Prepared data for serialisation in 0.00s
Serialized binary data for shader Hidden/Internal-GUIRoundedRectWithColorPerBorder in 0.00s
    d3d11 (total internal programs: 4, unique: 2)
Compiling shader "Hidden/Internal-UIRDefault" pass "" (vp)
    Full variant space:         2
    After settings filtering:   2
    After built-in stripping:   2
    After scriptable stripping: 2
    Processed in 0.00 seconds
    starting compilation...
    finished in 0.00 seconds. Local cache hits 2 (0.00s CPU time), remote cache hits 0 (0.00s CPU time), compiled 0 variants (0.00s CPU time), skipped 0 variants
    Prepared data for serialisation in 0.00s
Compiling shader "Hidden/Internal-UIRDefault" pass "" (fp)
    Full variant space:         2
    After settings filtering:   2
    After built-in stripping:   2
    After scriptable stripping: 2
    Processed in 0.00 seconds
    starting compilation...
    finished in 0.00 seconds. Local cache hits 2 (0.00s CPU time), remote cache hits 0 (0.00s CPU time), compiled 0 variants (0.00s CPU time), skipped 0 variants
    Prepared data for serialisation in 0.00s
Serialized binary data for shader Hidden/Internal-UIRDefault in 0.00s
    d3d11 (total internal programs: 4, unique: 4)
Compiling shader "Hidden/Internal-UIRAtlasBlitCopy" pass "" (vp)
    Full variant space:         1
    After settings filtering:   1
    After built-in stripping:   1
    After scriptable stripping: 1
    Processed in 0.00 seconds
    starting compilation...
    finished in 0.00 seconds. Local cache hits 1 (0.00s CPU time), remote cache hits 0 (0.00s CPU time), compiled 0 variants (0.00s CPU time), skipped 0 variants
    Prepared data for serialisation in 0.00s
Compiling shader "Hidden/Internal-UIRAtlasBlitCopy" pass "" (fp)
    Full variant space:         1
    After settings filtering:   1
    After built-in stripping:   1
    After scriptable stripping: 1
    Processed in 0.00 seconds
    starting compilation...
    finished in 0.00 seconds. Local cache hits 1 (0.00s CPU time), remote cache hits 0 (0.00s CPU time), compiled 0 variants (0.00s CPU time), skipped 0 variants
    Prepared data for serialisation in 0.00s
Serialized binary data for shader Hidden/Internal-UIRAtlasBlitCopy in 0.00s
    d3d11 (total internal programs: 2, unique: 2)
Compiling shader "Hidden/Internal-UIRDefaultWorld" pass "" (vp)
    Full variant space:         1
    After settings filtering:   1
    After built-in stripping:   1
    After scriptable stripping: 1
    Processed in 0.00 seconds
    starting compilation...
    finished in 0.00 seconds. Local cache hits 1 (0.00s CPU time), remote cache hits 0 (0.00s CPU time), compiled 0 variants (0.00s CPU time), skipped 0 variants
    Prepared data for serialisation in 0.00s
Compiling shader "Hidden/Internal-UIRDefaultWorld" pass "" (fp)
    Full variant space:         1
    After settings filtering:   1
    After built-in stripping:   1
    After scriptable stripping: 1
    Processed in 0.00 seconds
    starting compilation...
    finished in 0.00 seconds. Local cache hits 1 (0.00s CPU time), remote cache hits 0 (0.00s CPU time), compiled 0 variants (0.00s CPU time), skipped 0 variants
    Prepared data for serialisation in 0.00s
Serialized binary data for shader Hidden/Internal-UIRDefaultWorld in 0.00s
    d3d11 (total internal programs: 2, unique: 2)
Compiling shader "Sprites/Default" pass "" (vp)
    Full variant space:         8
    After settings filtering:   8
    After built-in stripping:   4
    After scriptable stripping: 4
    Processed in 0.00 seconds
    starting compilation...
    finished in 0.00 seconds. Local cache hits 4 (0.00s CPU time), remote cache hits 0 (0.00s CPU time), compiled 0 variants (0.00s CPU time), skipped 0 variants
    Prepared data for serialisation in 0.00s
Compiling shader "Sprites/Default" pass "" (fp)
    Full variant space:         8
    After settings filtering:   8
    After built-in stripping:   4
    After scriptable stripping: 4
    Processed in 0.00 seconds
    starting compilation...
    finished in 0.00 seconds. Local cache hits 4 (0.00s CPU time), remote cache hits 0 (0.00s CPU time), compiled 0 variants (0.00s CPU time), skipped 0 variants
    Prepared data for serialisation in 0.00s
Serialized binary data for shader Sprites/Default in 0.00s
    d3d11 (total internal programs: 8, unique: 8)
Compiling shader "Sprites/Mask" pass "" (vp)
    Full variant space:         4
    After settings filtering:   4
    After built-in stripping:   4
    After scriptable stripping: 4
    Processed in 0.00 seconds
    starting compilation...
    finished in 0.00 seconds. Local cache hits 4 (0.00s CPU time), remote cache hits 0 (0.00s CPU time), compiled 0 variants (0.00s CPU time), skipped 0 variants
    Prepared data for serialisation in 0.00s
Compiling shader "Sprites/Mask" pass "" (fp)
    Full variant space:         4
    After settings filtering:   4
    After built-in stripping:   4
    After scriptable stripping: 4
    Processed in 0.00 seconds
    starting compilation...
    finished in 0.00 seconds. Local cache hits 4 (0.00s CPU time), remote cache hits 0 (0.00s CPU time), compiled 0 variants (0.00s CPU time), skipped 0 variants
    Prepared data for serialisation in 0.00s
Serialized binary data for shader Sprites/Mask in 0.00s
    d3d11 (total internal programs: 8, unique: 8)
Compiling shader "UI/Default" pass "Default" (vp)
    Full variant space:         4
    After settings filtering:   4
    After built-in stripping:   4
    After scriptable stripping: 4
    Processed in 0.00 seconds
    starting compilation...
    finished in 0.00 seconds. Local cache hits 4 (0.00s CPU time), remote cache hits 0 (0.00s CPU time), compiled 0 variants (0.00s CPU time), skipped 0 variants
    Prepared data for serialisation in 0.00s
Compiling shader "UI/Default" pass "Default" (fp)
    Full variant space:         4
    After settings filtering:   4
    After built-in stripping:   4
    After scriptable stripping: 4
    Processed in 0.00 seconds
    starting compilation...
    finished in 0.00 seconds. Local cache hits 4 (0.00s CPU time), remote cache hits 0 (0.00s CPU time), compiled 0 variants (0.00s CPU time), skipped 0 variants
    Prepared data for serialisation in 0.00s
Serialized binary data for shader UI/Default in 0.00s
    d3d11 (total internal programs: 8, unique: 8)
Compiling shader "UI/DefaultETC1" pass "Default" (vp)
    Full variant space:         4
    After settings filtering:   4
    After built-in stripping:   4
    After scriptable stripping: 4
    Processed in 0.00 seconds
    starting compilation...
    finished in 0.00 seconds. Local cache hits 4 (0.00s CPU time), remote cache hits 0 (0.00s CPU time), compiled 0 variants (0.00s CPU time), skipped 0 variants
    Prepared data for serialisation in 0.00s
Compiling shader "UI/DefaultETC1" pass "Default" (fp)
    Full variant space:         4
    After settings filtering:   4
    After built-in stripping:   4
    After scriptable stripping: 4
    Processed in 0.00 seconds
    starting compilation...
    finished in 0.00 seconds. Local cache hits 4 (0.00s CPU time), remote cache hits 0 (0.00s CPU time), compiled 0 variants (0.00s CPU time), skipped 0 variants
    Prepared data for serialisation in 0.00s
Serialized binary data for shader UI/DefaultETC1 in 0.00s
    d3d11 (total internal programs: 8, unique: 8)
Compiling shader "Hidden/CubeBlur" pass "" (vp)
    Full variant space:         1
    After settings filtering:   1
    After built-in stripping:   1
    After scriptable stripping: 1
    Processed in 0.00 seconds
    starting compilation...
    finished in 0.00 seconds. Local cache hits 1 (0.00s CPU time), remote cache hits 0 (0.00s CPU time), compiled 0 variants (0.00s CPU time), skipped 0 variants
    Prepared data for serialisation in 0.00s
Compiling shader "Hidden/CubeBlur" pass "" (fp)
    Full variant space:         1
    After settings filtering:   1
    After built-in stripping:   1
    After scriptable stripping: 1
    Processed in 0.00 seconds
    starting compilation...
    finished in 0.00 seconds. Local cache hits 1 (0.00s CPU time), remote cache hits 0 (0.00s CPU time), compiled 0 variants (0.00s CPU time), skipped 0 variants
    Prepared data for serialisation in 0.00s
Compiling shader "Hidden/CubeBlur" pass "" (vp)
    Full variant space:         1
    After settings filtering:   1
    After built-in stripping:   1
    After scriptable stripping: 1
    Processed in 0.00 seconds
    starting compilation...
    finished in 0.00 seconds. Local cache hits 1 (0.00s CPU time), remote cache hits 0 (0.00s CPU time), compiled 0 variants (0.00s CPU time), skipped 0 variants
    Prepared data for serialisation in 0.00s
Compiling shader "Hidden/CubeBlur" pass "" (fp)
    Full variant space:         1
    After settings filtering:   1
    After built-in stripping:   1
    After scriptable stripping: 1
    Processed in 0.00 seconds
    starting compilation...
    finished in 0.00 seconds. Local cache hits 1 (0.00s CPU time), remote cache hits 0 (0.00s CPU time), compiled 0 variants (0.00s CPU time), skipped 0 variants
    Prepared data for serialisation in 0.00s
Serialized binary data for shader Hidden/CubeBlur in 0.00s
    d3d11 (total internal programs: 4, unique: 3)
Compiling shader "Hidden/CubeCopy" pass "" (vp)
    Full variant space:         1
    After settings filtering:   1
    After built-in stripping:   1
    After scriptable stripping: 1
    Processed in 0.00 seconds
    starting compilation...
    finished in 0.00 seconds. Local cache hits 1 (0.00s CPU time), remote cache hits 0 (0.00s CPU time), compiled 0 variants (0.00s CPU time), skipped 0 variants
    Prepared data for serialisation in 0.00s
Compiling shader "Hidden/CubeCopy" pass "" (fp)
    Full variant space:         1
    After settings filtering:   1
    After built-in stripping:   1
    After scriptable stripping: 1
    Processed in 0.00 seconds
    starting compilation...
    finished in 0.00 seconds. Local cache hits 1 (0.00s CPU time), remote cache hits 0 (0.00s CPU time), compiled 0 variants (0.00s CPU time), skipped 0 variants
    Prepared data for serialisation in 0.00s
Compiling shader "Hidden/CubeCopy" pass "" (vp)
    Full variant space:         1
    After settings filtering:   1
    After built-in stripping:   1
    After scriptable stripping: 1
    Processed in 0.00 seconds
    starting compilation...
    finished in 0.00 seconds. Local cache hits 1 (0.00s CPU time), remote cache hits 0 (0.00s CPU time), compiled 0 variants (0.00s CPU time), skipped 0 variants
    Prepared data for serialisation in 0.00s
Compiling shader "Hidden/CubeCopy" pass "" (fp)
    Full variant space:         1
    After settings filtering:   1
    After built-in stripping:   1
    After scriptable stripping: 1
    Processed in 0.00 seconds
    starting compilation...
    finished in 0.00 seconds. Local cache hits 1 (0.00s CPU time), remote cache hits 0 (0.00s CPU time), compiled 0 variants (0.00s CPU time), skipped 0 variants
    Prepared data for serialisation in 0.00s
Serialized binary data for shader Hidden/CubeCopy in 0.00s
    d3d11 (total internal programs: 4, unique: 2)
Compiling shader "Hidden/CubeBlend" pass "" (vp)
    Full variant space:         1
    After settings filtering:   1
    After built-in stripping:   1
    After scriptable stripping: 1
    Processed in 0.00 seconds
    starting compilation...
    finished in 0.00 seconds. Local cache hits 1 (0.00s CPU time), remote cache hits 0 (0.00s CPU time), compiled 0 variants (0.00s CPU time), skipped 0 variants
    Prepared data for serialisation in 0.00s
Compiling shader "Hidden/CubeBlend" pass "" (fp)
    Full variant space:         1
    After settings filtering:   1
    After built-in stripping:   1
    After scriptable stripping: 1
    Processed in 0.00 seconds
    starting compilation...
    finished in 0.00 seconds. Local cache hits 1 (0.00s CPU time), remote cache hits 0 (0.00s CPU time), compiled 0 variants (0.00s CPU time), skipped 0 variants
    Prepared data for serialisation in 0.00s
Compiling shader "Hidden/CubeBlend" pass "" (vp)
    Full variant space:         1
    After settings filtering:   1
    After built-in stripping:   1
    After scriptable stripping: 1
    Processed in 0.00 seconds
    starting compilation...
    finished in 0.00 seconds. Local cache hits 1 (0.00s CPU time), remote cache hits 0 (0.00s CPU time), compiled 0 variants (0.00s CPU time), skipped 0 variants
    Prepared data for serialisation in 0.00s
Compiling shader "Hidden/CubeBlend" pass "" (fp)
    Full variant space:         1
    After settings filtering:   1
    After built-in stripping:   1
    After scriptable stripping: 1
    Processed in 0.00 seconds
    starting compilation...
    finished in 0.00 seconds. Local cache hits 1 (0.00s CPU time), remote cache hits 0 (0.00s CPU time), compiled 0 variants (0.00s CPU time), skipped 0 variants
    Prepared data for serialisation in 0.00s
Serialized binary data for shader Hidden/CubeBlend in 0.00s
    d3d11 (total internal programs: 4, unique: 2)
Compiling shader "Hidden/VR/BlitTexArraySlice" pass "" (vp)
    Full variant space:         1
    After settings filtering:   1
    After built-in stripping:   1
    After scriptable stripping: 1
    Processed in 0.00 seconds
    starting compilation...
    finished in 0.00 seconds. Local cache hits 1 (0.00s CPU time), remote cache hits 0 (0.00s CPU time), compiled 0 variants (0.00s CPU time), skipped 0 variants
    Prepared data for serialisation in 0.00s
Compiling shader "Hidden/VR/BlitTexArraySlice" pass "" (fp)
    Full variant space:         1
    After settings filtering:   1
    After built-in stripping:   1
    After scriptable stripping: 1
    Processed in 0.00 seconds
    starting compilation...
    finished in 0.00 seconds. Local cache hits 1 (0.00s CPU time), remote cache hits 0 (0.00s CPU time), compiled 0 variants (0.00s CPU time), skipped 0 variants
    Prepared data for serialisation in 0.00s
Serialized binary data for shader Hidden/VR/BlitTexArraySlice in 0.00s
    d3d11 (total internal programs: 2, unique: 2)
Compiling shader "Hidden/Internal-ODSWorldTexture" pass "" (vp)
    Full variant space:         1
    After settings filtering:   1
    After built-in stripping:   1
    After scriptable stripping: 1
    Processed in 0.00 seconds
    starting compilation...
    finished in 0.00 seconds. Local cache hits 1 (0.00s CPU time), remote cache hits 0 (0.00s CPU time), compiled 0 variants (0.00s CPU time), skipped 0 variants
    Prepared data for serialisation in 0.00s
Compiling shader "Hidden/Internal-ODSWorldTexture" pass "" (fp)
    Full variant space:         1
    After settings filtering:   1
    After built-in stripping:   1
    After scriptable stripping: 1
    Processed in 0.00 seconds
    starting compilation...
    finished in 0.00 seconds. Local cache hits 1 (0.00s CPU time), remote cache hits 0 (0.00s CPU time), compiled 0 variants (0.00s CPU time), skipped 0 variants
    Prepared data for serialisation in 0.00s
Compiling shader "Hidden/Internal-ODSWorldTexture" pass "" (vp)
    Full variant space:         1
    After settings filtering:   1
    After built-in stripping:   1
    After scriptable stripping: 1
    Processed in 0.00 seconds
    starting compilation...
    finished in 0.00 seconds. Local cache hits 1 (0.00s CPU time), remote cache hits 0 (0.00s CPU time), compiled 0 variants (0.00s CPU time), skipped 0 variants
    Prepared data for serialisation in 0.00s
Compiling shader "Hidden/Internal-ODSWorldTexture" pass "" (fp)
    Full variant space:         1
    After settings filtering:   1
    After built-in stripping:   1
    After scriptable stripping: 1
    Processed in 0.00 seconds
    starting compilation...
    finished in 0.00 seconds. Local cache hits 1 (0.00s CPU time), remote cache hits 0 (0.00s CPU time), compiled 0 variants (0.00s CPU time), skipped 0 variants
    Prepared data for serialisation in 0.00s
Compiling shader "Hidden/Internal-ODSWorldTexture" pass "" (vp)
    Full variant space:         1
    After settings filtering:   1
    After built-in stripping:   1
    After scriptable stripping: 1
    Processed in 0.00 seconds
    starting compilation...
    finished in 0.00 seconds. Local cache hits 1 (0.00s CPU time), remote cache hits 0 (0.00s CPU time), compiled 0 variants (0.00s CPU time), skipped 0 variants
    Prepared data for serialisation in 0.00s
Compiling shader "Hidden/Internal-ODSWorldTexture" pass "" (fp)
    Full variant space:         1
    After settings filtering:   1
    After built-in stripping:   1
    After scriptable stripping: 1
    Processed in 0.00 seconds
    starting compilation...
    finished in 0.00 seconds. Local cache hits 1 (0.00s CPU time), remote cache hits 0 (0.00s CPU time), compiled 0 variants (0.00s CPU time), skipped 0 variants
    Prepared data for serialisation in 0.00s
Compiling shader "Hidden/Internal-ODSWorldTexture" pass "" (vp)
    Full variant space:         1
    After settings filtering:   1
    After built-in stripping:   1
    After scriptable stripping: 1
    Processed in 0.00 seconds
    starting compilation...
    finished in 0.00 seconds. Local cache hits 1 (0.00s CPU time), remote cache hits 0 (0.00s CPU time), compiled 0 variants (0.00s CPU time), skipped 0 variants
    Prepared data for serialisation in 0.00s
Compiling shader "Hidden/Internal-ODSWorldTexture" pass "" (fp)
    Full variant space:         1
    After settings filtering:   1
    After built-in stripping:   1
    After scriptable stripping: 1
    Processed in 0.00 seconds
    starting compilation...
    finished in 0.00 seconds. Local cache hits 1 (0.00s CPU time), remote cache hits 0 (0.00s CPU time), compiled 0 variants (0.00s CPU time), skipped 0 variants
    Prepared data for serialisation in 0.00s
Compiling shader "Hidden/Internal-ODSWorldTexture" pass "" (vp)
    Full variant space:         1
    After settings filtering:   1
    After built-in stripping:   1
    After scriptable stripping: 1
    Processed in 0.00 seconds
    starting compilation...
    finished in 0.00 seconds. Local cache hits 1 (0.00s CPU time), remote cache hits 0 (0.00s CPU time), compiled 0 variants (0.00s CPU time), skipped 0 variants
    Prepared data for serialisation in 0.00s
Compiling shader "Hidden/Internal-ODSWorldTexture" pass "" (fp)
    Full variant space:         1
    After settings filtering:   1
    After built-in stripping:   1
    After scriptable stripping: 1
    Processed in 0.00 seconds
    starting compilation...
    finished in 0.00 seconds. Local cache hits 1 (0.00s CPU time), remote cache hits 0 (0.00s CPU time), compiled 0 variants (0.00s CPU time), skipped 0 variants
    Prepared data for serialisation in 0.00s
Compiling shader "Hidden/Internal-ODSWorldTexture" pass "" (vp)
    Full variant space:         1
    After settings filtering:   1
    After built-in stripping:   1
    After scriptable stripping: 1
    Processed in 0.00 seconds
    starting compilation...
    finished in 0.00 seconds. Local cache hits 1 (0.00s CPU time), remote cache hits 0 (0.00s CPU time), compiled 0 variants (0.00s CPU time), skipped 0 variants
    Prepared data for serialisation in 0.00s
Compiling shader "Hidden/Internal-ODSWorldTexture" pass "" (fp)
    Full variant space:         1
    After settings filtering:   1
    After built-in stripping:   1
    After scriptable stripping: 1
    Processed in 0.00 seconds
    starting compilation...
    finished in 0.00 seconds. Local cache hits 1 (0.00s CPU time), remote cache hits 0 (0.00s CPU time), compiled 0 variants (0.00s CPU time), skipped 0 variants
    Prepared data for serialisation in 0.00s
Compiling shader "Hidden/Internal-ODSWorldTexture" pass "" (vp)
    Full variant space:         1
    After settings filtering:   1
    After built-in stripping:   1
    After scriptable stripping: 1
    Processed in 0.00 seconds
    starting compilation...
    finished in 0.00 seconds. Local cache hits 1 (0.00s CPU time), remote cache hits 0 (0.00s CPU time), compiled 0 variants (0.00s CPU time), skipped 0 variants
    Prepared data for serialisation in 0.00s
Compiling shader "Hidden/Internal-ODSWorldTexture" pass "" (fp)
    Full variant space:         1
    After settings filtering:   1
    After built-in stripping:   1
    After scriptable stripping: 1
    Processed in 0.00 seconds
    starting compilation...
    finished in 0.00 seconds. Local cache hits 1 (0.00s CPU time), remote cache hits 0 (0.00s CPU time), compiled 0 variants (0.00s CPU time), skipped 0 variants
    Prepared data for serialisation in 0.00s
Compiling shader "Hidden/Internal-ODSWorldTexture" pass "" (vp)
    Full variant space:         1
    After settings filtering:   1
    After built-in stripping:   1
    After scriptable stripping: 1
    Processed in 0.00 seconds
    starting compilation...
    finished in 0.00 seconds. Local cache hits 1 (0.00s CPU time), remote cache hits 0 (0.00s CPU time), compiled 0 variants (0.00s CPU time), skipped 0 variants
    Prepared data for serialisation in 0.00s
Compiling shader "Hidden/Internal-ODSWorldTexture" pass "" (fp)
    Full variant space:         1
    After settings filtering:   1
    After built-in stripping:   1
    After scriptable stripping: 1
    Processed in 0.00 seconds
    starting compilation...
    finished in 0.00 seconds. Local cache hits 1 (0.00s CPU time), remote cache hits 0 (0.00s CPU time), compiled 0 variants (0.00s CPU time), skipped 0 variants
    Prepared data for serialisation in 0.00s
Compiling shader "Hidden/Internal-ODSWorldTexture" pass "" (vp)
    Full variant space:         1
    After settings filtering:   1
    After built-in stripping:   1
    After scriptable stripping: 1
    Processed in 0.00 seconds
    starting compilation...
    finished in 0.00 seconds. Local cache hits 1 (0.00s CPU time), remote cache hits 0 (0.00s CPU time), compiled 0 variants (0.00s CPU time), skipped 0 variants
    Prepared data for serialisation in 0.00s
Compiling shader "Hidden/Internal-ODSWorldTexture" pass "" (fp)
    Full variant space:         1
    After settings filtering:   1
    After built-in stripping:   1
    After scriptable stripping: 1
    Processed in 0.00 seconds
    starting compilation...
    finished in 0.00 seconds. Local cache hits 1 (0.00s CPU time), remote cache hits 0 (0.00s CPU time), compiled 0 variants (0.00s CPU time), skipped 0 variants
    Prepared data for serialisation in 0.00s
Compiling shader "Hidden/Internal-ODSWorldTexture" pass "" (vp)
    Full variant space:         1
    After settings filtering:   1
    After built-in stripping:   1
    After scriptable stripping: 1
    Processed in 0.00 seconds
    starting compilation...
    finished in 0.00 seconds. Local cache hits 1 (0.00s CPU time), remote cache hits 0 (0.00s CPU time), compiled 0 variants (0.00s CPU time), skipped 0 variants
    Prepared data for serialisation in 0.00s
Compiling shader "Hidden/Internal-ODSWorldTexture" pass "" (fp)
    Full variant space:         1
    After settings filtering:   1
    After built-in stripping:   1
    After scriptable stripping: 1
    Processed in 0.00 seconds
    starting compilation...
    finished in 0.00 seconds. Local cache hits 1 (0.00s CPU time), remote cache hits 0 (0.00s CPU time), compiled 0 variants (0.00s CPU time), skipped 0 variants
    Prepared data for serialisation in 0.00s
Serialized binary data for shader Hidden/Internal-ODSWorldTexture in 0.00s
    d3d11 (total internal programs: 20, unique: 15)
Compiling shader "Hidden/Internal-CubemapToEquirect" pass "" (vp)
    Full variant space:         1
    After settings filtering:   1
    After built-in stripping:   1
    After scriptable stripping: 1
    Processed in 0.00 seconds
    starting compilation...
    finished in 0.00 seconds. Local cache hits 1 (0.00s CPU time), remote cache hits 0 (0.00s CPU time), compiled 0 variants (0.00s CPU time), skipped 0 variants
    Prepared data for serialisation in 0.00s
Compiling shader "Hidden/Internal-CubemapToEquirect" pass "" (fp)
    Full variant space:         1
    After settings filtering:   1
    After built-in stripping:   1
    After scriptable stripping: 1
    Processed in 0.00 seconds
    starting compilation...
    finished in 0.00 seconds. Local cache hits 1 (0.00s CPU time), remote cache hits 0 (0.00s CPU time), compiled 0 variants (0.00s CPU time), skipped 0 variants
    Prepared data for serialisation in 0.00s
Serialized binary data for shader Hidden/Internal-CubemapToEquirect in 0.00s
    d3d11 (total internal programs: 2, unique: 2)
Compiling shader "Hidden/VR/BlitFromTex2DToTexArraySlice" pass "" (vp)
    Full variant space:         1
    After settings filtering:   1
    After built-in stripping:   1
    After scriptable stripping: 1
    Processed in 0.00 seconds
    starting compilation...
    finished in 0.00 seconds. Local cache hits 1 (0.00s CPU time), remote cache hits 0 (0.00s CPU time), compiled 0 variants (0.00s CPU time), skipped 0 variants
    Prepared data for serialisation in 0.00s
Compiling shader "Hidden/VR/BlitFromTex2DToTexArraySlice" pass "" (fp)
    Full variant space:         1
    After settings filtering:   1
    After built-in stripping:   1
    After scriptable stripping: 1
    Processed in 0.00 seconds
    starting compilation...
    finished in 0.00 seconds. Local cache hits 1 (0.00s CPU time), remote cache hits 0 (0.00s CPU time), compiled 0 variants (0.00s CPU time), skipped 0 variants
    Prepared data for serialisation in 0.00s
Compiling shader "Hidden/VR/BlitFromTex2DToTexArraySlice" pass "" (vp)
    Full variant space:         1
    After settings filtering:   1
    After built-in stripping:   1
    After scriptable stripping: 1
    Processed in 0.00 seconds
    starting compilation...
    finished in 0.00 seconds. Local cache hits 1 (0.00s CPU time), remote cache hits 0 (0.00s CPU time), compiled 0 variants (0.00s CPU time), skipped 0 variants
    Prepared data for serialisation in 0.00s
Compiling shader "Hidden/VR/BlitFromTex2DToTexArraySlice" pass "" (fp)
    Full variant space:         1
    After settings filtering:   1
    After built-in stripping:   1
    After scriptable stripping: 1
    Processed in 0.00 seconds
    starting compilation...
    finished in 0.00 seconds. Local cache hits 1 (0.00s CPU time), remote cache hits 0 (0.00s CPU time), compiled 0 variants (0.00s CPU time), skipped 0 variants
    Prepared data for serialisation in 0.00s
Compiling shader "Hidden/VR/BlitFromTex2DToTexArraySlice" pass "" (gp)
    Full variant space:         1
    After settings filtering:   1
    After built-in stripping:   1
    After scriptable stripping: 1
    Processed in 0.00 seconds
    starting compilation...
    finished in 0.00 seconds. Local cache hits 1 (0.00s CPU time), remote cache hits 0 (0.00s CPU time), compiled 0 variants (0.00s CPU time), skipped 0 variants
    Prepared data for serialisation in 0.00s
Serialized binary data for shader Hidden/VR/BlitFromTex2DToTexArraySlice in 0.00s
    d3d11 (total internal programs: 5, unique: 5)
Compiling shader "Hidden/VideoComposite" pass "Default" (vp)
    Full variant space:         1
    After settings filtering:   1
    After built-in stripping:   1
    After scriptable stripping: 1
    Processed in 0.00 seconds
    starting compilation...
    finished in 0.00 seconds. Local cache hits 1 (0.00s CPU time), remote cache hits 0 (0.00s CPU time), compiled 0 variants (0.00s CPU time), skipped 0 variants
    Prepared data for serialisation in 0.00s
Compiling shader "Hidden/VideoComposite" pass "Default" (fp)
    Full variant space:         1
    After settings filtering:   1
    After built-in stripping:   1
    After scriptable stripping: 1
    Processed in 0.00 seconds
    starting compilation...
    finished in 0.00 seconds. Local cache hits 1 (0.00s CPU time), remote cache hits 0 (0.00s CPU time), compiled 0 variants (0.00s CPU time), skipped 0 variants
    Prepared data for serialisation in 0.00s
Serialized binary data for shader Hidden/VideoComposite in 0.00s
    d3d11 (total internal programs: 2, unique: 2)
Compiling shader "Hidden/VideoDecode" pass "YCbCr_To_RGB1" (vp)
    Full variant space:         2
    After settings filtering:   2
    After built-in stripping:   2
    After scriptable stripping: 2
    Processed in 0.00 seconds
    starting compilation...
    finished in 0.00 seconds. Local cache hits 2 (0.00s CPU time), remote cache hits 0 (0.00s CPU time), compiled 0 variants (0.00s CPU time), skipped 0 variants
    Prepared data for serialisation in 0.00s
Compiling shader "Hidden/VideoDecode" pass "YCbCr_To_RGB1" (fp)
    Full variant space:         2
    After settings filtering:   2
    After built-in stripping:   2
    After scriptable stripping: 2
    Processed in 0.00 seconds
    starting compilation...
    finished in 0.00 seconds. Local cache hits 2 (0.00s CPU time), remote cache hits 0 (0.00s CPU time), compiled 0 variants (0.00s CPU time), skipped 0 variants
    Prepared data for serialisation in 0.00s
Compiling shader "Hidden/VideoDecode" pass "YCbCrA_To_RGBAFull" (vp)
    Full variant space:         2
    After settings filtering:   2
    After built-in stripping:   2
    After scriptable stripping: 2
    Processed in 0.00 seconds
    starting compilation...
    finished in 0.00 seconds. Local cache hits 2 (0.00s CPU time), remote cache hits 0 (0.00s CPU time), compiled 0 variants (0.00s CPU time), skipped 0 variants
    Prepared data for serialisation in 0.00s
Compiling shader "Hidden/VideoDecode" pass "YCbCrA_To_RGBAFull" (fp)
    Full variant space:         2
    After settings filtering:   2
    After built-in stripping:   2
    After scriptable stripping: 2
    Processed in 0.00 seconds
    starting compilation...
    finished in 0.00 seconds. Local cache hits 2 (0.00s CPU time), remote cache hits 0 (0.00s CPU time), compiled 0 variants (0.00s CPU time), skipped 0 variants
    Prepared data for serialisation in 0.00s
Compiling shader "Hidden/VideoDecode" pass "YCbCrA_To_RGBA" (vp)
    Full variant space:         2
    After settings filtering:   2
    After built-in stripping:   2
    After scriptable stripping: 2
    Processed in 0.00 seconds
    starting compilation...
    finished in 0.00 seconds. Local cache hits 2 (0.00s CPU time), remote cache hits 0 (0.00s CPU time), compiled 0 variants (0.00s CPU time), skipped 0 variants
    Prepared data for serialisation in 0.00s
Compiling shader "Hidden/VideoDecode" pass "YCbCrA_To_RGBA" (fp)
    Full variant space:         2
    After settings filtering:   2
    After built-in stripping:   2
    After scriptable stripping: 2
    Processed in 0.00 seconds
    starting compilation...
    finished in 0.00 seconds. Local cache hits 2 (0.00s CPU time), remote cache hits 0 (0.00s CPU time), compiled 0 variants (0.00s CPU time), skipped 0 variants
    Prepared data for serialisation in 0.00s
Compiling shader "Hidden/VideoDecode" pass "Flip_RGBA_To_RGBA" (vp)
    Full variant space:         2
    After settings filtering:   2
    After built-in stripping:   2
    After scriptable stripping: 2
    Processed in 0.00 seconds
    starting compilation...
    finished in 0.00 seconds. Local cache hits 2 (0.00s CPU time), remote cache hits 0 (0.00s CPU time), compiled 0 variants (0.00s CPU time), skipped 0 variants
    Prepared data for serialisation in 0.00s
Compiling shader "Hidden/VideoDecode" pass "Flip_RGBA_To_RGBA" (fp)
    Full variant space:         2
    After settings filtering:   2
    After built-in stripping:   2
    After scriptable stripping: 2
    Processed in 0.00 seconds
    starting compilation...
    finished in 0.00 seconds. Local cache hits 2 (0.00s CPU time), remote cache hits 0 (0.00s CPU time), compiled 0 variants (0.00s CPU time), skipped 0 variants
    Prepared data for serialisation in 0.00s
Compiling shader "Hidden/VideoDecode" pass "Flip_RGBASplit_To_RGBA" (vp)
    Full variant space:         2
    After settings filtering:   2
    After built-in stripping:   2
    After scriptable stripping: 2
    Processed in 0.00 seconds
    starting compilation...
    finished in 0.00 seconds. Local cache hits 2 (0.00s CPU time), remote cache hits 0 (0.00s CPU time), compiled 0 variants (0.00s CPU time), skipped 0 variants
    Prepared data for serialisation in 0.00s
Compiling shader "Hidden/VideoDecode" pass "Flip_RGBASplit_To_RGBA" (fp)
    Full variant space:         2
    After settings filtering:   2
    After built-in stripping:   2
    After scriptable stripping: 2
    Processed in 0.00 seconds
    starting compilation...
    finished in 0.00 seconds. Local cache hits 2 (0.00s CPU time), remote cache hits 0 (0.00s CPU time), compiled 0 variants (0.00s CPU time), skipped 0 variants
    Prepared data for serialisation in 0.00s
Compiling shader "Hidden/VideoDecode" pass "Flip_NV12_To_RGB1" (vp)
    Full variant space:         2
    After settings filtering:   2
    After built-in stripping:   2
    After scriptable stripping: 2
    Processed in 0.00 seconds
    starting compilation...
    finished in 0.00 seconds. Local cache hits 2 (0.00s CPU time), remote cache hits 0 (0.00s CPU time), compiled 0 variants (0.00s CPU time), skipped 0 variants
    Prepared data for serialisation in 0.00s
Compiling shader "Hidden/VideoDecode" pass "Flip_NV12_To_RGB1" (fp)
    Full variant space:         2
    After settings filtering:   2
    After built-in stripping:   2
    After scriptable stripping: 2
    Processed in 0.00 seconds
    starting compilation...
    finished in 0.00 seconds. Local cache hits 2 (0.00s CPU time), remote cache hits 0 (0.00s CPU time), compiled 0 variants (0.00s CPU time), skipped 0 variants
    Prepared data for serialisation in 0.00s
Compiling shader "Hidden/VideoDecode" pass "Flip_NV12_To_RGBA" (vp)
    Full variant space:         2
    After settings filtering:   2
    After built-in stripping:   2
    After scriptable stripping: 2
    Processed in 0.00 seconds
    starting compilation...
    finished in 0.00 seconds. Local cache hits 2 (0.00s CPU time), remote cache hits 0 (0.00s CPU time), compiled 0 variants (0.00s CPU time), skipped 0 variants
    Prepared data for serialisation in 0.00s
Compiling shader "Hidden/VideoDecode" pass "Flip_NV12_To_RGBA" (fp)
    Full variant space:         2
    After settings filtering:   2
    After built-in stripping:   2
    After scriptable stripping: 2
    Processed in 0.00 seconds
    starting compilation...
    finished in 0.00 seconds. Local cache hits 2 (0.00s CPU time), remote cache hits 0 (0.00s CPU time), compiled 0 variants (0.00s CPU time), skipped 0 variants
    Prepared data for serialisation in 0.00s
Compiling shader "Hidden/VideoDecode" pass "Flip_P010_To_RGB1" (vp)
    Full variant space:         1
    After settings filtering:   1
    After built-in stripping:   1
    After scriptable stripping: 1
    Processed in 0.00 seconds
    starting compilation...
    finished in 0.00 seconds. Local cache hits 1 (0.00s CPU time), remote cache hits 0 (0.00s CPU time), compiled 0 variants (0.00s CPU time), skipped 0 variants
    Prepared data for serialisation in 0.00s
Compiling shader "Hidden/VideoDecode" pass "Flip_P010_To_RGB1" (fp)
    Full variant space:         1
    After settings filtering:   1
    After built-in stripping:   1
    After scriptable stripping: 1
    Processed in 0.00 seconds
    starting compilation...
    finished in 0.00 seconds. Local cache hits 1 (0.00s CPU time), remote cache hits 0 (0.00s CPU time), compiled 0 variants (0.00s CPU time), skipped 0 variants
    Prepared data for serialisation in 0.00s
Serialized binary data for shader Hidden/VideoDecode in 0.00s
    d3d11 (total internal programs: 30, unique: 19)
Compiling shader "Hidden/TextCore/Distance Field SSD" pass "" (vp)
    Full variant space:         1
    After settings filtering:   1
    After built-in stripping:   1
    After scriptable stripping: 1
    Processed in 0.00 seconds
    starting compilation...
    finished in 0.00 seconds. Local cache hits 1 (0.00s CPU time), remote cache hits 0 (0.00s CPU time), compiled 0 variants (0.00s CPU time), skipped 0 variants
    Prepared data for serialisation in 0.00s
Compiling shader "Hidden/TextCore/Distance Field SSD" pass "" (fp)
    Full variant space:         1
    After settings filtering:   1
    After built-in stripping:   1
    After scriptable stripping: 1
    Processed in 0.00 seconds
    starting compilation...
    finished in 0.00 seconds. Local cache hits 1 (0.00s CPU time), remote cache hits 0 (0.00s CPU time), compiled 0 variants (0.00s CPU time), skipped 0 variants
    Prepared data for serialisation in 0.00s
Serialized binary data for shader Hidden/TextCore/Distance Field SSD in 0.00s
    d3d11 (total internal programs: 2, unique: 2)
Asset Pipeline Refresh (id=c096cacc9ea5ddb46aae59e9b243d3e9): Total: 0.049 seconds - Initiated by RefreshV2(NoUpdateAssetOptions)
Starting: D:\Unity\Editor\6000.0.23f1c1\Editor\Data\bee_backend.exe --dont-print-to-structured-log --ipc --dagfile="Library/Bee/Playeraff1c301.dag" --profile="Library/Bee/backend1.traceevents" Player
WorkingDir: E:/UnityProject/Sunset-glow/Sunset-glow/Sunset Glow
DisplayProgressbar: Incremental Player Build
E:/UnityProject/Sunset-glow/Sunset-glow/Sunset Glow/Library/PackageCache/com.unity.burst/.Runtime\bcl.exe exited after 2074 ms.
stdout:
Starting 1 library requests
Done
stderr:

ExitCode: 0 Duration: 2s814ms
Total cache size 267985738
Total cache size after purge 267985738, took 00:00:00.1196451
Refreshing native plugins compatible for Editor in 1.65 ms, found 4 plugins.
Preloading 0 native plugins for Editor in 0.00 ms.
Asset Pipeline Refresh (id=373aae6ffb2e30c4485f200aaef5eef7): Total: 0.518 seconds - Initiated by RefreshV2(NoUpdateAssetOptions)
	Summary:
		Imports: total=0 (actual=0, local cache=0, cache server=0)
		Asset DB Process Time: managed=0 ms, native=61 ms
		Asset DB Callback time: managed=451 ms, native=4 ms
		Scripting: domain reloads=0, domain reload time=0 ms, compile time=0 ms, other=0 ms
		Project Asset Count: scripts=1491, non-scripts=3009
		Asset File Changes: new=0, changed=0, moved=0, deleted=3
		Scan Filter Count: 0
	InvokeCustomDependenciesCallbacks: 0.001ms
	InvokePackagesCallback: 0.001ms
	ApplyChangesToAssetFolders: 0.127ms
	Scan: 6.527ms
	OnSourceAssetsModified: 0.040ms
	CategorizeAssetsWithTransientArtifact: 0.010ms
	ProcessAssetsWithTransientArtifactChanges: 0.103ms
	UnregisterDeletedAssets: 0.016ms
	CategorizeAssets: 17.690ms
	ImportOutOfDateAssets: 0.966ms (0.190ms without children)
		ReloadNativeAssets: 0.069ms
		UnloadImportedAssets: 0.065ms
		EnsureUptoDateAssetsAreRegisteredWithGuidPM: 0.352ms
		InitializingProgressBar: 0.000ms
		PostProcessAllAssetNotificationsAddChangedAssets: 0.000ms
		OnDemandSchedulerStart: 0.290ms
	PostProcessAllAssets: 452.020ms
	Hotreload: 3.648ms
	GatherAllCurrentPrimaryArtifactRevisions: 0.130ms
	UnloadStreamsBegin: 0.002ms
	PersistCurrentRevisions: 0.293ms
	UnloadStreamsEnd: 0.001ms
	Untracked: 36.075ms

Start importing Packages/com.unity.render-pipelines.high-definition/Runtime/RenderPipelineResources/ComputeMaterialLibrary.asset using Guid(833ab0ec618db411699ea8cb1a221d0d) (NativeFormatImporter) -> (artifact id: '0cc3a8fd26a6ec22a2c2ed2a11a01e87') in 0.0053686 seconds
Refreshing native plugins compatible for Editor in 1.49 ms, found 4 plugins.
Preloading 0 native plugins for Editor in 0.00 ms.
Asset Pipeline Refresh (id=33298662e94738049954e83fc7bd7f0d): Total: 0.019 seconds - Initiated by StopAssetImportingV2(NoUpdateAssetOptions)
Refreshing native plugins compatible for Editor in 1.54 ms, found 4 plugins.
Preloading 0 native plugins for Editor in 0.00 ms.

-------------------------------------------------------------------------------
Build Report
Uncompressed usage by category (Percentages based on user generated assets only):
Textures               30.9 mb	 14.1% 
Meshes                 145.0 mb	 66.0% 
Animations             0.0 kb	 0.0% 
Sounds                 0.0 kb	 0.0% 
Shaders                4.0 mb	 1.8% 
Other Assets           39.5 mb	 18.0% 
Levels                 0.0 kb	 0.0% 
File headers           115.3 kb	 0.1% 
Total User Assets      219.7 mb	 100.0% 
Complete build size    345.8 mb
Used Assets and files from the Resources folder, sorted by uncompressed size:
 24.1 mb	 7.0% Packages/com.unity.render-pipelines.high-definition/Runtime/Lighting/LightLoop/Deferred.compute
 5.9 mb	 1.7% Packages/com.unity.render-pipelines.high-definition/Runtime/Lighting/VolumetricLighting/VolumetricLighting.compute
 5.3 mb	 1.5% Packages/com.unity.render-pipelines.high-definition/Runtime/RenderPipelineResources/Texture/Water/FoamMask.png
 2.7 mb	 0.8% Built-in Texture2D: Splash Screen Unity Logo
 2.6 mb	 0.8% Assets/_Game/Art/Land/CoastalMeadowPatch_46.asset
 2.4 mb	 0.7% Assets/_Game/Art/Land/CoastalMeadowPatch_22.asset
 2.3 mb	 0.7% Packages/com.unity.render-pipelines.high-definition/Runtime/RenderPipelineResources/Texture/VolumetricClouds/WorleyNoise128RGBA.png
 2.2 mb	 0.6% Packages/com.unity.render-pipelines.high-definition/Runtime/Water/Shaders/WaterLighting.compute
 2.2 mb	 0.6% Assets/_Game/Art/Land/CoastalMeadowPatch_41.asset
 2.1 mb	 0.6% Packages/com.unity.render-pipelines.high-definition/Runtime/Material/Lit/Lit.shader
 2.1 mb	 0.6% Assets/_Game/Art/Land/PineCanopy_2_LOD1.asset
 2.1 mb	 0.6% Assets/_Game/Art/Land/PineCanopy_1_LOD1.asset
 2.1 mb	 0.6% Assets/_Game/Art/Land/PineCanopy_15_LOD1.asset
 2.1 mb	 0.6% Assets/_Game/Art/Land/PineCanopy_14_LOD1.asset
 2.0 mb	 0.6% Assets/_Game/Art/Land/CoastalMeadowPatch_51.asset
 2.0 mb	 0.6% Assets/_Game/Art/Land/PineCanopy_9_LOD1.asset
 2.0 mb	 0.6% Assets/_Game/Art/Land/PineCanopy_8_LOD1.asset
 2.0 mb	 0.6% Assets/_Game/Art/Land/PineCanopy_7_LOD1.asset
 2.0 mb	 0.6% Assets/_Game/Art/Land/PineCanopy_6_LOD1.asset
 2.0 mb	 0.6% Assets/_Game/Art/Land/PineCanopy_5_LOD1.asset
 2.0 mb	 0.6% Assets/_Game/Art/Land/PineCanopy_4_LOD1.asset
 2.0 mb	 0.6% Assets/_Game/Art/Land/PineCanopy_3_LOD1.asset
 2.0 mb	 0.6% Assets/_Game/Art/Land/PineCanopy_18_LOD1.asset
 2.0 mb	 0.6% Assets/_Game/Art/Land/PineCanopy_17_LOD1.asset
 2.0 mb	 0.6% Assets/_Game/Art/Land/PineCanopy_16_LOD1.asset
 2.0 mb	 0.6% Assets/_Game/Art/Land/PineCanopy_13_LOD1.asset
 2.0 mb	 0.6% Assets/_Game/Art/Land/PineCanopy_12_LOD1.asset
 2.0 mb	 0.6% Assets/_Game/Art/Land/PineCanopy_11_LOD1.asset
 2.0 mb	 0.6% Assets/_Game/Art/Land/PineCanopy_10_LOD1.asset
 2.0 mb	 0.6% Assets/_Game/Art/Land/CoastalMeadowPatch_50.asset
 2.0 mb	 0.6% Packages/com.unity.render-pipelines.high-definition/Runtime/RenderPipelineResources/Texture/DefaultCloudMap.png
 2.0 mb	 0.6% Packages/com.unity.render-pipelines.high-definition/Runtime/RenderPipelineResources/Texture/HairLongitudinalScatteringLUT.asset
 2.0 mb	 0.6% Packages/com.unity.render-pipelines.high-definition/Runtime/RenderPipelineResources/Texture/HairAzimuthalScatteringLUT.asset
 2.0 mb	 0.6% Packages/com.unity.render-pipelines.high-definition/Runtime/RenderPipelineResources/Texture/HairAttenuationLUT.asset
 2.0 mb	 0.6% Assets/_Game/Art/Land/CoastalMeadowPatch_44.asset
 1.8 mb	 0.5% Assets/_Game/Art/Land/CoastalMeadowPatch_52.asset
 1.6 mb	 0.5% Assets/_Game/Art/Land/PineTrunk_9.asset
 1.6 mb	 0.5% Assets/_Game/Art/Land/PineTrunk_8.asset
 1.6 mb	 0.5% Assets/_Game/Art/Land/PineTrunk_7.asset
 1.6 mb	 0.5% Assets/_Game/Art/Land/PineTrunk_6.asset
 1.6 mb	 0.5% Assets/_Game/Art/Land/PineTrunk_5.asset
 1.6 mb	 0.5% Assets/_Game/Art/Land/PineTrunk_4.asset
 1.6 mb	 0.5% Assets/_Game/Art/Land/PineTrunk_3.asset
 1.6 mb	 0.5% Assets/_Game/Art/Land/PineTrunk_2.asset
 1.6 mb	 0.5% Assets/_Game/Art/Land/PineTrunk_18.asset
 1.6 mb	 0.5% Assets/_Game/Art/Land/PineTrunk_17.asset
 1.6 mb	 0.5% Assets/_Game/Art/Land/PineTrunk_16.asset
 1.6 mb	 0.5% Assets/_Game/Art/Land/PineTrunk_15.asset
 1.6 mb	 0.5% Assets/_Game/Art/Land/PineTrunk_14.asset
 1.6 mb	 0.5% Assets/_Game/Art/Land/PineTrunk_13.asset
 1.6 mb	 0.5% Assets/_Game/Art/Land/PineTrunk_12.asset
 1.6 mb	 0.5% Assets/_Game/Art/Land/PineTrunk_11.asset
 1.6 mb	 0.5% Assets/_Game/Art/Land/PineTrunk_10.asset
 1.6 mb	 0.5% Assets/_Game/Art/Land/PineTrunk_1.asset
 1.6 mb	 0.5% Assets/_Game/Art/Land/CoastalMeadowPatch_11.asset
 1.5 mb	 0.4% Assets/_Game/Art/Land/CoastalMeadowPatch_10.asset
 1.5 mb	 0.4% Assets/_Game/Art/Land/CoastalMeadowPatch_53.asset
 1.5 mb	 0.4% Assets/_Game/Art/Land/CoastalMeadowPatch_20.asset
 1.4 mb	 0.4% Assets/_Game/Art/Land/CoastalMeadowPatch_26.asset
 1.4 mb	 0.4% Assets/_Game/Art/Land/CoastalMeadowPatch_17.asset
 1.4 mb	 0.4% Assets/_Game/Art/Land/CoastalMeadowPatch_16.asset
 1.4 mb	 0.4% Assets/_Game/Art/Land/CoastalMeadowPatch_43.asset
 1.3 mb	 0.4% Assets/_Game/Art/Land/CoastalMeadowPatch_25.asset
 1.3 mb	 0.4% Assets/_Game/Art/Land/CoastalMeadowPatch_23.asset
 1.3 mb	 0.4% Assets/_Game/Art/Land/CoastalMeadowPatch_9.asset
 1.3 mb	 0.4% Assets/_Game/Art/Land/LandTerrain_Winter_Normal.png
 1.3 mb	 0.4% Assets/_Game/Art/Land/LandTerrain_Winter_Albedo.png
 1.3 mb	 0.4% Assets/_Game/Art/Land/LandTerrain_Summer_Normal.png
 1.3 mb	 0.4% Assets/_Game/Art/Land/LandTerrain_Summer_Albedo.png
 1.3 mb	 0.4% Assets/_Game/Art/Land/CoastalMeadowPatch_27.asset
 1.3 mb	 0.4% Assets/_Game/Art/Land/CoastalMeadowPatch_24.asset
 1.3 mb	 0.4% Assets/_Game/Art/Land/CoastalMeadowPatch_19.asset
 1.3 mb	 0.4% Assets/_Game/Art/Land/CoastalMeadowPatch_4.asset
 1.2 mb	 0.4% Packages/com.unity.render-pipelines.high-definition/Runtime/Lighting/VolumetricClouds/VolumetricCloudsTrace.compute
 1.2 mb	 0.4% Assets/_Game/Art/Land/CoastalMeadowPatch_39.asset
 1.2 mb	 0.4% Assets/_Game/Art/Land/CoastalMeadowPatch_28.asset
 1.2 mb	 0.4% Assets/_Game/Art/Land/CoastalMeadowPatch_12.asset
 1.2 mb	 0.4% Assets/_Game/Art/Land/CoastalMeadowPatch_60.asset
 1.2 mb	 0.3% Assets/_Game/Art/Land/CoastalMeadowPatch_47.asset
 1.1 mb	 0.3% Assets/_Game/Art/Land/CoastalMeadowPatch_61.asset
 1.1 mb	 0.3% Assets/_Game/Art/Land/CoastalMeadowPatch_34.asset
 1.1 mb	 0.3% Assets/_Game/Art/Land/CoastalMeadowPatch_14.asset
 1.1 mb	 0.3% Assets/_Game/Art/Land/CoastalMeadowPatch_3.asset
 1.0 mb	 0.3% Assets/_Game/Art/Land/CoastalMeadowPatch_54.asset
 1.0 mb	 0.3% Assets/_Game/Art/Land/CoastalMeadowPatch_42.asset
 1.0 mb	 0.3% Assets/_Game/Art/Land/CoastalMeadowPatch_40.asset
 1.0 mb	 0.3% Assets/_Game/Art/Land/CoastalMeadowPatch_37.asset
 1.0 mb	 0.3% Assets/_Game/Art/Land/CoastalMeadowPatch_13.asset
 1010.5 kb	 0.3% Assets/_Game/Art/Land/CoastalMeadowPatch_38.asset
 1010.5 kb	 0.3% Assets/_Game/Art/Land/CoastalMeadowPatch_21.asset
 976.6 kb	 0.3% Assets/_Game/Art/Water/CoastalShelf.asset
 881.0 kb	 0.2% Assets/_Game/Art/Land/CoastalMeadowPatch_29.asset
 855.1 kb	 0.2% Assets/_Game/Art/Land/CoastalMeadowPatch_35.asset
 829.2 kb	 0.2% Assets/_Game/Art/Land/CoastalMeadowPatch_62.asset
 829.2 kb	 0.2% Assets/_Game/Art/Land/CoastalMeadowPatch_36.asset
 803.3 kb	 0.2% Assets/_Game/Art/Land/CoastalMeadowPatch_32.asset
 777.4 kb	 0.2% Assets/_Game/Art/Land/CoastalMeadowPatch_59.asset
 777.4 kb	 0.2% Assets/_Game/Art/Land/CoastalMeadowPatch_5.asset
 752.7 kb	 0.2% Assets/_Game/Art/Land/PineCanopy_2_LOD2.asset
 752.7 kb	 0.2% Assets/_Game/Art/Land/PineCanopy_1_LOD2.asset
 752.7 kb	 0.2% Assets/_Game/Art/Land/PineCanopy_15_LOD2.asset
 752.7 kb	 0.2% Assets/_Game/Art/Land/PineCanopy_14_LOD2.asset
 745.5 kb	 0.2% Packages/com.unity.render-pipelines.high-definition/Runtime/PostProcessing/Shaders/UberPost.compute
 739.9 kb	 0.2% Assets/_Game/Art/Land/PineCanopy_9_LOD2.asset
 739.9 kb	 0.2% Assets/_Game/Art/Land/PineCanopy_8_LOD2.asset
 739.9 kb	 0.2% Assets/_Game/Art/Land/PineCanopy_7_LOD2.asset
 739.9 kb	 0.2% Assets/_Game/Art/Land/PineCanopy_6_LOD2.asset
 739.9 kb	 0.2% Assets/_Game/Art/Land/PineCanopy_5_LOD2.asset
 739.9 kb	 0.2% Assets/_Game/Art/Land/PineCanopy_4_LOD2.asset
 739.9 kb	 0.2% Assets/_Game/Art/Land/PineCanopy_3_LOD2.asset
 739.9 kb	 0.2% Assets/_Game/Art/Land/PineCanopy_18_LOD2.asset
 739.9 kb	 0.2% Assets/_Game/Art/Land/PineCanopy_17_LOD2.asset
 739.9 kb	 0.2% Assets/_Game/Art/Land/PineCanopy_16_LOD2.asset
 739.9 kb	 0.2% Assets/_Game/Art/Land/PineCanopy_13_LOD2.asset
 739.9 kb	 0.2% Assets/_Game/Art/Land/PineCanopy_12_LOD2.asset
 739.9 kb	 0.2% Assets/_Game/Art/Land/PineCanopy_11_LOD2.asset
 739.9 kb	 0.2% Assets/_Game/Art/Land/PineCanopy_10_LOD2.asset
 713.9 kb	 0.2% Assets/_Game/Art/Land/CoastalTerrain.asset
 673.8 kb	 0.2% Assets/_Game/Art/Land/CoastalMeadowPatch_31.asset
 622.2 kb	 0.2% Packages/com.unity.render-pipelines.high-definition/Runtime/Sky/CloudSystem/CloudLayer/BakeCloudShadows.compute
 570.2 kb	 0.2% Assets/_Game/Art/Land/CoastalMeadowPatch_2.asset
 544.3 kb	 0.2% Assets/_Game/Art/Land/CoastalMeadowPatch_49.asset
 523.0 kb	 0.1% Assets/_Game/M1/IslandTerrain.asset
 518.4 kb	 0.1% Assets/_Game/Art/Land/CoastalMeadowPatch_30.asset
 440.7 kb	 0.1% Assets/_Game/Art/Land/CoastalMeadowPatch_45.asset
 427.3 kb	 0.1% Packages/com.unity.render-pipelines.high-definition/Runtime/Lighting/ScreenSpaceLighting/ScreenSpaceReflections.compute
 403.2 kb	 0.1% Packages/com.unity.render-pipelines.high-definition/Runtime/RenderPipelineResources/ShaderGraph/Water.shadergraph
 388.9 kb	 0.1% Assets/_Game/Art/Land/CoastalMeadowPatch_18.asset
 384.2 kb	 0.1% Packages/com.unity.render-pipelines.high-definition/Runtime/RenderPipelineResources/Texture/CoherentNoise/ScramblingTile8SPP.png
 384.2 kb	 0.1% Packages/com.unity.render-pipelines.high-definition/Runtime/RenderPipelineResources/Texture/CoherentNoise/ScramblingTile256SPP.png
 384.2 kb	 0.1% Packages/com.unity.render-pipelines.high-definition/Runtime/RenderPipelineResources/Texture/CoherentNoise/ScramblingTile1SPP.png
 384.2 kb	 0.1% Packages/com.unity.render-pipelines.high-definition/Runtime/RenderPipelineResources/Texture/CoherentNoise/RankingTile256SPP.png
 384.2 kb	 0.1% Packages/com.unity.render-pipelines.high-definition/Runtime/RenderPipelineResources/Texture/CoherentNoise/RankingTile8SPP.png
 384.2 kb	 0.1% Packages/com.unity.render-pipelines.high-definition/Runtime/RenderPipelineResources/Texture/CoherentNoise/RankingTile1SPP.png
 337.2 kb	 0.1% Packages/com.unity.render-pipelines.high-definition/Runtime/PostProcessing/Shaders/TemporalAntiAliasing.shader
 300.8 kb	 0.1% Packages/com.unity.render-pipelines.high-definition/Runtime/Water/Shaders/WaterEvaluation.compute
 285.3 kb	 0.1% Assets/_Game/Art/Land/CoastalMeadowPatch_63.asset
 281.9 kb	 0.1% Packages/com.unity.render-pipelines.high-definition/Runtime/Lighting/LightLoop/lightlistbuild-clustered.compute
 264.0 kb	 0.1% Packages/com.unity.render-pipelines.high-definition/Runtime/PostProcessing/Shaders/LutBuilder3D.compute
 262.6 kb	 0.1% Packages/com.unity.render-pipelines.high-definition/Runtime/RenderPipelineResources/Texture/SMAA/AreaTex.tga
 256.1 kb	 0.1% Packages/com.unity.render-pipelines.high-definition/Runtime/RenderPipelineResources/Texture/FilmGrain/Thin02.png
 256.1 kb	 0.1% Packages/com.unity.render-pipelines.high-definition/Runtime/RenderPipelineResources/Texture/FilmGrain/Thin01.png
 256.1 kb	 0.1% Packages/com.unity.render-pipelines.high-definition/Runtime/RenderPipelineResources/Texture/FilmGrain/Medium06.png
 256.1 kb	 0.1% Packages/com.unity.render-pipelines.high-definition/Runtime/RenderPipelineResources/Texture/FilmGrain/Medium05.png
 256.1 kb	 0.1% Packages/com.unity.render-pipelines.high-definition/Runtime/RenderPipelineResources/Texture/FilmGrain/Medium04.png
 256.1 kb	 0.1% Packages/com.unity.render-pipelines.high-definition/Runtime/RenderPipelineResources/Texture/FilmGrain/Medium03.png
 256.1 kb	 0.1% Packages/com.unity.render-pipelines.high-definition/Runtime/RenderPipelineResources/Texture/FilmGrain/Medium02.png
 256.1 kb	 0.1% Packages/com.unity.render-pipelines.high-definition/Runtime/RenderPipelineResources/Texture/FilmGrain/Medium01.png
 256.1 kb	 0.1% Packages/com.unity.render-pipelines.high-definition/Runtime/RenderPipelineResources/Texture/FilmGrain/Large02.png
 256.1 kb	 0.1% Packages/com.unity.render-pipelines.high-definition/Runtime/RenderPipelineResources/Texture/FilmGrain/Large01.png
 256.1 kb	 0.1% Assets/_Game/Art/Water/CoastalWaveMask.asset
 233.5 kb	 0.1% Assets/_Game/Art/Land/CoastalMeadowPatch_58.asset
 227.9 kb	 0.1% Packages/com.unity.render-pipelines.high-definition/Runtime/Lighting/ScreenSpaceLighting/ScreenSpaceGlobalIllumination.compute
 219.7 kb	 0.1% Packages/com.unity.render-pipelines.high-definition/Runtime/Lighting/LightLoop/lightlistbuild.compute
 207.6 kb	 0.1% Assets/_Game/Art/Land/CoastalMeadowPatch_55.asset
 192.2 kb	 0.1% Packages/com.unity.render-pipelines.high-definition/Runtime/RenderPipelineResources/Texture/CoherentNoise/OwenScrambledNoise256.png
 192.2 kb	 0.1% Packages/com.unity.render-pipelines.high-definition/Runtime/RenderPipelineResources/Texture/CoherentNoise/ScrambleNoise.png
 181.7 kb	 0.1% Assets/_Game/Art/Land/CoastalMeadowPatch_57.asset
 181.7 kb	 0.1% Assets/_Game/Art/Land/CoastalMeadowPatch_33.asset
 167.6 kb	 0.0% Packages/com.unity.render-pipelines.high-definition/Runtime/PostProcessing/Shaders/DoFGather.compute
 145.9 kb	 0.0% Packages/com.unity.render-pipelines.core/Runtime/Lighting/ProbeVolume/ProbeVolumeUploadData.compute
 133.8 kb	 0.0% Packages/com.unity.visualeffectgraph/Shaders/Sort.compute
 128.4 kb	 0.0% Packages/com.unity.render-pipelines.high-definition/Runtime/RenderPipelineResources/Texture/DefaultHDRISky.exr
 116.4 kb	 0.0% Packages/com.unity.visualeffectgraph/Shaders/SDFBaker/GenSdfRayMap.compute
 116.1 kb	 0.0% Packages/com.unity.render-pipelines.high-definition/Runtime/Sky/HDRISky/HDRISky.shader
 112.0 kb	 0.0% Packages/com.unity.render-pipelines.high-definition/Runtime/Sky/PhysicallyBasedSky/SkyLUTGenerator.compute
 111.1 kb	 0.0% Packages/com.unity.render-pipelines.high-definition/Runtime/Sky/CloudSystem/CloudLayer/CloudLayer.shader
 100.4 kb	 0.0% Packages/com.unity.render-pipelines.high-definition/Runtime/Lighting/AtmosphericScattering/OpaqueAtmosphericScattering.shader
 99.3 kb	 0.0% Packages/com.unity.render-pipelines.high-definition/Runtime/PostProcessing/Shaders/FinalPass.shader
 92.8 kb	 0.0% Built-in Mesh: Combined Mesh (root: scene) 2
 85.6 kb	 0.0% Packages/com.unity.render-pipelines.core/Runtime/Debug/ProbeVolumeNumbersDisplayTex.png
 85.5 kb	 0.0% Assets/_Game/Art/Land/CabinRoof_Winter_Normal.png
 85.5 kb	 0.0% Assets/_Game/Art/Land/CabinRoof_Winter_Albedo.png
 85.5 kb	 0.0% Assets/_Game/Art/Land/CabinRoof_Summer_Normal.png
 85.5 kb	 0.0% Assets/_Game/Art/Land/CabinRoof_Summer_Albedo.png
 85.5 kb	 0.0% Assets/_Game/Art/Land/GroundMicroDetail.png
 85.5 kb	 0.0% Assets/_Game/Art/Land/CoastalRock_Normal.png
 85.5 kb	 0.0% Assets/_Game/Art/Land/CoastalRock_Albedo.png
 85.5 kb	 0.0% Assets/_Game/Art/Land/CabinTimber_Normal.png
 85.5 kb	 0.0% Assets/_Game/Art/Land/CabinTimber_Albedo.png
 85.5 kb	 0.0% Assets/_Game/Art/Land/CabinEaves_Normal.png
 85.5 kb	 0.0% Assets/_Game/Art/Land/CabinEaves_Albedo.png
 85.5 kb	 0.0% Assets/_Game/Art/Land/PineBark_Normal.png
 85.5 kb	 0.0% Assets/_Game/Art/Land/PineBark_Albedo.png
 81.5 kb	 0.0% Packages/com.unity.render-pipelines.high-definition/Runtime/Lighting/VolumetricClouds/VolumetricClouds.compute
 79.7 kb	 0.0% Packages/com.unity.render-pipelines.core/Runtime/Debugging/Prefabs/Fonts/PerfectDOSVGA437.ttf
 78.1 kb	 0.0% Assets/_Game/Art/Land/CoastalMeadowPatch_6.asset
 73.7 kb	 0.0% Packages/com.unity.render-pipelines.high-definition/Runtime/PostProcessing/Shaders/DepthOfFieldGather.compute
 73.4 kb	 0.0% Packages/com.unity.render-pipelines.high-definition/Runtime/PostProcessing/Shaders/DepthOfFieldCombine.compute
 72.9 kb	 0.0% Packages/com.unity.render-pipelines.high-definition/Runtime/Material/Hair/MultipleScattering/HairMultipleScatteringPreIntegration.compute
 70.8 kb	 0.0% Packages/com.unity.render-pipelines.high-definition/Runtime/Sky/AmbientProbeConvolution.compute
 65.4 kb	 0.0% Packages/com.unity.render-pipelines.high-definition/Runtime/ShaderLibrary/Blit.shader
 64.2 kb	 0.0% Packages/com.unity.render-pipelines.high-definition/Runtime/RenderPipelineResources/Texture/VolumetricClouds/CloudLutRainAO.png
 64.1 kb	 0.0% Packages/com.unity.render-pipelines.high-definition/Runtime/RenderPipelineResources/Texture/EyeCausticLUT16R.exr
 60.3 kb	 0.0% Packages/com.unity.render-pipelines.high-definition/Runtime/Lighting/ScreenSpaceLighting/GTAO.compute
 59.1 kb	 0.0% Packages/com.unity.render-pipelines.core/Runtime/Debugging/Prefabs/Widgets/DebugUIBitField.prefab
 58.1 kb	 0.0% Packages/com.unity.render-pipelines.high-definition/Runtime/PostProcessing/Shaders/DepthOfFieldPrefilter.compute
 57.2 kb	 0.0% Packages/com.unity.render-pipelines.high-definition/Runtime/Lighting/ScreenSpaceLighting/GTAOBlurAndUpsample.compute
 55.7 kb	 0.0% Built-in Mesh: Combined Mesh (root: scene)
 55.2 kb	 0.0% Packages/com.unity.render-pipelines.high-definition/Runtime/PostProcessing/Shaders/BloomPrefilter.compute
 54.1 kb	 0.0% Packages/com.unity.render-pipelines.high-definition/Runtime/Utilities/GPUSort/GPUSort.compute
 52.2 kb	 0.0% Assets/_Game/Art/Land/CoastalMeadowPatch_48.asset
 52.0 kb	 0.0% Packages/com.unity.render-pipelines.high-definition/Runtime/PostProcessing/Shaders/ContrastAdaptiveSharpen.compute
 47.6 kb	 0.0% Packages/com.unity.render-pipelines.high-definition/Runtime/PostProcessing/Shaders/MotionBlurMotionVecPrep.compute
 46.7 kb	 0.0% Packages/com.unity.render-pipelines.high-definition/Runtime/Water/Shaders/WaterSimulation.compute
 43.7 kb	 0.0% Packages/com.unity.render-pipelines.high-definition/Runtime/RenderPipeline/Raytracing/Shaders/Denoising/TemporalFilter.compute
 43.3 kb	 0.0% Packages/com.unity.render-pipelines.high-definition/Runtime/Lighting/LightLoop/lightlistbuild-bigtile.compute
 42.8 kb	 0.0% Packages/com.unity.render-pipelines.high-definition/Runtime/RenderPipelineResources/Texture/Matcap/DefaultMatcap.png
 41.6 kb	 0.0% Packages/com.unity.render-pipelines.high-definition/Runtime/PostProcessing/Shaders/EdgeAdaptiveSpatialUpsampling.compute
 41.3 kb	 0.0% Packages/com.unity.render-pipelines.high-definition/Runtime/RenderPipeline/Raytracing/Shaders/Denoising/DiffuseDenoiser.compute
 41.0 kb	 0.0% Packages/com.unity.render-pipelines.high-definition/Runtime/PostProcessing/Shaders/DoFComputeSlowTiles.compute
 39.4 kb	 0.0% Packages/com.unity.render-pipelines.high-definition/Runtime/RenderPipelineResources/Mesh/Sphere.fbx
 37.4 kb	 0.0% Packages/com.unity.render-pipelines.high-definition/Runtime/Sky/CloudSystem/CloudLayer/BakeCloudTexture.compute
 36.7 kb	 0.0% Packages/com.unity.render-pipelines.high-definition/Runtime/RenderPipelineResources/Texture/VolumetricClouds/WorleyNoise32RGB.png
 36.7 kb	 0.0% Packages/com.unity.render-pipelines.high-definition/Runtime/RenderPipelineResources/Texture/VolumetricClouds/PerlinNoise32RGB.png
 36.0 kb	 0.0% Packages/com.unity.render-pipelines.high-definition/Runtime/Water/Shaders/FourierTransform.compute
 35.9 kb	 0.0% Packages/com.unity.render-pipelines.high-definition/Runtime/Material/Unlit/Unlit.shader
 35.0 kb	 0.0% Packages/com.unity.render-pipelines.high-definition/Runtime/Material/SubsurfaceScattering/SubsurfaceScattering.compute
 34.5 kb	 0.0% Packages/com.unity.render-pipelines.high-definition/Runtime/Debug/DebugExposure.shader
 32.2 kb	 0.0% Packages/com.unity.render-pipelines.high-definition/Runtime/RenderPipelineResources/Texture/DebugFont.tga
 31.5 kb	 0.0% Packages/com.unity.render-pipelines.high-definition/Runtime/Core/CoreResources/EncodeBC6H.compute
 30.3 kb	 0.0% Packages/com.unity.render-pipelines.high-definition/Runtime/Lighting/VolumetricClouds/VolumetricCloudsCombine.shader
 29.4 kb	 0.0% Packages/com.unity.render-pipelines.high-definition/Runtime/Lighting/LightLoop/scrbound.compute
 28.7 kb	 0.0% Resources/unity_builtin_extra
 27.1 kb	 0.0% Packages/com.unity.render-pipelines.high-definition/Runtime/ShaderLibrary/ResolveStencilBuffer.compute
 27.1 kb	 0.0% Packages/com.unity.render-pipelines.high-definition/Runtime/ShaderLibrary/SolidColor.shadergraph
 26.3 kb	 0.0% Assets/_Game/Art/Land/CoastalMeadowPatch_8.asset
 26.3 kb	 0.0% Assets/_Game/Art/Land/CoastalMeadowPatch_1.asset
 26.2 kb	 0.0% Packages/com.unity.render-pipelines.high-definition/Runtime/RenderPipeline/RenderPass/ColorPyramid.compute
 25.0 kb	 0.0% Packages/com.unity.render-pipelines.high-definition/Runtime/Lighting/Shadow/EVSMBlur.compute
 23.5 kb	 0.0% Packages/com.unity.render-pipelines.high-definition/Runtime/Material/Eye/EyeCausticLUTGen.compute
 22.9 kb	 0.0% Packages/com.unity.render-pipelines.high-definition/Runtime/PostProcessing/Shaders/BloomBlur.compute
 22.8 kb	 0.0% Packages/com.unity.render-pipelines.high-definition/Runtime/PostProcessing/Shaders/HistogramExposure.compute
 22.6 kb	 0.0% Packages/com.unity.render-pipelines.high-definition/Runtime/PostProcessing/Shaders/DepthOfFieldMip.compute
 22.3 kb	 0.0% Packages/com.unity.render-pipelines.high-definition/Runtime/PostProcessing/Shaders/MotionBlur.compute
 21.8 kb	 0.0% Packages/com.unity.render-pipelines.high-definition/Runtime/Lighting/VolumetricClouds/VolumetricCloudsTraceShadows.compute
 21.5 kb	 0.0% Assets/_Game/Art/Land/PineNeedles_Winter_Albedo.png
 21.5 kb	 0.0% Assets/_Game/Art/Land/PineNeedles_Summer_Albedo.png
 20.2 kb	 0.0% Packages/com.unity.render-pipelines.high-definition/Runtime/PostProcessing/Shaders/LensFlareDataDriven.shader
 20.0 kb	 0.0% Packages/com.unity.render-pipelines.high-definition/Runtime/PostProcessing/Shaders/Exposure.compute
 19.8 kb	 0.0% Packages/com.unity.render-pipelines.high-definition/Runtime/Lighting/LightLoop/materialflags.compute
 19.7 kb	 0.0% Packages/com.unity.render-pipelines.high-definition/Runtime/RenderPipelineResources/ShaderGraph/PhysicallyBasedSky.shadergraph
 19.7 kb	 0.0% Packages/com.unity.render-pipelines.high-definition/Runtime/Debug/DebugFullScreen.shader
 19.1 kb	 0.0% Packages/com.unity.render-pipelines.high-definition/Runtime/Utilities/GPUPrefixSum/GPUPrefixSum.compute
 18.3 kb	 0.0% Packages/com.unity.render-pipelines.high-definition/Runtime/PostProcessing/Shaders/LensFlareScreenSpace.shader
 18.2 kb	 0.0% Packages/com.unity.render-pipelines.high-definition/Runtime/Sky/PhysicallyBasedSky/PhysicallyBasedSky.shader
 17.6 kb	 0.0% Packages/com.unity.render-pipelines.high-definition/Runtime/RenderPipeline/RenderPass/GenerateMaxZ.compute
 17.6 kb	 0.0% Packages/com.unity.render-pipelines.high-definition/Runtime/PostProcessing/Shaders/DepthOfFieldCoC.compute
 17.4 kb	 0.0% Packages/com.unity.render-pipelines.high-definition/Runtime/Water/Shaders/WaterDecal.shader
 17.1 kb	 0.0% Packages/com.unity.render-pipelines.high-definition/Runtime/Lighting/Shadow/ContactShadows.compute
 16.5 kb	 0.0% Packages/com.unity.render-pipelines.high-definition/Runtime/Lighting/ScreenSpaceLighting/GTAOSpatialDenoise.compute
 16.3 kb	 0.0% Packages/com.unity.render-pipelines.high-definition/Runtime/PostProcessing/Shaders/PostSharpenPass.compute
 16.1 kb	 0.0% Packages/com.unity.render-pipelines.high-definition/Runtime/RenderPipeline/RenderPass/DepthPyramid.compute
 16.0 kb	 0.0% Packages/com.unity.render-pipelines.high-definition/Runtime/PostProcessing/Shaders/FXAA.compute
 15.8 kb	 0.0% Packages/com.unity.render-pipelines.high-definition/Runtime/PostProcessing/Shaders/MotionBlurGenTilePass.compute
 15.4 kb	 0.0% Packages/com.unity.render-pipelines.high-definition/Runtime/Sky/PhysicallyBasedSky/InScatteredRadiancePrecomputation.compute
 15.2 kb	 0.0% Packages/com.unity.render-pipelines.high-definition/Runtime/RenderPipelineResources/ShaderGraph/DefaultFogVolume.shadergraph
 15.2 kb	 0.0% Packages/com.unity.render-pipelines.high-definition/Runtime/Debug/DebugViewTiles.shader
 14.9 kb	 0.0% Packages/com.unity.render-pipelines.high-definition/Runtime/RenderPipeline/RenderPass/CustomPass/CustomPassUtils.shader
 14.4 kb	 0.0% Packages/com.unity.render-pipelines.high-definition/Runtime/PostProcessing/Shaders/DoFCombine.compute
 14.4 kb	 0.0% Packages/com.unity.render-pipelines.high-definition/Runtime/PostProcessing/Shaders/DepthOfFieldTileMax.compute
 14.2 kb	 0.0% Packages/com.unity.render-pipelines.high-definition/Runtime/Sky/PhysicallyBasedSky/GroundIrradiancePrecomputation.compute
 13.8 kb	 0.0% Packages/com.unity.render-pipelines.high-definition/Runtime/Lighting/PlanarReflectionFiltering.compute
 13.7 kb	 0.0% Packages/com.unity.render-pipelines.high-definition/Runtime/PostProcessing/Shaders/SubpixelMorphologicalAntialiasing.shader
 13.6 kb	 0.0% Packages/com.unity.render-pipelines.core/Runtime/Debug/ProbeSamplingDebugMesh.fbx
 13.3 kb	 0.0% Packages/com.unity.render-pipelines.high-definition/Runtime/Debug/DebugHDR.shader
 13.3 kb	 0.0% Packages/com.unity.render-pipelines.high-definition/Runtime/Lighting/ScreenSpaceLighting/GTAOTemporalDenoise.compute
 13.0 kb	 0.0% Packages/com.unity.render-pipelines.high-definition/Runtime/ShaderLibrary/CopyStencilBuffer.shader
 12.9 kb	 0.0% Packages/com.unity.render-pipelines.core/Runtime/Lighting/ProbeVolume/ProbeVolumeBlendStates.compute
 12.8 kb	 0.0% Packages/com.unity.render-pipelines.high-definition/Runtime/Lighting/VolumetricLighting/VolumeVoxelization.compute
 12.4 kb	 0.0% Packages/com.unity.render-pipelines.high-definition/Runtime/RenderPipeline/RenderPass/CustomPass/CustomPassRenderersUtils.shader
 12.4 kb	 0.0% Packages/com.unity.render-pipelines.high-definition/Runtime/PostProcessing/Shaders/PaniniProjection.compute
 11.7 kb	 0.0% Packages/com.unity.render-pipelines.high-definition/Runtime/RenderPipeline/RenderPass/MSAA/DepthValues.shader
 11.6 kb	 0.0% Packages/com.unity.render-pipelines.high-definition/Runtime/RenderPipeline/Accumulation/Shaders/Accumulation.compute
 11.5 kb	 0.0% Packages/com.unity.render-pipelines.high-definition/Runtime/PostProcessing/Shaders/DepthOfFieldCoCReproject.compute
 11.4 kb	 0.0% Packages/com.unity.render-pipelines.high-definition/Runtime/Lighting/ScreenSpaceLighting/BilateralUpsample.compute
 11.2 kb	 0.0% Packages/com.unity.render-pipelines.high-definition/Runtime/Material/LTCAreaLight/FilterAreaLightCookies.shader
 10.8 kb	 0.0% Packages/com.unity.render-pipelines.high-definition/Runtime/Debug/DebugColorPicker.shader
 10.7 kb	 0.0% Packages/com.unity.render-pipelines.high-definition/Runtime/RenderPipeline/RenderPass/MSAA/ColorResolve.shader
 10.6 kb	 0.0% Packages/com.unity.render-pipelines.high-definition/Runtime/RenderPipeline/RenderPass/MSAA/MotionVecResolve.shader
 10.5 kb	 0.0% Packages/com.unity.render-pipelines.high-definition/Runtime/Water/Shaders/WaterLine.compute
 10.1 kb	 0.0% Built-in Mesh: Combined Mesh (root: scene) 3
 10.0 kb	 0.0% Packages/com.unity.visualeffectgraph/Shaders/VFXCopyBuffer.compute
 9.8 kb	 0.0% Packages/com.unity.render-pipelines.high-definition/Runtime/Material/GGXConvolution/BuildProbabilityTables.compute
 9.8 kb	 0.0% Packages/com.unity.render-pipelines.high-definition/Runtime/ShaderLibrary/UpsampleTransparent.shader
 9.4 kb	 0.0% Packages/com.unity.render-pipelines.high-definition/Runtime/Material/VolumetricMaterial/VolumetricMaterial.compute
 9.3 kb	 0.0% Packages/com.unity.render-pipelines.core/Runtime/Debugging/Prefabs/Widgets/DebugUIPanel.prefab
 9.3 kb	 0.0% Packages/com.unity.render-pipelines.high-definition/Runtime/PostProcessing/Shaders/MotionBlurNeighborhoodTilePass.compute
 9.2 kb	 0.0% Packages/com.unity.render-pipelines.core/Runtime/Lighting/ProbeVolume/ProbeVolumeUploadDataL2.compute
 8.9 kb	 0.0% Packages/com.unity.render-pipelines.high-definition/Runtime/PostProcessing/Shaders/DoFCircleOfConfusion.compute
 8.7 kb	 0.0% Packages/com.unity.render-pipelines.high-definition/Runtime/RenderPipeline/LineRendering/CompositeLines.shader
 8.7 kb	 0.0% Packages/com.unity.render-pipelines.high-definition/Runtime/Lighting/VolumetricLighting/VolumetricLightingFiltering.compute
 8.2 kb	 0.0% Packages/com.unity.render-pipelines.core/Runtime/Debug/ProbeVolumeSamplingDebug.shader
 8.2 kb	 0.0% Packages/com.unity.render-pipelines.high-definition/Runtime/Debug/DebugViewMaterialGBuffer.shader
 8.0 kb	 0.0% Assets/Settings/HDRPDefaultResources/HDRenderPipelineGlobalSettings.asset
 8.0 kb	 0.0% Packages/com.unity.render-pipelines.high-definition/Runtime/Water/Shaders/WaterDeformation.compute
 8.0 kb	 0.0% Packages/com.unity.render-pipelines.high-definition/Runtime/PostProcessing/Shaders/BloomUpsample.compute
 7.1 kb	 0.0% Packages/com.unity.render-pipelines.high-definition/Runtime/PostProcessing/Shaders/DepthOfFieldKernel.compute
 6.7 kb	 0.0% Packages/com.unity.visualeffectgraph/Shaders/SDFBaker/RayMapVoxelize.shader
 6.7 kb	 0.0% Packages/com.unity.render-pipelines.high-definition/Runtime/RenderPipeline/ShaderPass/ComputeThickness.shader
 6.6 kb	 0.0% Packages/com.unity.render-pipelines.high-definition/Runtime/Debug/DebugLightVolumes.shader
 6.6 kb	 0.0% Packages/com.unity.render-pipelines.high-definition/Runtime/Lighting/Shadow/MomentShadows.compute
 6.6 kb	 0.0% Packages/com.unity.render-pipelines.high-definition/Runtime/ShaderLibrary/BlitColorAndDepth.shader
 6.5 kb	 0.0% Packages/com.unity.render-pipelines.core/Runtime/Debugging/Prefabs/Widgets/DebugUIColor.prefab
 6.4 kb	 0.0% Packages/com.unity.render-pipelines.high-definition/Runtime/RenderPipelineResources/Mesh/Cylinder.fbx
 6.3 kb	 0.0% Packages/com.unity.render-pipelines.high-definition/Runtime/Sky/GradientSky/GradientSky.shader
 6.2 kb	 0.0% Packages/com.unity.render-pipelines.high-definition/Runtime/PostProcessing/Shaders/DepthOfFieldCoCDilate.compute
 6.2 kb	 0.0% Packages/com.unity.render-pipelines.high-definition/Runtime/Debug/DebugBlitQuad.shader
 6.1 kb	 0.0% Packages/com.unity.render-pipelines.core/Runtime/Debugging/Prefabs/Widgets/DebugUIVector4.prefab
 6.1 kb	 0.0% Packages/com.unity.render-pipelines.high-definition/Runtime/RenderPipeline/RenderPass/ColorPyramidPS.shader
 6.1 kb	 0.0% Packages/com.unity.render-pipelines.high-definition/Runtime/Lighting/Shadow/DebugDisplayHDShadowMap.shader
 6.1 kb	 0.0% Packages/com.unity.render-pipelines.high-definition/Runtime/Debug/DebugVTBlit.shader
 6.1 kb	 0.0% Packages/com.unity.render-pipelines.high-definition/Runtime/Compositor/Shaders/CustomClear.shader
 5.8 kb	 0.0% Packages/com.unity.render-pipelines.high-definition/Runtime/Lighting/VolumetricLighting/DebugLocalVolumetricFogAtlas.shader
 5.8 kb	 0.0% Packages/com.unity.render-pipelines.core/Shaders/CoreCopy.shader
 5.8 kb	 0.0% Packages/com.unity.render-pipelines.high-definition/Runtime/Material/SubsurfaceScattering/CombineLighting.shader
 5.7 kb	 0.0% Packages/com.unity.render-pipelines.high-definition/Runtime/PostProcessing/Shaders/CompositeWithUIAndOETF.shader
 5.6 kb	 0.0% Packages/com.unity.render-pipelines.high-definition/Runtime/RenderPipelineResources/ShaderGraph/Sample Water Decal.shadergraph
 5.5 kb	 0.0% Assets/_Game/Art/Snowflake.asset
 5.4 kb	 0.0% Packages/com.unity.render-pipelines.high-definition/Runtime/Material/GGXConvolution/ComputeGgxIblSampleData.compute
 5.3 kb	 0.0% Packages/com.unity.render-pipelines.high-definition/Runtime/Debug/DebugLightVolumes.compute
 5.2 kb	 0.0% Packages/com.unity.render-pipelines.core/Runtime/Debugging/Prefabs/Widgets/DebugUIVector3.prefab
 5.2 kb	 0.0% Packages/com.unity.render-pipelines.high-definition/Runtime/VirtualTexturing/Shaders/DownsampleVTFeedback.compute
 5.1 kb	 0.0% Packages/com.unity.render-pipelines.core/Runtime/Debug/ProbeVolumeOffsetDebug.shader
 5.1 kb	 0.0% Packages/com.unity.render-pipelines.high-definition/Runtime/Lighting/VolumetricClouds/VolumetricCloudsShadowFilter.compute
 5.0 kb	 0.0% Assets/_Game/Art/Land/LandTerrain_Winter.mat
 5.0 kb	 0.0% Assets/_Game/Art/Land/LandTerrain_Summer.mat
 5.0 kb	 0.0% Assets/_Game/Art/Land/PineNeedles_Winter.mat
 5.0 kb	 0.0% Assets/_Game/Art/Land/PineNeedles_Summer.mat
 5.0 kb	 0.0% Assets/_Game/Art/Land/MeadowGrass_Winter.mat
 5.0 kb	 0.0% Assets/_Game/Art/Land/MeadowGrass_Summer.mat
 5.0 kb	 0.0% Assets/_Game/Art/Land/CabinRoof_Winter.mat
 5.0 kb	 0.0% Assets/_Game/Art/Land/CabinRoof_Summer.mat
 4.9 kb	 0.0% Packages/com.unity.render-pipelines.high-definition/Runtime/Water/Shaders/WaterCaustics.shader
 4.9 kb	 0.0% Assets/_Game/Art/Land/CoastalRock.mat
 4.9 kb	 0.0% Assets/_Game/Art/Land/CabinTimber.mat
 4.9 kb	 0.0% Assets/_Game/Art/Land/CabinEaves.mat
 4.9 kb	 0.0% Assets/_Game/Art/Land/PineBark.mat
 4.9 kb	 0.0% Assets/_Game/M1/Stone.mat
 4.9 kb	 0.0% Assets/_Game/M1/Grass.mat
 4.9 kb	 0.0% Assets/_Game/M1/Foliage.mat
 4.9 kb	 0.0% Assets/_Game/M1/Cloth.mat
 4.9 kb	 0.0% Assets/_Game/Art/Water/Seabed.mat
 4.9 kb	 0.0% Assets/_Game/M1/Wood.mat
 4.9 kb	 0.0% Assets/_Game/M1/Soil.mat
 4.9 kb	 0.0% Packages/com.unity.render-pipelines.high-definition/Runtime/Material/GGXConvolution/GGXConvolve.shader
 4.9 kb	 0.0% Packages/com.unity.visualeffectgraph/Shaders/VFXFillIndirectArgs.compute
 4.6 kb	 0.0% Packages/com.unity.render-pipelines.high-definition/Runtime/RenderPipelineResources/ShaderGraph/Water Decal.shadergraph
 4.5 kb	 0.0% Packages/com.unity.render-pipelines.high-definition/Runtime/RenderPipelineResources/Material/AreaLightCookieViewer.mat
 4.5 kb	 0.0% Packages/com.unity.render-pipelines.high-definition/Runtime/Compositor/Shaders/ChromaKeying.shader
 4.5 kb	 0.0% Packages/com.unity.render-pipelines.high-definition/Runtime/PostProcessing/Shaders/DoFApertureShape.compute
 4.5 kb	 0.0% Packages/com.unity.render-pipelines.high-definition/Runtime/RenderPipelineResources/Material/AreaLightViewer.mat
 4.5 kb	 0.0% Packages/com.unity.render-pipelines.high-definition/Runtime/RenderPipeline/Accumulation/Shaders/BlitAndExpose.compute
 4.5 kb	 0.0% Packages/com.unity.render-pipelines.high-definition/Runtime/RenderPipeline/Utility/Texture3DAtlas.compute
 4.4 kb	 0.0% Packages/com.unity.render-pipelines.core/Runtime/Debugging/Prefabs/Widgets/DebugUIUIntField.prefab
 4.4 kb	 0.0% Packages/com.unity.render-pipelines.core/Runtime/Debugging/Prefabs/Widgets/DebugUIIntField.prefab
 4.4 kb	 0.0% Packages/com.unity.render-pipelines.core/Runtime/Debugging/Prefabs/Resources/DebugUICanvas.prefab
 4.3 kb	 0.0% Packages/com.unity.render-pipelines.high-definition/Editor/Lighting/VolumetricClouds/CloudMapGenerator.compute
 4.3 kb	 0.0% Packages/com.unity.render-pipelines.high-definition/Runtime/Material/Decal/DecalNormalBuffer.shader
 4.3 kb	 0.0% Packages/com.unity.render-pipelines.core/Runtime/Debugging/Prefabs/Widgets/DebugUIVector2.prefab
 4.3 kb	 0.0% Packages/com.unity.render-pipelines.high-definition/Runtime/Lighting/LightLoop/builddispatchindirect.compute
 4.2 kb	 0.0% Packages/com.unity.render-pipelines.high-definition/Runtime/Debug/ProbeVolumeSamplingDebugPositionNormal.compute
 4.1 kb	 0.0% Packages/com.unity.render-pipelines.high-definition/Runtime/RenderPipeline/RenderPass/Distortion/ApplyDistortion.shader
 4.1 kb	 0.0% Packages/com.unity.render-pipelines.high-definition/Runtime/Material/PreIntegratedFGD/preIntegratedFGD_CharlieFabricLambert.shader
 4.1 kb	 0.0% Packages/com.unity.render-pipelines.core/Runtime/Debugging/Prefabs/Widgets/DebugUIFloatField.prefab
 3.9 kb	 0.0% Packages/com.unity.render-pipelines.high-definition/Runtime/Debug/DebugWaveform.compute
 3.9 kb	 0.0% Packages/com.unity.render-pipelines.high-definition/Runtime/Material/PreIntegratedFGD/preIntegratedFGD_GGXDisneyDiffuse.shader
 3.8 kb	 0.0% Packages/com.unity.render-pipelines.high-definition/Runtime/RenderPipeline/RenderPass/MotionVectors/CameraMotionVectors.shader
 3.8 kb	 0.0% Assets/_Game/Art/CoastalSky.asset
 3.8 kb	 0.0% Packages/com.unity.render-pipelines.high-definition/Runtime/RenderPipelineResources/Material/MaterialWaterExclusion.mat
 3.8 kb	 0.0% Packages/com.unity.render-pipelines.high-definition/Runtime/Debug/DebugDisplayLatlong.shader
 3.7 kb	 0.0% Packages/com.unity.render-pipelines.high-definition/Runtime/Core/CoreResources/CubeToPano.shader
 3.7 kb	 0.0% Packages/com.unity.render-pipelines.high-definition/Runtime/PostProcessing/Shaders/DebugHistogramImage.compute
 3.7 kb	 0.0% Packages/com.unity.render-pipelines.high-definition/Runtime/ShaderLibrary/DownsampleDepth.shader
 3.6 kb	 0.0% Packages/com.unity.visualeffectgraph/Shaders/UpdateStrips.compute
 3.6 kb	 0.0% Packages/com.unity.render-pipelines.high-definition/Runtime/Core/CoreResources/BlitCubeTextureFace.shader
 3.6 kb	 0.0% Packages/com.unity.render-pipelines.high-definition/Runtime/ShaderLibrary/XRMirrorView.shader
 3.6 kb	 0.0% Packages/com.unity.render-pipelines.high-definition/Runtime/Sky/HDRISky/IntegrateHDRISky.shader
 3.6 kb	 0.0% Packages/com.unity.render-pipelines.high-definition/Runtime/Debug/DebugVectorscope.compute
 3.5 kb	 0.0% Packages/com.unity.render-pipelines.high-definition/Runtime/PostProcessing/Shaders/DepthOfFieldPreCombineFar.compute
 3.5 kb	 0.0% Packages/com.unity.render-pipelines.high-definition/Runtime/Material/FallbackError.shader
 3.5 kb	 0.0% Packages/com.unity.render-pipelines.high-definition/Runtime/Material/AxF/PreIntegratedFGD_CookTorrance.shader
 3.5 kb	 0.0% Packages/com.unity.render-pipelines.high-definition/Runtime/Debug/MaterialError.shader
 3.5 kb	 0.0% Packages/com.unity.render-pipelines.high-definition/Runtime/ShaderLibrary/XROcclusionMesh.shader
 3.5 kb	 0.0% Packages/com.unity.render-pipelines.high-definition/Runtime/Water/Shaders/WaterExclusion.shader
 3.5 kb	 0.0% Packages/com.unity.render-pipelines.high-definition/Runtime/Debug/MaterialLoading.shader
 3.4 kb	 0.0% Assets/_Game/Shaders/WaterContactRipple.shader
 3.4 kb	 0.0% Packages/com.unity.render-pipelines.high-definition/Runtime/Material/AxF/PreIntegratedFGD_Ward.shader
 3.4 kb	 0.0% Packages/com.unity.render-pipelines.high-definition/Runtime/Sky/BlitCubemap.shader
 3.4 kb	 0.0% Packages/com.unity.render-pipelines.high-definition/Runtime/Debug/DebugVectorscope.shader
 3.4 kb	 0.0% Packages/com.unity.render-pipelines.high-definition/Runtime/ShaderLibrary/CopyDepthBuffer.shader
 3.4 kb	 0.0% Packages/com.unity.render-pipelines.high-definition/Runtime/Compositor/Shaders/AlphaInjection.shader
 3.3 kb	 0.0% Packages/com.unity.render-pipelines.high-definition/Runtime/PostProcessing/Shaders/DepthOfFieldMipSafe.compute
 3.3 kb	 0.0% Packages/com.unity.render-pipelines.high-definition/Runtime/Debug/DebugWaveform.shader
 3.3 kb	 0.0% Packages/com.unity.render-pipelines.high-definition/Runtime/Water/Shaders/WaterFoam.compute
 3.3 kb	 0.0% Packages/com.unity.shadergraph/Editor/Resources/Shaders/FallbackError.shader
 3.3 kb	 0.0% Packages/com.unity.render-pipelines.high-definition/Runtime/Lighting/Shadow/ShadowBlit.shader
 3.3 kb	 0.0% Packages/com.unity.visualeffectgraph/Shaders/Empty.shader
 3.3 kb	 0.0% Packages/com.unity.render-pipelines.high-definition/Runtime/PostProcessing/Shaders/LensFlareMergeOcclusionDataDriven.compute
 3.3 kb	 0.0% Packages/com.unity.render-pipelines.core/Runtime/Debug/ProbeVolumeFragmentationDebug.shader
 3.2 kb	 0.0% Packages/com.unity.render-pipelines.high-definition/Runtime/Debug/ColorGradient.png
 3.2 kb	 0.0% Packages/com.unity.render-pipelines.core/Runtime/RenderPipelineResources/FallbackShader.shader
 3.1 kb	 0.0% Packages/com.unity.render-pipelines.high-definition/Runtime/PostProcessing/Shaders/DLSSBiasColorMask.shader
 3.0 kb	 0.0% Packages/com.unity.render-pipelines.high-definition/Runtime/PostProcessing/Shaders/NaNKiller.compute
 3.0 kb	 0.0% Packages/com.unity.render-pipelines.high-definition/Runtime/Material/PreIntegratedFGD/PreIntegratedFGD_Marschner.shader
 3.0 kb	 0.0% Packages/com.unity.render-pipelines.high-definition/Runtime/ShaderLibrary/ClearStencilBuffer.shader
 3.0 kb	 0.0% Assets/Resources/PerformanceTestRunInfo.json
 2.9 kb	 0.0% Packages/com.unity.render-pipelines.high-definition/Runtime/Lighting/Shadow/ShadowClear.shader
 2.9 kb	 0.0% Packages/com.unity.render-pipelines.high-definition/Runtime/PostProcessing/Shaders/ClearBlack.shader
 2.9 kb	 0.0% Packages/com.unity.render-pipelines.high-definition/Runtime/PostProcessing/Shaders/MotionBlurMergeTilePass.compute
 2.9 kb	 0.0% Packages/com.unity.render-pipelines.high-definition/Runtime/PostProcessing/Shaders/DoFCoCMinMax.compute
 2.8 kb	 0.0% Packages/com.unity.render-pipelines.core/Runtime/Debugging/Prefabs/Widgets/DebugUIObjectPopupField.prefab
 2.7 kb	 0.0% Assets/_Game/Art/CoastalHDRP.asset
 2.7 kb	 0.0% Packages/com.unity.render-pipelines.high-definition/Runtime/PostProcessing/Shaders/ApplyExposure.compute
 2.7 kb	 0.0% Assets/Settings/HDRP Performant.asset
 2.7 kb	 0.0% Assets/Settings/HDRP High Fidelity.asset
 2.7 kb	 0.0% Packages/com.unity.render-pipelines.high-definition/Runtime/Lighting/AtmosphericScattering/ScreenSpaceMultipleScattering.compute
 2.6 kb	 0.0% Packages/com.unity.render-pipelines.core/Runtime/Debugging/Prefabs/Widgets/DebugUIObjectList.prefab
 2.6 kb	 0.0% Packages/com.unity.render-pipelines.core/Runtime/Debugging/Prefabs/Widgets/DebugUIEnumField.prefab
 2.4 kb	 0.0% Packages/com.unity.render-pipelines.core/Runtime/Debugging/Prefabs/Widgets/DebugUIFoldout.prefab
 2.4 kb	 0.0% Packages/com.unity.render-pipelines.core/Runtime/Debugging/Prefabs/Widgets/DebugUIRow.prefab
 2.4 kb	 0.0% Packages/com.unity.render-pipelines.high-definition/Runtime/PostProcessing/Shaders/DebugHDRxyMapping.compute
 2.3 kb	 0.0% Assets/Settings/HDRPDefaultResources/DefaultSettingsVolumeProfile.asset
 2.3 kb	 0.0% Packages/com.unity.render-pipelines.high-definition/Runtime/Material/SubsurfaceScattering/RandomDownsample.compute
 2.3 kb	 0.0% Packages/com.unity.render-pipelines.high-definition/Runtime/PostProcessing/Shaders/DoFMinMaxDilate.compute
 2.1 kb	 0.0% Packages/com.unity.render-pipelines.high-definition/Runtime/Core/CoreResources/GPUCopy.compute
 2.0 kb	 0.0% Assets/_Game/Art/Snowflake.mat
 1.8 kb	 0.0% Packages/com.unity.render-pipelines.high-definition/Runtime/Debug/ClearDebugBuffer.compute
 1.7 kb	 0.0% Packages/com.unity.render-pipelines.core/Runtime/Debugging/Prefabs/Widgets/DebugUIToggleHistory.prefab
 1.7 kb	 0.0% Packages/com.unity.render-pipelines.core/Runtime/Debugging/Prefabs/Widgets/DebugUIToggle.prefab
 1.6 kb	 0.0% Assets/_Game/Shaders/SeasonalBlend.compute
 1.5 kb	 0.0% Assets/_Game/Art/Land/MeadowGrass_Albedo.png
 1.4 kb	 0.0% Assets/Settings/SkyandFogSettingsProfile.asset
 1.4 kb	 0.0% Packages/com.unity.render-pipelines.core/Runtime/Debugging/Prefabs/Widgets/DebugUIProgressBar.prefab
 1.4 kb	 0.0% Packages/com.unity.render-pipelines.core/Runtime/Debugging/Prefabs/Widgets/DebugUIGroup.prefab
 1.3 kb	 0.0% Packages/com.unity.render-pipelines.high-definition/Runtime/Core/CoreResources/ClearUIntTextureArray.compute
 1.2 kb	 0.0% Packages/com.unity.render-pipelines.core/Runtime/Debugging/Prefabs/Widgets/DebugUIButton.prefab
 1.2 kb	 0.0% Packages/com.unity.render-pipelines.high-definition/Runtime/Core/CoreResources/ClearBuffer2D.compute
 1.2 kb	 0.0% Packages/com.unity.render-pipelines.high-definition/Runtime/RenderPipelineResources/Texture/CoherentNoise/OwenScrambledNoise4.png
 1.2 kb	 0.0% Packages/com.unity.render-pipelines.high-definition/Runtime/RenderPipelineResources/Texture/SMAA/SearchTex.tga
 1.1 kb	 0.0% Packages/com.unity.render-pipelines.high-definition/Runtime/Lighting/LightLoop/cleardispatchindirect.compute
 1.1 kb	 0.0% Packages/com.unity.render-pipelines.core/Runtime/Debugging/Prefabs/Textures/UIFoldoutOpened.png
 1.1 kb	 0.0% Packages/com.unity.render-pipelines.high-definition/Runtime/RenderPipeline/LineRendering/Kernels/StageShadingSetup.compute
 1.1 kb	 0.0% Packages/com.unity.render-pipelines.core/Runtime/Debugging/Prefabs/Textures/UIFoldoutClosed.png
 1.1 kb	 0.0% Packages/com.unity.render-pipelines.core/Runtime/Debugging/Prefabs/Textures/UICheckMark.png
 1.1 kb	 0.0% Packages/com.unity.render-pipelines.high-definition/Runtime/Lighting/LightLoop/ClearLightLists.compute
 1.0 kb	 0.0% Packages/com.unity.render-pipelines.high-definition/Runtime/PostProcessing/Shaders/DepthOfFieldClearIndirectArgs.compute
 0.9 kb	 0.0% Packages/com.unity.render-pipelines.core/Runtime/Debugging/Prefabs/Widgets/DebugUIEnumHistory.prefab
 0.9 kb	 0.0% Packages/com.unity.render-pipelines.core/Runtime/Debugging/Prefabs/Widgets/DebugUIValuePersistent.prefab
 0.9 kb	 0.0% Packages/com.unity.render-pipelines.high-definition/Runtime/Lighting/ScreenSpaceLighting/GTAOCopyHistory.compute
 0.9 kb	 0.0% Packages/com.unity.render-pipelines.core/Runtime/Debugging/Prefabs/Widgets/DebugUIValueTuple.prefab
 0.9 kb	 0.0% Packages/com.unity.render-pipelines.core/Runtime/Debugging/Prefabs/Resources/DebugUIPersistentCanvas.prefab
 0.9 kb	 0.0% Packages/com.unity.render-pipelines.core/Runtime/Debugging/Prefabs/Widgets/DebugUIObject.prefab
 0.9 kb	 0.0% Packages/com.unity.render-pipelines.core/Runtime/Debugging/Prefabs/Widgets/DebugUIValue.prefab
 0.9 kb	 0.0% Packages/com.unity.render-pipelines.high-definition/Runtime/RenderPipelineResources/Texture/BlueNoise16/RGB/LDR_RGB1_9.png
 0.9 kb	 0.0% Packages/com.unity.render-pipelines.high-definition/Runtime/RenderPipelineResources/Texture/BlueNoise16/RGB/LDR_RGB1_8.png
 0.9 kb	 0.0% Packages/com.unity.render-pipelines.high-definition/Runtime/RenderPipelineResources/Texture/BlueNoise16/RGB/LDR_RGB1_7.png
 0.9 kb	 0.0% Packages/com.unity.render-pipelines.high-definition/Runtime/RenderPipelineResources/Texture/BlueNoise16/RGB/LDR_RGB1_6.png
 0.9 kb	 0.0% Packages/com.unity.render-pipelines.high-definition/Runtime/RenderPipelineResources/Texture/BlueNoise16/RGB/LDR_RGB1_5.png
 0.9 kb	 0.0% Packages/com.unity.render-pipelines.high-definition/Runtime/RenderPipelineResources/Texture/BlueNoise16/RGB/LDR_RGB1_4.png
 0.9 kb	 0.0% Packages/com.unity.render-pipelines.high-definition/Runtime/RenderPipelineResources/Texture/BlueNoise16/RGB/LDR_RGB1_31.png
 0.9 kb	 0.0% Packages/com.unity.render-pipelines.high-definition/Runtime/RenderPipelineResources/Texture/BlueNoise16/RGB/LDR_RGB1_30.png
 0.9 kb	 0.0% Packages/com.unity.render-pipelines.high-definition/Runtime/RenderPipelineResources/Texture/BlueNoise16/RGB/LDR_RGB1_3.png
 0.9 kb	 0.0% Packages/com.unity.render-pipelines.high-definition/Runtime/RenderPipelineResources/Texture/BlueNoise16/RGB/LDR_RGB1_29.png
 0.9 kb	 0.0% Packages/com.unity.render-pipelines.high-definition/Runtime/RenderPipelineResources/Texture/BlueNoise16/RGB/LDR_RGB1_28.png
 0.9 kb	 0.0% Packages/com.unity.render-pipelines.high-definition/Runtime/RenderPipelineResources/Texture/BlueNoise16/RGB/LDR_RGB1_27.png
 0.9 kb	 0.0% Packages/com.unity.render-pipelines.high-definition/Runtime/RenderPipelineResources/Texture/BlueNoise16/RGB/LDR_RGB1_26.png
 0.9 kb	 0.0% Packages/com.unity.render-pipelines.high-definition/Runtime/RenderPipelineResources/Texture/BlueNoise16/RGB/LDR_RGB1_25.png
 0.9 kb	 0.0% Packages/com.unity.render-pipelines.high-definition/Runtime/RenderPipelineResources/Texture/BlueNoise16/RGB/LDR_RGB1_24.png
 0.9 kb	 0.0% Packages/com.unity.render-pipelines.high-definition/Runtime/RenderPipelineResources/Texture/BlueNoise16/RGB/LDR_RGB1_23.png
 0.9 kb	 0.0% Packages/com.unity.render-pipelines.high-definition/Runtime/RenderPipelineResources/Texture/BlueNoise16/RGB/LDR_RGB1_22.png
 0.9 kb	 0.0% Packages/com.unity.render-pipelines.high-definition/Runtime/RenderPipelineResources/Texture/BlueNoise16/RGB/LDR_RGB1_21.png
 0.9 kb	 0.0% Packages/com.unity.render-pipelines.high-definition/Runtime/RenderPipelineResources/Texture/BlueNoise16/RGB/LDR_RGB1_20.png
 0.9 kb	 0.0% Packages/com.unity.render-pipelines.high-definition/Runtime/RenderPipelineResources/Texture/BlueNoise16/RGB/LDR_RGB1_2.png
 0.9 kb	 0.0% Packages/com.unity.render-pipelines.high-definition/Runtime/RenderPipelineResources/Texture/BlueNoise16/RGB/LDR_RGB1_19.png
 0.9 kb	 0.0% Packages/com.unity.render-pipelines.high-definition/Runtime/RenderPipelineResources/Texture/BlueNoise16/RGB/LDR_RGB1_18.png
 0.9 kb	 0.0% Packages/com.unity.render-pipelines.high-definition/Runtime/RenderPipelineResources/Texture/BlueNoise16/RGB/LDR_RGB1_17.png
 0.9 kb	 0.0% Packages/com.unity.render-pipelines.high-definition/Runtime/RenderPipelineResources/Texture/BlueNoise16/RGB/LDR_RGB1_16.png
 0.9 kb	 0.0% Packages/com.unity.render-pipelines.high-definition/Runtime/RenderPipelineResources/Texture/BlueNoise16/RGB/LDR_RGB1_15.png
 0.9 kb	 0.0% Packages/com.unity.render-pipelines.high-definition/Runtime/RenderPipelineResources/Texture/BlueNoise16/RGB/LDR_RGB1_14.png
 0.9 kb	 0.0% Packages/com.unity.render-pipelines.high-definition/Runtime/RenderPipelineResources/Texture/BlueNoise16/RGB/LDR_RGB1_13.png
 0.9 kb	 0.0% Packages/com.unity.render-pipelines.high-definition/Runtime/RenderPipelineResources/Texture/BlueNoise16/RGB/LDR_RGB1_12.png
 0.9 kb	 0.0% Packages/com.unity.render-pipelines.high-definition/Runtime/RenderPipelineResources/Texture/BlueNoise16/RGB/LDR_RGB1_11.png
 0.9 kb	 0.0% Packages/com.unity.render-pipelines.high-definition/Runtime/RenderPipelineResources/Texture/BlueNoise16/RGB/LDR_RGB1_10.png
 0.9 kb	 0.0% Packages/com.unity.render-pipelines.high-definition/Runtime/RenderPipelineResources/Texture/BlueNoise16/RGB/LDR_RGB1_1.png
 0.9 kb	 0.0% Packages/com.unity.render-pipelines.high-definition/Runtime/RenderPipelineResources/Texture/BlueNoise16/RGB/LDR_RGB1_0.png
 0.9 kb	 0.0% Packages/com.unity.render-pipelines.core/Runtime/Debugging/Prefabs/Widgets/DebugUIMessageBox.prefab
 0.9 kb	 0.0% Packages/com.unity.render-pipelines.high-definition/Runtime/PostProcessing/Shaders/AlphaCopy.compute
 0.9 kb	 0.0% Packages/com.unity.render-pipelines.core/Runtime/Debugging/Prefabs/Textures/UIElement8px.png
 0.8 kb	 0.0% Packages/com.unity.render-pipelines.high-definition/Editor/RenderPipelineResources/DefaultLookDevProfile.asset
 0.7 kb	 0.0% Packages/com.unity.render-pipelines.high-definition/Runtime/Lighting/LightLoop/lightlistbuild-clearatomic.compute
 0.6 kb	 0.0% Packages/com.unity.render-pipelines.high-definition/Runtime/RenderPipelineResources/Mesh/Quad.fbx
 0.6 kb	 0.0% Packages/com.unity.render-pipelines.core/Runtime/Debugging/Prefabs/Textures/White1px.png
 0.5 kb	 0.0% Packages/com.unity.render-pipelines.high-definition/Runtime/RenderPipeline/LineRendering/Kernels/StagePrepare.compute
 0.5 kb	 0.0% Packages/com.unity.render-pipelines.high-definition/Runtime/Lighting/Shadow/ScreenSpaceShadows.shader
 0.5 kb	 0.0% Packages/com.unity.render-pipelines.high-definition/Runtime/RenderPipeline/LineRendering/Kernels/StageWorkQueue.compute
 0.4 kb	 0.0% Packages/com.unity.render-pipelines.core/Runtime/Debugging/Prefabs/Widgets/DebugUIVBox.prefab
 0.4 kb	 0.0% Packages/com.unity.render-pipelines.core/Runtime/Debugging/Prefabs/Widgets/DebugUIHBox.prefab
 0.4 kb	 0.0% Packages/com.unity.render-pipelines.core/Runtime/Debug/ProbeVolumeDebug.shader
 0.4 kb	 0.0% Built-in Sprite: 
 0.4 kb	 0.0% Packages/com.unity.render-pipelines.high-definition/Runtime/RenderPipelineResources/Texture/BlueNoise16/L/LDR_LLL1_9.png
 0.4 kb	 0.0% Packages/com.unity.render-pipelines.high-definition/Runtime/RenderPipelineResources/Texture/BlueNoise16/L/LDR_LLL1_8.png
 0.4 kb	 0.0% Packages/com.unity.render-pipelines.high-definition/Runtime/RenderPipelineResources/Texture/BlueNoise16/L/LDR_LLL1_7.png
 0.4 kb	 0.0% Packages/com.unity.render-pipelines.high-definition/Runtime/RenderPipelineResources/Texture/BlueNoise16/L/LDR_LLL1_6.png
 0.4 kb	 0.0% Packages/com.unity.render-pipelines.high-definition/Runtime/RenderPipelineResources/Texture/BlueNoise16/L/LDR_LLL1_5.png
 0.4 kb	 0.0% Packages/com.unity.render-pipelines.high-definition/Runtime/RenderPipelineResources/Texture/BlueNoise16/L/LDR_LLL1_4.png
 0.4 kb	 0.0% Packages/com.unity.render-pipelines.high-definition/Runtime/RenderPipelineResources/Texture/BlueNoise16/L/LDR_LLL1_31.png
 0.4 kb	 0.0% Packages/com.unity.render-pipelines.high-definition/Runtime/RenderPipelineResources/Texture/BlueNoise16/L/LDR_LLL1_30.png
 0.4 kb	 0.0% Packages/com.unity.render-pipelines.high-definition/Runtime/RenderPipelineResources/Texture/BlueNoise16/L/LDR_LLL1_3.png
 0.4 kb	 0.0% Packages/com.unity.render-pipelines.high-definition/Runtime/RenderPipelineResources/Texture/BlueNoise16/L/LDR_LLL1_29.png
 0.4 kb	 0.0% Packages/com.unity.render-pipelines.high-definition/Runtime/RenderPipelineResources/Texture/BlueNoise16/L/LDR_LLL1_28.png
 0.4 kb	 0.0% Packages/com.unity.render-pipelines.high-definition/Runtime/RenderPipelineResources/Texture/BlueNoise16/L/LDR_LLL1_27.png
 0.4 kb	 0.0% Packages/com.unity.render-pipelines.high-definition/Runtime/RenderPipelineResources/Texture/BlueNoise16/L/LDR_LLL1_26.png
 0.4 kb	 0.0% Packages/com.unity.render-pipelines.high-definition/Runtime/RenderPipelineResources/Texture/BlueNoise16/L/LDR_LLL1_25.png
 0.4 kb	 0.0% Packages/com.unity.render-pipelines.high-definition/Runtime/RenderPipelineResources/Texture/BlueNoise16/L/LDR_LLL1_24.png
 0.4 kb	 0.0% Packages/com.unity.render-pipelines.high-definition/Runtime/RenderPipelineResources/Texture/BlueNoise16/L/LDR_LLL1_23.png
 0.4 kb	 0.0% Packages/com.unity.render-pipelines.high-definition/Runtime/RenderPipelineResources/Texture/BlueNoise16/L/LDR_LLL1_22.png
 0.4 kb	 0.0% Packages/com.unity.render-pipelines.high-definition/Runtime/RenderPipelineResources/Texture/BlueNoise16/L/LDR_LLL1_21.png
 0.4 kb	 0.0% Packages/com.unity.render-pipelines.high-definition/Runtime/RenderPipelineResources/Texture/BlueNoise16/L/LDR_LLL1_20.png
 0.4 kb	 0.0% Packages/com.unity.render-pipelines.high-definition/Runtime/RenderPipelineResources/Texture/BlueNoise16/L/LDR_LLL1_2.png
 0.4 kb	 0.0% Packages/com.unity.render-pipelines.high-definition/Runtime/RenderPipelineResources/Texture/BlueNoise16/L/LDR_LLL1_19.png
 0.4 kb	 0.0% Packages/com.unity.render-pipelines.high-definition/Runtime/RenderPipelineResources/Texture/BlueNoise16/L/LDR_LLL1_18.png
 0.4 kb	 0.0% Packages/com.unity.render-pipelines.high-definition/Runtime/RenderPipelineResources/Texture/BlueNoise16/L/LDR_LLL1_17.png
 0.4 kb	 0.0% Packages/com.unity.render-pipelines.high-definition/Runtime/RenderPipelineResources/Texture/BlueNoise16/L/LDR_LLL1_16.png
 0.4 kb	 0.0% Packages/com.unity.render-pipelines.high-definition/Runtime/RenderPipelineResources/Texture/BlueNoise16/L/LDR_LLL1_15.png
 0.4 kb	 0.0% Packages/com.unity.render-pipelines.high-definition/Runtime/RenderPipelineResources/Texture/BlueNoise16/L/LDR_LLL1_14.png
 0.4 kb	 0.0% Packages/com.unity.render-pipelines.high-definition/Runtime/RenderPipelineResources/Texture/BlueNoise16/L/LDR_LLL1_13.png
 0.4 kb	 0.0% Packages/com.unity.render-pipelines.high-definition/Runtime/RenderPipelineResources/Texture/BlueNoise16/L/LDR_LLL1_12.png
 0.4 kb	 0.0% Packages/com.unity.render-pipelines.high-definition/Runtime/RenderPipelineResources/Texture/BlueNoise16/L/LDR_LLL1_11.png
 0.4 kb	 0.0% Packages/com.unity.render-pipelines.high-definition/Runtime/RenderPipelineResources/Texture/BlueNoise16/L/LDR_LLL1_10.png
 0.4 kb	 0.0% Packages/com.unity.render-pipelines.high-definition/Runtime/RenderPipelineResources/Texture/BlueNoise16/L/LDR_LLL1_1.png
 0.4 kb	 0.0% Packages/com.unity.render-pipelines.high-definition/Runtime/RenderPipelineResources/Texture/BlueNoise16/L/LDR_LLL1_0.png
 0.4 kb	 0.0% Packages/com.unity.render-pipelines.high-definition/Runtime/RenderPipeline/LineRendering/Kernels/StageRasterFine.compute
 0.3 kb	 0.0% Packages/com.unity.render-pipelines.high-definition/Runtime/Material/Fabric/CharlieConvolve.shader
 0.2 kb	 0.0% Packages/com.unity.render-pipelines.high-definition/Runtime/RenderPipeline/LineRendering/Kernels/StageSetupSegment.compute
 0.2 kb	 0.0% Packages/com.unity.render-pipelines.high-definition/Runtime/RenderPipeline/LineRendering/HDRenderPipeline.LineRendering.VolumeComponent.cs
 0.2 kb	 0.0% Packages/com.unity.render-pipelines.high-definition/Runtime/RenderPipeline/HDDynamicResolutionPlatformCapabilities.cs
 0.2 kb	 0.0% Packages/com.unity.render-pipelines.high-definition/Runtime/RenderPipeline/GlobalLowResolutionTransparencySettings.cs
 0.2 kb	 0.0% Packages/com.unity.render-pipelines.high-definition/Runtime/RenderPipeline/HDRenderPipelineRuntimeResources.Migration.cs
 0.2 kb	 0.0% Packages/com.unity.render-pipelines.high-definition/Runtime/Lighting/Light/HDProcessedVisibleLightsBuilder.LightLoop.cs
 0.2 kb	 0.0% Packages/com.unity.render-pipelines.core/Runtime/RenderGraph/RenderGraphResourceAccelerationStructure.cs
 0.2 kb	 0.0% Packages/com.unity.render-pipelines.high-definition/Runtime/Water/HDRenderPipeline.WaterSystem.SimulationCPU.Search.cs
 0.2 kb	 0.0% Packages/com.unity.render-pipelines.high-definition/Runtime/Sky/PhysicallyBasedSky/ShaderVariablesPhysicallyBasedSky.cs
 0.2 kb	 0.0% Packages/com.unity.render-pipelines.high-definition/Runtime/RenderPipeline/Raytracing/Shaders/ShaderVariablesRaytracingLightLoop.cs
 0.2 kb	 0.0% Packages/com.unity.render-pipelines.high-definition/Runtime/RenderPipeline/GlobalPostProcessingQualitySettings.cs
 0.2 kb	 0.0% Packages/com.unity.render-pipelines.high-definition/Runtime/PostProcessing/CustomPostProcessing/CustomPostProcessVolumeComponentList.cs
 0.2 kb	 0.0% Packages/com.unity.render-pipelines.high-definition/Runtime/Lighting/VolumetricClouds/HDRenderPipeline.VolumetricCloudsLowResolution.cs
 0.2 kb	 0.0% Packages/com.unity.render-pipelines.high-definition/Runtime/Lighting/VolumetricClouds/HDRenderPipeline.VolumetricCloudsFullResolution.cs
 0.2 kb	 0.0% Packages/com.unity.render-pipelines.high-definition/Runtime/Lighting/VolumetricClouds/HDRenderPipeline.VolumetricCloudsAccumulation.cs
 0.2 kb	 0.0% Packages/com.unity.render-pipelines.high-definition/Runtime/Lighting/ScreenSpaceLighting/ShaderVariablesScreenSpaceReflection.cs
 0.2 kb	 0.0% Packages/com.unity.render-pipelines.high-definition/Runtime/Water/HDRenderPipeline.WaterSystem.SimulationCPU.Deformation.cs
 0.2 kb	 0.0% Packages/com.unity.render-pipelines.high-definition/Runtime/Water/HDRenderPipeline.WaterSystem.Simulation.cs
 0.2 kb	 0.0% Packages/com.unity.render-pipelines.high-definition/Runtime/RenderPipeline/LineRendering/Kernels/StageRasterBin.compute
 0.2 kb	 0.0% Packages/com.unity.render-pipelines.high-definition/Runtime/Lighting/VolumetricClouds/HDRenderPipeline.VolumetricCloudsLighting.cs
 0.2 kb	 0.0% Packages/com.unity.render-pipelines.high-definition/Runtime/Lighting/Shadow/HDRenderPipeline.ScreenSpaceShadowsPunctual.cs
 0.2 kb	 0.0% Packages/com.unity.render-pipelines.high-definition/Runtime/Lighting/ScreenSpaceLighting/RayMarchingFallbackHierarchy.cs
 0.2 kb	 0.0% Packages/com.unity.render-pipelines.high-definition/Runtime/Lighting/Light/HDProcessedVisibleLightsBuilder.Jobs.cs
 0.2 kb	 0.0% Packages/com.unity.render-pipelines.high-definition/Runtime/Debug/MaterialDebug.cs
 0.2 kb	 0.0% Packages/com.unity.render-pipelines.high-definition/Runtime/Compositor/ICompositionFilterComponent.cs
 0.2 kb	 0.0% Packages/com.unity.render-pipelines.core/Runtime/Stripping/RenderPipelineGraphicsSettingsStripperFetcher.cs
 0.2 kb	 0.0% Packages/com.unity.render-pipelines.core/Runtime/RenderGraph/IRenderGraphEnabledRenderPipeline.cs
 0.2 kb	 0.0% Packages/com.unity.multiplayer.center/Common/IOnboardingSectionAnalyticsProvider.cs
 0.2 kb	 0.0% Packages/com.unity.rendering.light-transport/Runtime/UnifiedRayTracing/Hardware/HardwareRayTracingAccelStruct.cs
 0.2 kb	 0.0% Packages/com.unity.render-pipelines.high-definition/Runtime/Water/Timeline/WaterSurfacePlayableBehaviour.cs
 0.2 kb	 0.0% Packages/com.unity.render-pipelines.high-definition/Runtime/Water/HDRenderPipeline.WaterSystem.SimulationCPU.cs
 0.2 kb	 0.0% Packages/com.unity.render-pipelines.high-definition/Runtime/Water/HDRenderPipeline.WaterSystem.SimulationCPU.Utilities.cs
 0.2 kb	 0.0% Packages/com.unity.render-pipelines.high-definition/Runtime/Utilities/HDAdditionalSceneViewSettings.cs
 0.2 kb	 0.0% Packages/com.unity.render-pipelines.high-definition/Runtime/Settings/HDRenderPipelineRuntimeTextures.cs
 0.2 kb	 0.0% Packages/com.unity.render-pipelines.high-definition/Runtime/Settings/HDRenderPipelineRuntimeShaders.cs
 0.2 kb	 0.0% Packages/com.unity.render-pipelines.high-definition/Runtime/Settings/HDRenderPipelineRuntimeMaterials.cs
 0.2 kb	 0.0% Packages/com.unity.render-pipelines.high-definition/Runtime/Settings/HDRenderPipelineRuntimeAssets.cs
 0.2 kb	 0.0% Packages/com.unity.render-pipelines.high-definition/Runtime/Settings/HDRenderPipelineEditorTextures.cs
 0.2 kb	 0.0% Packages/com.unity.render-pipelines.high-definition/Runtime/Settings/HDRenderPipelineEditorShaders.cs
 0.2 kb	 0.0% Packages/com.unity.render-pipelines.high-definition/Runtime/Settings/HDRenderPipelineEditorMaterials.cs
 0.2 kb	 0.0% Packages/com.unity.render-pipelines.high-definition/Runtime/Settings/HDRPDefaultVolumeProfileSetting.cs
 0.2 kb	 0.0% Packages/com.unity.render-pipelines.high-definition/Runtime/Settings/DiffusionProfileDefaultSettings.cs
 0.2 kb	 0.0% Packages/com.unity.render-pipelines.high-definition/Runtime/Settings/CustomPostProcessOrdersSettings.cs
 0.2 kb	 0.0% Packages/com.unity.render-pipelines.high-definition/Runtime/RenderPipelineResources/HDProjectSettingsReadOnlyBase.cs
 0.2 kb	 0.0% Packages/com.unity.render-pipelines.high-definition/Runtime/RenderPipeline/Raytracing/RayTracingFallbackHierarchy.cs
 0.2 kb	 0.0% Packages/com.unity.render-pipelines.high-definition/Runtime/RenderPipeline/Raytracing/HDRenderPipeline.RaytracingSubsurfaceScattering.cs
 0.2 kb	 0.0% Packages/com.unity.render-pipelines.high-definition/Runtime/RenderPipeline/HDRenderPipelineGlobalSettings.cs
 0.2 kb	 0.0% Packages/com.unity.render-pipelines.high-definition/Runtime/RenderPipeline/HDAdditionalMeshRendererSettings.cs
 0.2 kb	 0.0% Packages/com.unity.render-pipelines.high-definition/Runtime/RenderPipeline/GlobalLightingQualitySettings.cs
 0.2 kb	 0.0% Packages/com.unity.render-pipelines.high-definition/Runtime/RenderPipeline/GlobalGPUResidentDrawerSettings.cs
 0.2 kb	 0.0% Packages/com.unity.render-pipelines.high-definition/Runtime/PostProcessing/CustomPostProcessing/CustomPostProcessVolumeComponent.cs
 0.2 kb	 0.0% Packages/com.unity.render-pipelines.high-definition/Runtime/Lighting/VolumetricLighting/LocalVolumetricFog.Migration.cs
 0.2 kb	 0.0% Packages/com.unity.render-pipelines.high-definition/Runtime/Lighting/VolumetricLighting/HDRenderPipeline.VolumetricLighting.cs
 0.2 kb	 0.0% Packages/com.unity.render-pipelines.high-definition/Runtime/Lighting/VolumetricClouds/HDRenderPipeline.VolumetricCloudsShadows.cs
 0.2 kb	 0.0% Packages/com.unity.render-pipelines.high-definition/Runtime/Lighting/Shadow/HDRenderPipeline.ScreenSpaceShadowsDirectional.cs
 0.2 kb	 0.0% Packages/com.unity.render-pipelines.high-definition/Runtime/Lighting/ScreenSpaceLighting/ShaderVariablesAmbientOcclusion.cs
 0.2 kb	 0.0% Packages/com.unity.render-pipelines.high-definition/Runtime/Lighting/ScreenSpaceLighting/HDRenderPipeline.ScreenSpaceGlobalIllumination.cs
 0.2 kb	 0.0% Packages/com.unity.render-pipelines.high-definition/Runtime/Lighting/Reflection/Volume/ReflectionProxyVolumeComponent.cs
 0.2 kb	 0.0% Packages/com.unity.render-pipelines.high-definition/Runtime/Lighting/Light/HDProcessedVisibleLightsBuilder.cs
 0.2 kb	 0.0% Packages/com.unity.render-pipelines.core/Runtime/Stripping/RenderPipelineGraphicsSettingsStripperReport.cs
 0.2 kb	 0.0% Packages/com.unity.render-pipelines.core/Runtime/RenderGraph/Compiler/NativePassCompiler.Debug.cs
 0.2 kb	 0.0% Packages/com.unity.render-pipelines.core/Runtime/GPUDriven/OcclusionCullingCommonShaderVariables.cs
 0.2 kb	 0.0% Packages/com.unity.render-pipelines.core/Runtime/GPUDriven/InstanceOcclusionCullerShaderVariables.cs
 0.2 kb	 0.0% Packages/com.unity.visualscripting/Runtime/VisualScripting.Core/Listeners/UI/UnityOnScrollbarValueChangedMessageListener.cs
 0.2 kb	 0.0% Packages/com.unity.visualscripting/Runtime/VisualScripting.Core/Listeners/UI/UnityOnScrollRectValueChangedMessageListener.cs
 0.2 kb	 0.0% Packages/com.unity.visualscripting/Runtime/VisualScripting.Core/Listeners/UI/UnityOnInputFieldValueChangedMessageListener.cs
 0.2 kb	 0.0% Packages/com.unity.visualscripting/Runtime/VisualScripting.Core/Listeners/UI/UnityOnDropdownValueChangedMessageListener.cs
 0.2 kb	 0.0% Packages/com.unity.visualscripting/Runtime/VisualScripting.Core/Listeners/MonoBehaviour/UnityOnTransformChildrenChangedMListener.cs
 0.2 kb	 0.0% Packages/com.unity.visualscripting/Runtime/VisualScripting.Core/Listeners/MonoBehaviour/UnityOnControllerColliderHitMessageListener.cs
 0.2 kb	 0.0% Packages/com.unity.render-pipelines.high-definition/Runtime/RenderPipeline/Raytracing/HDRenderPipeline.RaytracingRecursiveRenderer.cs
 0.2 kb	 0.0% Packages/com.unity.render-pipelines.high-definition/Runtime/RenderPipeline/Raytracing/HDRenderPipeline.RaytracingIndirectDiffuse.cs
 0.2 kb	 0.0% Packages/com.unity.render-pipelines.high-definition/Runtime/RenderPipeline/Raytracing/HDRenderPipeline.RaytracingDeferredLightLoop.cs
 0.2 kb	 0.0% Packages/com.unity.render-pipelines.high-definition/Runtime/RenderPipeline/Raytracing/HDRenderPipeline.RaytracingAmbientOcclusion.cs
 0.2 kb	 0.0% Packages/com.unity.render-pipelines.high-definition/Runtime/Lighting/VolumetricClouds/HDRenderPipeline.VolumetricCloudsSky.cs
 0.2 kb	 0.0% Packages/com.unity.render-pipelines.high-definition/Runtime/Lighting/VolumetricClouds/HDRenderPipeline.VolumetricCloudsMap.cs
 0.2 kb	 0.0% Packages/com.unity.render-pipelines.high-definition/Runtime/Lighting/VolumetricClouds/HDRenderPipeline.VolumetricClouds.cs
 0.2 kb	 0.0% Packages/com.unity.render-pipelines.high-definition/Runtime/Compositor/CompositorCameraRegistry.cs
 0.2 kb	 0.0% Packages/com.unity.render-pipelines.high-definition/Runtime/Compositor/AdditionalCompositorData.cs
 0.2 kb	 0.0% Packages/com.unity.render-pipelines.core/Runtime/Stripping/RenderPipelineGraphicsSettingsStripper.cs
 0.2 kb	 0.0% Packages/com.unity.render-pipelines.core/Runtime/RenderPipeline/RenderPipelineGraphicsSettingsContainer.cs
 0.2 kb	 0.0% Packages/com.unity.render-pipelines.core/Runtime/RenderGraph/Compiler/NativePassCompiler.cs
 0.2 kb	 0.0% Packages/com.unity.render-pipelines.core/Runtime/RenderGraph/Compiler/CompilerContextData.cs
 0.2 kb	 0.0% Packages/com.unity.render-pipelines.core/Runtime/Common/IVirtualTexturingEnabledRenderPipeline.cs
 0.2 kb	 0.0% Packages/com.unity.mathematics/Unity.Mathematics/Il2CppEagerStaticClassConstructionAttribute.cs
 0.2 kb	 0.0% Packages/com.unity.visualscripting/Runtime/VisualScripting.Core/Listeners/MonoBehaviour/UnityOnTransformParentChangedMListener.cs
 0.2 kb	 0.0% Packages/com.unity.visualscripting/Runtime/VisualScripting.Core/Dependencies/AssemblyQualifiedNameParser/ParsedAssemblyQualifiedName.cs
 0.2 kb	 0.0% Packages/com.unity.rendering.light-transport/Runtime/UnifiedRayTracing/UnifiedRayTracingException.cs
 0.2 kb	 0.0% Packages/com.unity.rendering.light-transport/Runtime/UnifiedRayTracing/Hardware/HardwareRayTracingBackend.cs
 0.2 kb	 0.0% Packages/com.unity.rendering.light-transport/Runtime/UnifiedRayTracing/Compute/ComputeRayTracingAccelStruct.cs
 0.2 kb	 0.0% Packages/com.unity.render-pipelines.high-definition/Runtime/Utilities/VolumeComponentWithQuality.cs
 0.2 kb	 0.0% Packages/com.unity.render-pipelines.high-definition/Runtime/Utilities/ProbeCapturePositionSettings.cs
 0.2 kb	 0.0% Packages/com.unity.render-pipelines.high-definition/Runtime/Utilities/HDRenderPipelinePreferences.cs
 0.2 kb	 0.0% Packages/com.unity.render-pipelines.high-definition/Runtime/Utilities/DiffusionProfileHashTable.cs
 0.2 kb	 0.0% Packages/com.unity.render-pipelines.high-definition/Runtime/Sky/PhysicallyBasedSky/PhysicallyBasedSkyRenderer.cs
 0.2 kb	 0.0% Packages/com.unity.render-pipelines.high-definition/Runtime/Settings/RenderingPathFrameSettings.cs
 0.2 kb	 0.0% Packages/com.unity.render-pipelines.high-definition/Runtime/Settings/LookDevVolumeProfileSettings.cs
 0.2 kb	 0.0% Packages/com.unity.render-pipelines.high-definition/Runtime/Settings/HDRenderPipelineEditorAssets.cs
 0.2 kb	 0.0% Packages/com.unity.render-pipelines.high-definition/Runtime/Settings/AnalyticDerivativeSettings.cs
 0.2 kb	 0.0% Packages/com.unity.render-pipelines.high-definition/Runtime/RenderPipeline/VirtualTexturingSettingsSRP.cs
 0.2 kb	 0.0% Packages/com.unity.render-pipelines.high-definition/Runtime/RenderPipeline/Raytracing/Shaders/ShaderVariablesRaytracing.cs
 0.2 kb	 0.0% Packages/com.unity.render-pipelines.high-definition/Runtime/RenderPipeline/Raytracing/HDRenderPipeline.RaytracingReflection.cs
 0.2 kb	 0.0% Packages/com.unity.render-pipelines.high-definition/Runtime/RenderPipeline/Raytracing/HDRaytracingManager.HDRTASManager.cs
 0.2 kb	 0.0% Packages/com.unity.render-pipelines.high-definition/Runtime/RenderPipeline/HDRenderPipelineResources.cs
 0.2 kb	 0.0% Packages/com.unity.render-pipelines.high-definition/Runtime/RenderPipeline/HDRenderPipeline.SubsurfaceScattering.cs
 0.2 kb	 0.0% Packages/com.unity.render-pipelines.high-definition/Runtime/PostProcessing/GlobalPostProcessSettings.cs
 0.2 kb	 0.0% Packages/com.unity.render-pipelines.high-definition/Runtime/PostProcessing/Components/ShadowsMidtonesHighlights.cs
 0.2 kb	 0.0% Packages/com.unity.render-pipelines.high-definition/Runtime/Material/MaterialExternalReferences.cs
 0.2 kb	 0.0% Packages/com.unity.render-pipelines.high-definition/Runtime/Lighting/VolumetricLighting/VolumetricLightingController.cs
 0.2 kb	 0.0% Packages/com.unity.render-pipelines.high-definition/Runtime/Lighting/VolumetricLighting/LocalVolumetricFogManager.cs
 0.2 kb	 0.0% Packages/com.unity.render-pipelines.high-definition/Runtime/Lighting/Shadow/HDRenderPIpeline.ScreenSpaceShadowsArea.cs
 0.2 kb	 0.0% Packages/com.unity.render-pipelines.high-definition/Runtime/Lighting/ScreenSpaceLighting/ScreenSpaceAmbientOcclusion.cs
 0.2 kb	 0.0% Packages/com.unity.render-pipelines.high-definition/Runtime/Lighting/Reflection/ReflectionSystemParameters.cs
 0.2 kb	 0.0% Packages/com.unity.render-pipelines.high-definition/Runtime/Lighting/Reflection/ReflectionProbeTextureCache.cs
 0.2 kb	 0.0% Packages/com.unity.render-pipelines.high-definition/Runtime/Lighting/Reflection/HDRuntimeReflectionSystem.cs
 0.2 kb	 0.0% Packages/com.unity.render-pipelines.high-definition/Runtime/Lighting/Reflection/HDAdditionalReflectionData.cs
 0.2 kb	 0.0% Packages/com.unity.render-pipelines.high-definition/Runtime/Lighting/IndirectLightingController.cs
 0.2 kb	 0.0% Packages/com.unity.render-pipelines.high-definition/Runtime/Debug/HDVolumeDebugSettings.deprecated.cs
 0.2 kb	 0.0% Packages/com.unity.render-pipelines.high-definition/Runtime/Debug/DebugDisplaySettingsDecal.cs
 0.2 kb	 0.0% Packages/com.unity.render-pipelines.high-definition/Runtime/Core/Debugging/FrameSettingsFieldAttribute.cs
 0.2 kb	 0.0% Packages/com.unity.render-pipelines.core/Runtime/RenderGraph/RenderGraphUtilsResources.cs
 0.2 kb	 0.0% Packages/com.unity.render-pipelines.core/Runtime/Lighting/ProbeVolume/ProbeReferenceVolume.ReflProbeNormalization.cs
 0.2 kb	 0.0% Packages/com.unity.render-pipelines.core/Runtime/GPUDriven/OcclusionCullingDebugShaderVariables.cs
 0.2 kb	 0.0% Packages/com.unity.visualscripting/Runtime/VisualScripting.Core/Listeners/UI/UnityOnToggleValueChangedMessageListener.cs
 0.2 kb	 0.0% Packages/com.unity.visualscripting/Runtime/VisualScripting.Core/Listeners/UI/UnityOnSliderValueChangedMessageListener.cs
 0.2 kb	 0.0% Packages/com.unity.visualscripting/Runtime/VisualScripting.Core/Listeners/UI/UnityOnInputFieldEndEditMessageListener.cs
 0.2 kb	 0.0% Packages/com.unity.visualscripting/Runtime/VisualScripting.Core/Listeners/MonoBehaviour/UnityOnParticleCollisionMessageListener.cs
 0.2 kb	 0.0% Packages/com.unity.visualscripting/Runtime/VisualScripting.Core/Listeners/MonoBehaviour/UnityOnMouseUpAsButtonMessageListener.cs
 0.2 kb	 0.0% Packages/com.unity.visualscripting/Runtime/VisualScripting.Core/Listeners/MonoBehaviour/UnityOnCollisionStay2DMessageListener.cs
 0.2 kb	 0.0% Packages/com.unity.visualscripting/Runtime/VisualScripting.Core/Listeners/MonoBehaviour/UnityOnCollisionExit2DMessageListener.cs
 0.2 kb	 0.0% Packages/com.unity.visualscripting/Runtime/VisualScripting.Core/Listeners/MonoBehaviour/UnityOnCollisionEnter2DMessageListener.cs
 0.2 kb	 0.0% Packages/com.unity.visualscripting/Runtime/VisualScripting.Core/Listeners/MonoBehaviour/UnityOnBecameInvisibleMessageListener.cs
 0.2 kb	 0.0% Packages/com.unity.render-pipelines.high-definition/Runtime/Water/ShaderVariablesWater.cs
 0.2 kb	 0.0% Packages/com.unity.render-pipelines.high-definition/Runtime/Water/HDRenderPipeline.WaterSystem.Wireframe.cs
 0.2 kb	 0.0% Packages/com.unity.render-pipelines.high-definition/Runtime/Water/HDRenderPipeline.WaterSystem.Utilities.cs
 0.2 kb	 0.0% Packages/com.unity.render-pipelines.high-definition/Runtime/Water/HDRenderPipeline.WaterSystem.Underwater.cs
 0.2 kb	 0.0% Packages/com.unity.render-pipelines.high-definition/Runtime/RenderPipeline/Settings/FrameSettings.Migration.cs
 0.2 kb	 0.0% Packages/com.unity.render-pipelines.high-definition/Runtime/RenderPipeline/HDRenderPipeline.RenderGraphUtils.cs
 0.2 kb	 0.0% Packages/com.unity.render-pipelines.high-definition/Runtime/Material/LTCAreaLight/BRDF/BRDF_KajiyaKaySpecular.cs
 0.2 kb	 0.0% Packages/com.unity.render-pipelines.high-definition/Runtime/Lighting/Shadow/HDRenderPipeline.ScreenSpaceShadows.cs
 0.2 kb	 0.0% Packages/com.unity.render-pipelines.high-definition/Runtime/Lighting/ScreenSpaceLighting/HDRenderPipeline.AmbientOcclusion.cs
 0.2 kb	 0.0% Packages/com.unity.render-pipelines.high-definition/Runtime/Compositor/CompositionProfile.cs
 0.2 kb	 0.0% Packages/com.unity.render-pipelines.high-definition/Runtime/Compositor/CompositionManager.cs
 0.2 kb	 0.0% Packages/com.unity.render-pipelines.high-definition/Runtime/Compositor/CompositionFilter.cs
 0.2 kb	 0.0% Packages/com.unity.render-pipelines.core/Runtime/RenderPipeline/RenderPipelineGlobalSettingsUtils.cs
 0.2 kb	 0.0% Packages/com.unity.render-pipelines.core/Runtime/RenderGraph/RenderGraphResourceRegistry.cs
 0.2 kb	 0.0% Packages/com.unity.render-pipelines.core/Runtime/RenderGraph/RenderGraphDefaultResources.cs
 0.2 kb	 0.0% Packages/com.unity.render-pipelines.core/Runtime/RenderGraph/Compiler/ResourcesData.cs
 0.2 kb	 0.0% Packages/com.unity.render-pipelines.core/Runtime/Lighting/ProbeVolume/ProbeVolumeConstantRuntimeResources.cs
 0.2 kb	 0.0% Packages/com.unity.render-pipelines.core/Runtime/Lighting/ProbeVolume/IProbeVolumeEnabledRenderPipeline.cs
 0.2 kb	 0.0% Packages/com.unity.visualscripting/Runtime/VisualScripting.Core/Dependencies/FullSerializer/Converters/Unity/GUIStyleState_DirectConverter.cs
 0.2 kb	 0.0% Packages/com.unity.visualscripting/Runtime/VisualScripting.Core/Dependencies/FullSerializer/Converters/Unity/AnimationCurve_DirectConverter.cs
 0.2 kb	 0.0% Packages/com.unity.visualeffectgraph/Runtime/Utilities/Playables/VisualEffectControl/VisualEffectControlTrackMixerBehaviour.cs
 0.2 kb	 0.0% Packages/com.unity.rendering.light-transport/Runtime/UnifiedRayTracing/IRayTracingAccelStruct.cs
 0.2 kb	 0.0% Packages/com.unity.rendering.light-transport/Runtime/UnifiedRayTracing/Hardware/HardwareRayTracingShader.cs
 0.2 kb	 0.0% Packages/com.unity.rendering.light-transport/Runtime/UnifiedRayTracing/Compute/ComputeRayTracingShader.cs
 0.2 kb	 0.0% Packages/com.unity.rendering.light-transport/Runtime/UnifiedRayTracing/Compute/ComputeRayTracingBackend.cs
 0.2 kb	 0.0% Packages/com.unity.render-pipelines.high-definition/Runtime/Water/WaterAmplitudeEvaluator.cs
 0.2 kb	 0.0% Packages/com.unity.render-pipelines.high-definition/Runtime/Water/Timeline/WaterSurfaceBehaviour.cs
 0.2 kb	 0.0% Packages/com.unity.render-pipelines.high-definition/Runtime/Water/HDRenderPipeline.WaterSystem.Decals.cs
 0.2 kb	 0.0% Packages/com.unity.render-pipelines.high-definition/Runtime/Water/HDRenderPipeline.WaterSystem.Debug.cs
 0.2 kb	 0.0% Packages/com.unity.render-pipelines.high-definition/Runtime/Utilities/ProbeSettingsUtilities.cs
 0.2 kb	 0.0% Packages/com.unity.render-pipelines.high-definition/Runtime/Utilities/CameraSettingsUtilities.cs
 0.2 kb	 0.0% Packages/com.unity.render-pipelines.high-definition/Runtime/Utilities/CameraPositionSettings.cs
 0.2 kb	 0.0% Packages/com.unity.render-pipelines.high-definition/Runtime/ShaderLibrary/ShaderVariablesGlobal.cs
 0.2 kb	 0.0% Packages/com.unity.render-pipelines.high-definition/Runtime/Settings/HDRPRayTracingResources.cs
 0.2 kb	 0.0% Packages/com.unity.render-pipelines.high-definition/Runtime/RenderPipelineResources/ComputeMaterialLibrary.cs
 0.2 kb	 0.0% Packages/com.unity.render-pipelines.high-definition/Runtime/RenderPipeline/Utility/Texture3DAtlasDynamic.cs
 0.2 kb	 0.0% Packages/com.unity.render-pipelines.high-definition/Runtime/RenderPipeline/Settings/ScalableSettingSchemaId.cs
 0.2 kb	 0.0% Packages/com.unity.render-pipelines.high-definition/Runtime/RenderPipeline/Settings/ScalableSettingSchema.cs
 0.2 kb	 0.0% Packages/com.unity.render-pipelines.high-definition/Runtime/RenderPipeline/Settings/RenderPipelineSettings.cs
 0.2 kb	 0.0% Packages/com.unity.render-pipelines.high-definition/Runtime/RenderPipeline/Settings/FrameSettingsDefaults.cs
 0.2 kb	 0.0% Packages/com.unity.render-pipelines.high-definition/Runtime/RenderPipeline/RenderPass/DrawRenderersCustomPass.cs
 0.2 kb	 0.0% Packages/com.unity.render-pipelines.high-definition/Runtime/RenderPipeline/RenderPass/DepthPyramidConstants.cs
 0.2 kb	 0.0% Packages/com.unity.render-pipelines.high-definition/Runtime/RenderPipeline/RenderPass/AOV/RenderOutputProperties.cs
 0.2 kb	 0.0% Packages/com.unity.render-pipelines.high-definition/Runtime/RenderPipeline/RenderPass/AOV/AOVRequestDataCollection.cs
 0.2 kb	 0.0% Packages/com.unity.render-pipelines.high-definition/Runtime/RenderPipeline/Raytracing/HDRaytracingLightCluster.cs
 0.2 kb	 0.0% Packages/com.unity.render-pipelines.high-definition/Runtime/RenderPipeline/Raytracing/HDDiffuseShadowDenoiser.cs
 0.2 kb	 0.0% Packages/com.unity.render-pipelines.high-definition/Runtime/RenderPipeline/LineRendering/HDRenderPipeline.LineRendering.cs
 0.2 kb	 0.0% Packages/com.unity.render-pipelines.high-definition/Runtime/RenderPipeline/HDRenderPipelineAsset.cs
 0.2 kb	 0.0% Packages/com.unity.render-pipelines.high-definition/Runtime/RenderPipeline/HDRenderPipeline.VolumetricCloud.cs
 0.2 kb	 0.0% Packages/com.unity.render-pipelines.high-definition/Runtime/RenderPipeline/HDRenderPipeline.CloudBackground.cs
 0.2 kb	 0.0% Packages/com.unity.render-pipelines.high-definition/Runtime/RenderPipeline/Camera/HDAdditionalCameraData.cs
 0.2 kb	 0.0% Packages/com.unity.render-pipelines.high-definition/Runtime/Material/RenderPipelineMaterial.cs
 0.2 kb	 0.0% Packages/com.unity.render-pipelines.high-definition/Runtime/Material/DiffusionProfile/DiffusionProfileSettings.cs
 0.2 kb	 0.0% Packages/com.unity.render-pipelines.high-definition/Runtime/Lighting/Shadow/HDCachedShadowManager.cs
 0.2 kb	 0.0% Packages/com.unity.render-pipelines.high-definition/Runtime/Lighting/ScreenSpaceLighting/ScreenSpaceRefraction.cs
 0.2 kb	 0.0% Packages/com.unity.render-pipelines.high-definition/Runtime/Lighting/ScreenSpaceLighting/ScreenSpaceReflection.cs
 0.2 kb	 0.0% Packages/com.unity.render-pipelines.high-definition/Runtime/Lighting/Reflection/PlanarReflectionProbe.cs
 0.2 kb	 0.0% Packages/com.unity.render-pipelines.high-definition/Runtime/Lighting/Reflection/HDProbeCullingResults.cs
 0.2 kb	 0.0% Packages/com.unity.render-pipelines.high-definition/Runtime/Lighting/LightLoop/GlobalLightLoopSettings.cs
 0.2 kb	 0.0% Packages/com.unity.render-pipelines.high-definition/Runtime/Lighting/Light/HDShadowRequestUpdateJob.cs
 0.2 kb	 0.0% Packages/com.unity.render-pipelines.high-definition/Runtime/Lighting/Light/HDShadowRequestDatabase.cs
 0.2 kb	 0.0% Packages/com.unity.render-pipelines.high-definition/Runtime/Lighting/Light/HDLightRenderDatabase.cs
 0.2 kb	 0.0% Packages/com.unity.render-pipelines.high-definition/Runtime/Lighting/Light/HDGpuLightsBuilder.LightLoop.cs
 0.2 kb	 0.0% Packages/com.unity.render-pipelines.high-definition/Runtime/Lighting/Light/HDAdditionalLightData.cs
 0.2 kb	 0.0% Packages/com.unity.render-pipelines.high-definition/Runtime/Lighting/Light/HDAdditionalLightData.Types.cs
 0.2 kb	 0.0% Packages/com.unity.render-pipelines.high-definition/Runtime/Lighting/HDRenderPipeline.ProbeHelpers.cs
 0.2 kb	 0.0% Packages/com.unity.render-pipelines.high-definition/Runtime/Lighting/GlobalIlluminationUtils.cs
 0.2 kb	 0.0% Packages/com.unity.render-pipelines.high-definition/Runtime/Lighting/AtmosphericScattering/AtmosphericScattering.cs
 0.2 kb	 0.0% Packages/com.unity.render-pipelines.high-definition/Runtime/Debug/TransparencyDebug.cs
 0.2 kb	 0.0% Packages/com.unity.render-pipelines.high-definition/Runtime/Debug/LightingDebug.cs
 0.2 kb	 0.0% Packages/com.unity.render-pipelines.high-definition/Runtime/Debug/HDVolumeDebugSettings.cs
 0.2 kb	 0.0% Packages/com.unity.render-pipelines.high-definition/Runtime/Debug/HDDebugDisplaySettings.cs
 0.2 kb	 0.0% Packages/com.unity.render-pipelines.core/Runtime/RenderGraph/RenderGraphResourceRendererList.cs
 0.2 kb	 0.0% Packages/com.unity.render-pipelines.core/Runtime/RenderGraph/Compiler/PassesData.cs
 0.2 kb	 0.0% Packages/com.unity.render-pipelines.core/Runtime/GPUDriven/OccluderDepthPyramidConstants.cs
 0.2 kb	 0.0% Packages/com.unity.render-pipelines.core/Runtime/GPUDriven/Debug/DebugDisplayGPUResidentDrawer.cs
 0.2 kb	 0.0% Packages/com.unity.collections/Unity.Collections/GenerateTestsForBurstCompatibilityAttribute.cs
 0.2 kb	 0.0% Packages/com.unity.visualscripting/Runtime/VisualScripting.Core/SerializedProperties/SerializedPropertyProviderAttribute.cs
 0.2 kb	 0.0% Packages/com.unity.visualscripting/Runtime/VisualScripting.Core/Listeners/UIInterfaces/UnityOnPointerExitMessageListener.cs
 0.2 kb	 0.0% Packages/com.unity.visualscripting/Runtime/VisualScripting.Core/Listeners/UIInterfaces/UnityOnPointerEnterMessageListener.cs
 0.2 kb	 0.0% Packages/com.unity.visualscripting/Runtime/VisualScripting.Core/Listeners/UIInterfaces/UnityOnPointerDownMessageListener.cs
 0.2 kb	 0.0% Packages/com.unity.visualscripting/Runtime/VisualScripting.Core/Listeners/UIInterfaces/UnityOnPointerClickMessageListener.cs
 0.2 kb	 0.0% Packages/com.unity.visualscripting/Runtime/VisualScripting.Core/Listeners/UI/UnityOnButtonClickMessageListener.cs
 0.2 kb	 0.0% Packages/com.unity.visualscripting/Runtime/VisualScripting.Core/Listeners/MonoBehaviour/UnityOnTriggerEnterMessageListener.cs
 0.2 kb	 0.0% Packages/com.unity.visualscripting/Runtime/VisualScripting.Core/Listeners/MonoBehaviour/UnityOnJointBreak2DMessageListener.cs
 0.2 kb	 0.0% Packages/com.unity.visualscripting/Runtime/VisualScripting.Core/Listeners/MonoBehaviour/UnityOnCollisionStayMessageListener.cs
 0.2 kb	 0.0% Packages/com.unity.visualscripting/Runtime/VisualScripting.Core/Listeners/MonoBehaviour/UnityOnCollisionExitMessageListener.cs
 0.2 kb	 0.0% Packages/com.unity.visualscripting/Runtime/VisualScripting.Core/Listeners/MonoBehaviour/UnityOnCollisionEnterMessageListener.cs
 0.2 kb	 0.0% Packages/com.unity.visualscripting/Runtime/VisualScripting.Core/Listeners/MonoBehaviour/UnityOnBecameVisibleMessageListener.cs
 0.2 kb	 0.0% Packages/com.unity.visualscripting/Runtime/VisualScripting.Core/EditorBinding/Inspector/InspectorActionDirectionAttribute.cs
 0.2 kb	 0.0% Packages/com.unity.visualscripting/Runtime/VisualScripting.Core/EditorBinding/Inspector/InspectViaImplementationsAttribute.cs
 0.2 kb	 0.0% Packages/com.unity.visualscripting/Runtime/VisualScripting.Core/Dependencies/FullSerializer/Internal/fsCyclicReferenceManager.cs
 0.2 kb	 0.0% Packages/com.unity.visualscripting/Runtime/VisualScripting.Core/Dependencies/FullSerializer/Converters/Unity/UnityEvent_Converter.cs
 0.2 kb	 0.0% Packages/com.unity.render-pipelines.high-definition/Runtime/RenderPipeline/HDRenderPipeline.RenderGraph.cs
 0.2 kb	 0.0% Packages/com.unity.render-pipelines.high-definition/Runtime/RenderPipeline/HDRenderPipeline.PostProcess.cs
 0.2 kb	 0.0% Packages/com.unity.render-pipelines.high-definition/Runtime/RenderPipeline/HDRenderPipeline.LightLoop.cs
 0.2 kb	 0.0% Packages/com.unity.render-pipelines.high-definition/Runtime/Material/LTCAreaLight/Generated/LtcData.BRDF_KajiyaKaySpecular.cs
 0.2 kb	 0.0% Packages/com.unity.render-pipelines.high-definition/Runtime/Material/LTCAreaLight/BRDF/BRDF_CookTorrance.cs
 0.2 kb	 0.0% Packages/com.unity.render-pipelines.high-definition/Runtime/Lighting/VolumetricClouds/VolumetricCloudsDef.cs
 0.2 kb	 0.0% Packages/com.unity.render-pipelines.high-definition/Runtime/Lighting/Reflection/Volume/InfluenceVolume.Migration.cs
 0.2 kb	 0.0% Packages/com.unity.render-pipelines.high-definition/Runtime/Lighting/Light/HDGpuLightsBuilder.Jobs.cs
 0.2 kb	 0.0% Packages/com.unity.render-pipelines.high-definition/Runtime/Compositor/ShaderProperty.cs
 0.2 kb	 0.0% Packages/com.unity.render-pipelines.high-definition/Runtime/Compositor/CompositionLayer.cs
 0.2 kb	 0.0% Packages/com.unity.render-pipelines.high-definition/Runtime/Compositor/AlphaInjection.cs
 0.2 kb	 0.0% Packages/com.unity.render-pipelines.core/Runtime/Utilities/CoreRenderPipelinePreferences.cs
 0.2 kb	 0.0% Packages/com.unity.render-pipelines.core/Runtime/Settings/IDefaultVolumeProfileSettings.cs
 0.2 kb	 0.0% Packages/com.unity.render-pipelines.core/Runtime/RenderGraph/RenderGraphResourcePool.cs
 0.2 kb	 0.0% Packages/com.unity.render-pipelines.core/Runtime/RenderGraph/RenderGraphObjectPool.cs
 0.2 kb	 0.0% Packages/com.unity.render-pipelines.core/Runtime/RenderGraph/Debug/RenderGraphDebugParams.cs
 0.2 kb	 0.0% Packages/com.unity.render-pipelines.core/Runtime/RenderGraph/Debug/DebugDisplaySettingsRenderGraph.cs
 0.2 kb	 0.0% Packages/com.unity.render-pipelines.core/Runtime/Lighting/ProbeVolume/ProbeVolumeBakingProcessSettings.cs
 0.2 kb	 0.0% Packages/com.unity.render-pipelines.core/Runtime/Debugging/Prefabs/Scripts/DebugUIHandlerPersistentCanvas.cs
 0.2 kb	 0.0% Packages/com.unity.render-pipelines.core/Runtime/Debugging/Prefabs/Scripts/DebugUIHandlerObjectPopupField.cs
 0.2 kb	 0.0% Packages/com.unity.render-pipelines.core/Runtime/Debugging/Prefabs/Scripts/DebugUIHandlerIndirectFloatField.cs
 0.2 kb	 0.0% Packages/com.unity.render-pipelines.core/Runtime/Debugging/DebugDisplaySettingsHDROutput.cs
 0.2 kb	 0.0% Packages/com.unity.render-pipelines.core/Runtime/Common/GlobalDynamicResolutionSettings.cs
 0.2 kb	 0.0% Packages/com.unity.visualscripting/Runtime/VisualScripting.Core/Listeners/MonoBehaviour/UnityOnTriggerStay2DMListener.cs
 0.2 kb	 0.0% Packages/com.unity.visualscripting/Runtime/VisualScripting.Core/Listeners/MonoBehaviour/UnityOnTriggerExit2DMListener.cs
 0.2 kb	 0.0% Packages/com.unity.visualscripting/Runtime/VisualScripting.Core/Listeners/MonoBehaviour/UnityOnTriggerEnter2DMListener.cs
 0.2 kb	 0.0% Packages/com.unity.visualscripting/Runtime/VisualScripting.Core/Dependencies/FullSerializer/fsISerializationCallbacks.cs
 0.2 kb	 0.0% Packages/com.unity.visualscripting/Runtime/VisualScripting.Core/Dependencies/FullSerializer/Converters/Unity/RectOffset_DirectConverter.cs
 0.2 kb	 0.0% Packages/com.unity.visualscripting/Runtime/VisualScripting.Core/Dependencies/FullSerializer/Converters/Unity/LayerMask_DirectConverter.cs
 0.2 kb	 0.0% Packages/com.unity.visualeffectgraph/Runtime/Utilities/PropertyBinding/Implementation/VFXHierarchyAttributeMapBinder.cs
 0.2 kb	 0.0% Packages/com.unity.visualeffectgraph/Runtime/Utilities/Playables/VisualEffectControl/VisualEffectControlPlayableBehaviour.cs
 0.2 kb	 0.0% Packages/com.unity.visualeffectgraph/Runtime/Utilities/Playables/VisualEffectActivationDeprecated/VisualEffectActivationTrackMigration.cs
 0.2 kb	 0.0% Packages/com.unity.visualeffectgraph/Runtime/Utilities/OutputEventHandlers/VFXOutputEventAbstractHandler.cs
 0.2 kb	 0.0% Packages/com.unity.visualeffectgraph/Runtime/Utilities/EventBinding/Implementation/VFXRigidBodyCollisionEventBinder.cs
 0.2 kb	 0.0% Packages/com.unity.rendering.light-transport/Runtime/UnifiedRayTracing/RayTracingResources.cs
 0.2 kb	 0.0% Packages/com.unity.rendering.light-transport/Runtime/UnifiedRayTracing/RayTracingContext.cs
 0.2 kb	 0.0% Packages/com.unity.rendering.light-transport/Runtime/UnifiedRayTracing/IRayTracingShader.cs
 0.2 kb	 0.0% Packages/com.unity.rendering.light-transport/Runtime/UnifiedRayTracing/IRayTracingBackend.cs
 0.2 kb	 0.0% Packages/com.unity.rendering.light-transport/Runtime/UnifiedRayTracing/Compute/BLASPositionsPool.cs
 0.2 kb	 0.0% Packages/com.unity.rendering.light-transport/Runtime/UnifiedRayTracing/Common/GeometryPool/GeometryPoolDefs.cs
 0.2 kb	 0.0% Packages/com.unity.rendering.light-transport/Runtime/UnifiedRayTracing/Common/AccelStructInstances.cs
 0.2 kb	 0.0% Packages/com.unity.rendering.light-transport/Runtime/UnifiedRayTracing/Common/AccelStructAdapter.cs
 0.2 kb	 0.0% Packages/com.unity.render-pipelines.high-definition/Runtime/Water/WaterSurface/WaterSurface.Presets.cs
 0.2 kb	 0.0% Packages/com.unity.render-pipelines.high-definition/Runtime/Water/WaterDecal/Legacy/WaterFoamGenerator.cs
 0.2 kb	 0.0% Packages/com.unity.render-pipelines.high-definition/Runtime/Water/Timeline/WaterSurfaceTrack.cs
 0.2 kb	 0.0% Packages/com.unity.render-pipelines.high-definition/Runtime/Water/Timeline/WaterPlayableAsset.cs
 0.2 kb	 0.0% Packages/com.unity.render-pipelines.high-definition/Runtime/Water/HDRenderPipeline.WaterSystem.cs
 0.2 kb	 0.0% Packages/com.unity.render-pipelines.high-definition/Runtime/Utilities/HDTextureUtilities.cs
 0.2 kb	 0.0% Packages/com.unity.render-pipelines.high-definition/Runtime/Utilities/HDRenderUtilities.cs
 0.2 kb	 0.0% Packages/com.unity.render-pipelines.high-definition/Runtime/Utilities/HDBakingUtilities.cs
 0.2 kb	 0.0% Packages/com.unity.render-pipelines.high-definition/Runtime/Sky/VisualEnvironment.cs
 0.2 kb	 0.0% Packages/com.unity.render-pipelines.high-definition/Runtime/Sky/StaticLightingSky.cs
 0.2 kb	 0.0% Packages/com.unity.render-pipelines.high-definition/Runtime/Sky/SkyRenderingContext.cs
 0.2 kb	 0.0% Packages/com.unity.render-pipelines.high-definition/Runtime/Sky/PhysicallyBasedSky/PhysicallyBasedSky.cs
 0.2 kb	 0.0% Packages/com.unity.render-pipelines.high-definition/Runtime/Sky/GradientSky/GradientSkyRenderer.cs
 0.2 kb	 0.0% Packages/com.unity.render-pipelines.high-definition/Runtime/Sky/CloudSystem/CloudLayer/CloudLayerRenderer.cs
 0.2 kb	 0.0% Packages/com.unity.render-pipelines.high-definition/Runtime/ShaderLibrary/ShaderVariablesXR.cs
 0.2 kb	 0.0% Packages/com.unity.render-pipelines.high-definition/Runtime/Settings/SpecularFadeSettings.cs
 0.2 kb	 0.0% Packages/com.unity.render-pipelines.high-definition/Runtime/Settings/RenderGraphSettings.cs
 0.2 kb	 0.0% Packages/com.unity.render-pipelines.high-definition/Runtime/Settings/ColorGradingSettings.cs
 0.2 kb	 0.0% Packages/com.unity.render-pipelines.high-definition/Runtime/Scripting/GameObjectExtension.cs
 0.2 kb	 0.0% Packages/com.unity.render-pipelines.high-definition/Runtime/RenderPipeline/WorldLightManager.cs
 0.2 kb	 0.0% Packages/com.unity.render-pipelines.high-definition/Runtime/RenderPipeline/WorldLightCulling.cs
 0.2 kb	 0.0% Packages/com.unity.render-pipelines.high-definition/Runtime/RenderPipeline/Settings/FrameSettingsHistory.cs
 0.2 kb	 0.0% Packages/com.unity.render-pipelines.high-definition/Runtime/RenderPipeline/Settings/CaptureSettings.cs
 0.2 kb	 0.0% Packages/com.unity.render-pipelines.high-definition/Runtime/RenderPipeline/SceneViewDrawMode.cs
 0.2 kb	 0.0% Packages/com.unity.render-pipelines.high-definition/Runtime/RenderPipeline/RenderPass/ObjectIDCustomPass.cs
 0.2 kb	 0.0% Packages/com.unity.render-pipelines.high-definition/Runtime/RenderPipeline/RenderPass/FullScreenCustomPass.cs
 0.2 kb	 0.0% Packages/com.unity.render-pipelines.high-definition/Runtime/RenderPipeline/RenderPass/CustomPass/CustomPassContext.cs
 0.2 kb	 0.0% Packages/com.unity.render-pipelines.high-definition/Runtime/RenderPipeline/RenderPass/AOV/AOVRequestBuilder.cs
 0.2 kb	 0.0% Packages/com.unity.render-pipelines.high-definition/Runtime/RenderPipeline/Raytracing/RecursiveRendering.cs
 0.2 kb	 0.0% Packages/com.unity.render-pipelines.high-definition/Runtime/RenderPipeline/Raytracing/ReblurDenoiser.cs
 0.2 kb	 0.0% Packages/com.unity.render-pipelines.high-definition/Runtime/RenderPipeline/Raytracing/RayTracingSettings.cs
 0.2 kb	 0.0% Packages/com.unity.render-pipelines.high-definition/Runtime/RenderPipeline/Raytracing/RayTracingMode.cs
 0.2 kb	 0.0% Packages/com.unity.render-pipelines.high-definition/Runtime/RenderPipeline/Raytracing/RayCastingMode.cs
 0.2 kb	 0.0% Packages/com.unity.render-pipelines.high-definition/Runtime/RenderPipeline/Raytracing/HDReflectionDenoiser.cs
 0.2 kb	 0.0% Packages/com.unity.render-pipelines.high-definition/Runtime/RenderPipeline/Raytracing/HDDiffuseDenoiser.cs
 0.2 kb	 0.0% Packages/com.unity.render-pipelines.high-definition/Runtime/RenderPipeline/HDStringConstants.cs
 0.2 kb	 0.0% Packages/com.unity.render-pipelines.high-definition/Runtime/RenderPipeline/HDRenderPipeline.Prepass.cs
 0.2 kb	 0.0% Packages/com.unity.render-pipelines.high-definition/Runtime/RenderPipeline/HDRenderPipeline.LookDev.cs
 0.2 kb	 0.0% Packages/com.unity.render-pipelines.high-definition/Runtime/RenderPipeline/HDRenderPipeline.Debug.cs
 0.2 kb	 0.0% Packages/com.unity.render-pipelines.high-definition/Runtime/RenderPipeline/HDComputeThickness.cs
 0.2 kb	 0.0% Packages/com.unity.render-pipelines.high-definition/Runtime/RenderPipeline/CullingGroupManager.cs
 0.2 kb	 0.0% Packages/com.unity.render-pipelines.high-definition/Runtime/PostProcessing/Components/ScreenSpaceLensFlare.cs
 0.2 kb	 0.0% Packages/com.unity.render-pipelines.high-definition/Runtime/PostProcessing/Components/ChromaticAberration.cs
 0.2 kb	 0.0% Packages/com.unity.render-pipelines.high-definition/Runtime/Material/SubsurfaceScattering/SubSurfaceScattering.cs
 0.2 kb	 0.0% Packages/com.unity.render-pipelines.high-definition/Runtime/Material/MaterialExtension.cs
 0.2 kb	 0.0% Packages/com.unity.render-pipelines.high-definition/Runtime/Material/LTCAreaLight/Generated/LtcData.BRDF_CookTorrance.cs
 0.2 kb	 0.0% Packages/com.unity.render-pipelines.high-definition/Runtime/Material/Decal/GlobalDecalSettings.cs
 0.2 kb	 0.0% Packages/com.unity.render-pipelines.high-definition/Runtime/Lighting/VolumetricLighting/LocalVolumetricFog.cs
 0.2 kb	 0.0% Packages/com.unity.render-pipelines.high-definition/Runtime/Lighting/Shadow/HDShadowCullingUtils.cs
 0.2 kb	 0.0% Packages/com.unity.render-pipelines.high-definition/Runtime/Lighting/Shadow/HDDynamicShadowAtlas.cs
 0.2 kb	 0.0% Packages/com.unity.render-pipelines.high-definition/Runtime/Lighting/Shadow/HDCachedShadowAtlas.cs
 0.2 kb	 0.0% Packages/com.unity.render-pipelines.high-definition/Runtime/Lighting/ScreenSpaceLighting/BilateralUpsampleDef.cs
 0.2 kb	 0.0% Packages/com.unity.render-pipelines.high-definition/Runtime/Lighting/Reflection/Volume/InfluenceVolume.Editor.cs
 0.2 kb	 0.0% Packages/com.unity.render-pipelines.high-definition/Runtime/Lighting/LightLoop/LightLoop.cs
 0.2 kb	 0.0% Packages/com.unity.render-pipelines.high-definition/Runtime/Lighting/LightDefinition.cs
 0.2 kb	 0.0% Packages/com.unity.render-pipelines.high-definition/Runtime/Lighting/LightCookieManager.cs
 0.2 kb	 0.0% Packages/com.unity.render-pipelines.high-definition/Runtime/Lighting/Light/HDGpuLightsBuilder.cs
 0.2 kb	 0.0% Packages/com.unity.render-pipelines.high-definition/Runtime/Lighting/GlobalIllumination.cs
 0.2 kb	 0.0% Packages/com.unity.render-pipelines.high-definition/Runtime/Lighting/DiffusionProfileList.cs
 0.2 kb	 0.0% Packages/com.unity.render-pipelines.high-definition/Runtime/Debug/MonitorsDebug.cs
 0.2 kb	 0.0% Packages/com.unity.render-pipelines.high-definition/Runtime/Debug/HDDebugDisplayStats.cs
 0.2 kb	 0.0% Packages/com.unity.render-pipelines.high-definition/Runtime/Debug/GPUInlineDebugDrawer.cs
 0.2 kb	 0.0% Packages/com.unity.render-pipelines.high-definition/Runtime/Debug/FalseColorDebug.cs
 0.2 kb	 0.0% Packages/com.unity.render-pipelines.high-definition/Runtime/Debug/DebugLightVolumes.cs
 0.2 kb	 0.0% Packages/com.unity.render-pipelines.high-definition/Runtime/Debug/DebugDisplay.cs
 0.2 kb	 0.0% Packages/com.unity.render-pipelines.high-definition/Runtime/Debug/ColorPickerDebug.cs
 0.2 kb	 0.0% Packages/com.unity.render-pipelines.high-definition/Runtime/Core/Textures/TextureCacheCubemap.cs
 0.2 kb	 0.0% Packages/com.unity.render-pipelines.high-definition/Runtime/Core/Migration/MigrationDescription.cs
 0.2 kb	 0.0% Packages/com.unity.render-pipelines.core/Runtime/XR/XRBuiltinShaderConstants.cs
 0.2 kb	 0.0% Packages/com.unity.render-pipelines.core/Runtime/Settings/IDefaultVolumeProfileResource.cs
 0.2 kb	 0.0% Packages/com.unity.render-pipelines.core/Runtime/RenderGraph/RenderGraphResourceTexture.cs
 0.2 kb	 0.0% Packages/com.unity.render-pipelines.core/Runtime/RenderGraph/IRenderGraphBuilder.cs
 0.2 kb	 0.0% Packages/com.unity.render-pipelines.core/Runtime/GPUDriven/IGPUResidentRenderPipeline.cs
 0.2 kb	 0.0% Packages/com.unity.render-pipelines.core/Runtime/GPUDriven/GPUResidentDrawerResources.cs
 0.2 kb	 0.0% Packages/com.unity.render-pipelines.core/Runtime/GPUDriven/Components/DisallowGPUDrivenRendering.cs
 0.2 kb	 0.0% Packages/com.unity.render-pipelines.core/Runtime-PrivateShared/AssemblyInfo.cs
 0.1 kb	 0.0% Packages/com.unity.visualscripting/Runtime/VisualScripting.Flow/Ports/MissingValuePortInputException.cs
 0.1 kb	 0.0% Packages/com.unity.visualscripting/Runtime/VisualScripting.Flow/EditorBinding/UnitHeaderInspectableAttribute.cs
 0.1 kb	 0.0% Packages/com.unity.visualscripting/Runtime/VisualScripting.Flow/Dependencies/NCalc/LogicalExpressionVisitor.cs
 0.1 kb	 0.0% Packages/com.unity.visualscripting/Runtime/VisualScripting.Core/Variables/VariableDeclarationCollection.cs
 0.1 kb	 0.0% Packages/com.unity.visualscripting/Runtime/VisualScripting.Core/Variables/InspectorVariableNameAttribute.cs
 0.1 kb	 0.0% Packages/com.unity.visualscripting/Runtime/VisualScripting.Core/Serialization/SerializationVersionAttribute.cs
 0.1 kb	 0.0% Packages/com.unity.visualscripting/Runtime/VisualScripting.Core/Listeners/UIInterfaces/UnityOnPointerUpMessageListener.cs
 0.1 kb	 0.0% Packages/com.unity.visualscripting/Runtime/VisualScripting.Core/Listeners/UIInterfaces/UnityOnEndDragMessageListener.cs
 0.1 kb	 0.0% Packages/com.unity.visualscripting/Runtime/VisualScripting.Core/Listeners/UIInterfaces/UnityOnDeselectMessageListener.cs
 0.1 kb	 0.0% Packages/com.unity.visualscripting/Runtime/VisualScripting.Core/Listeners/UIInterfaces/UnityOnBeginDragMessageListener.cs
 0.1 kb	 0.0% Packages/com.unity.visualscripting/Runtime/VisualScripting.Core/Listeners/MonoBehaviour/UnityOnTriggerStayMListener.cs
 0.1 kb	 0.0% Packages/com.unity.visualscripting/Runtime/VisualScripting.Core/Listeners/MonoBehaviour/UnityOnTriggerExitMListener.cs
 0.1 kb	 0.0% Packages/com.unity.visualscripting/Runtime/VisualScripting.Core/Listeners/MonoBehaviour/UnityOnMouseUpMessageListener.cs
 0.1 kb	 0.0% Packages/com.unity.visualscripting/Runtime/VisualScripting.Core/Listeners/MonoBehaviour/UnityOnMouseOverMessageListener.cs
 0.1 kb	 0.0% Packages/com.unity.visualscripting/Runtime/VisualScripting.Core/Listeners/MonoBehaviour/UnityOnMouseExitMessageListener.cs
 0.1 kb	 0.0% Packages/com.unity.visualscripting/Runtime/VisualScripting.Core/Listeners/MonoBehaviour/UnityOnMouseEnterMessageListener.cs
 0.1 kb	 0.0% Packages/com.unity.visualscripting/Runtime/VisualScripting.Core/Listeners/MonoBehaviour/UnityOnMouseDragMessageListener.cs
 0.1 kb	 0.0% Packages/com.unity.visualscripting/Runtime/VisualScripting.Core/Listeners/MonoBehaviour/UnityOnMouseDownMessageListener.cs
 0.1 kb	 0.0% Packages/com.unity.visualscripting/Runtime/VisualScripting.Core/Listeners/MonoBehaviour/UnityOnJointBreakMessageListener.cs
 0.1 kb	 0.0% Packages/com.unity.visualscripting/Runtime/VisualScripting.Core/Exceptions/InvalidImplementationException.cs
 0.1 kb	 0.0% Packages/com.unity.visualscripting/Runtime/VisualScripting.Core/EditorBinding/Inspector/InspectorExpandTooltipAttribute.cs
 0.1 kb	 0.0% Packages/com.unity.visualscripting/Runtime/VisualScripting.Core/EditorBinding/Inspector/InspectorAdaptiveWidthAttribute.cs
 0.1 kb	 0.0% Packages/com.unity.visualscripting/Runtime/VisualScripting.Core/Dependencies/FullSerializer/Internal/fsPortableReflection.cs
 0.1 kb	 0.0% Packages/com.unity.visualscripting/Runtime/VisualScripting.Core/Attributes/VisualScriptingHelpURLAttribute.cs
 0.1 kb	 0.0% Packages/com.unity.render-pipelines.high-definition/Runtime/RenderPipeline/Raytracing/HDRaytracingManager.cs
 0.1 kb	 0.0% Packages/com.unity.render-pipelines.high-definition/Runtime/RenderPipeline/LineRendering/Core/RenderPass/LineRendering.Pass.Rasterization.cs
 0.1 kb	 0.0% Packages/com.unity.render-pipelines.high-definition/Runtime/RenderPipeline/LineRendering/Core/LineRendering.InstanceManagement.cs
 0.1 kb	 0.0% Packages/com.unity.render-pipelines.high-definition/Runtime/RenderPipeline/HDRenderPipeline.STP.cs
 0.1 kb	 0.0% Packages/com.unity.render-pipelines.high-definition/Runtime/Material/LTCAreaLight/Generated/LtcData.BRDF_OrenNayar.cs
 0.1 kb	 0.0% Packages/com.unity.render-pipelines.high-definition/Runtime/Material/LTCAreaLight/BRDF/BRDF_OrenNayar.cs
 0.1 kb	 0.0% Packages/com.unity.render-pipelines.high-definition/Runtime/Material/LTCAreaLight/BRDF/BRDF_Marschner.cs
 0.1 kb	 0.0% Packages/com.unity.render-pipelines.high-definition/Runtime/Lighting/SphericalHarmonics.cs
 0.1 kb	 0.0% Packages/com.unity.render-pipelines.high-definition/Runtime/Lighting/Reflection/Volume/ProxyVolume.Migration.cs
 0.1 kb	 0.0% Packages/com.unity.render-pipelines.high-definition/Runtime/Lighting/ProbeVolume/ProbeVolumeLighting.cs
 0.1 kb	 0.0% Packages/com.unity.render-pipelines.high-definition/Runtime/Core/Textures/Texture2DAtlasDynamic.cs
 0.1 kb	 0.0% Packages/com.unity.render-pipelines.high-definition/Runtime/Compositor/CustomClear.cs
 0.1 kb	 0.0% Packages/com.unity.render-pipelines.high-definition/Runtime/Compositor/ChromaKeying.cs
 0.1 kb	 0.0% Packages/com.unity.render-pipelines.core/Runtime/Utilities/BatchRendererGroupGlobals.cs
 0.1 kb	 0.0% Packages/com.unity.render-pipelines.core/Runtime/Settings/IncludeRenderPipelineAsset.cs
 0.1 kb	 0.0% Packages/com.unity.render-pipelines.core/Runtime/STP/ISTPEnabledRenderPipeline.cs
 0.1 kb	 0.0% Packages/com.unity.render-pipelines.core/Runtime/RenderGraph/RenderGraphUtilsBlit.cs
 0.1 kb	 0.0% Packages/com.unity.render-pipelines.core/Runtime/RenderGraph/RenderGraphResourceBuffer.cs
 0.1 kb	 0.0% Packages/com.unity.render-pipelines.core/Runtime/RenderGraph/RenderGraphLogger.cs
 0.1 kb	 0.0% Packages/com.unity.render-pipelines.core/Runtime/RenderGraph/RenderGraphGlobalSettings.cs
 0.1 kb	 0.0% Packages/com.unity.render-pipelines.core/Runtime/RenderGraph/RenderGraphBuilders.cs
 0.1 kb	 0.0% Packages/com.unity.render-pipelines.core/Runtime/RenderGraph/RenderGraphBuilder.cs
 0.1 kb	 0.0% Packages/com.unity.render-pipelines.core/Runtime/RenderGraph/IRenderGraphRecorder.cs
 0.1 kb	 0.0% Packages/com.unity.render-pipelines.core/Runtime/Lighting/ProbeVolume/ShaderVariablesProbeVolumes.cs
 0.1 kb	 0.0% Packages/com.unity.render-pipelines.core/Runtime/Lighting/ProbeVolume/ProbeVolumeStreamableAsset.cs
 0.1 kb	 0.0% Packages/com.unity.render-pipelines.core/Runtime/Lighting/ProbeVolume/ProbeVolumeScratchBufferPool.cs
 0.1 kb	 0.0% Packages/com.unity.render-pipelines.core/Runtime/Lighting/ProbeVolume/ProbeVolumeGlobalSettings.cs
 0.1 kb	 0.0% Packages/com.unity.render-pipelines.core/Runtime/GPUDriven/InstanceData/InstanceWindDataUpdateDefs.cs
 0.1 kb	 0.0% Packages/com.unity.render-pipelines.core/Runtime/GPUDriven/InstanceData/InstanceTransformUpdateDefs.cs
 0.1 kb	 0.0% Packages/com.unity.render-pipelines.core/Runtime/GPUDriven/InstanceData/GPUInstanceDataUploader.cs
 0.1 kb	 0.0% Packages/com.unity.render-pipelines.core/Runtime/GPUDriven/GPUResidentDrawerTypes.cs
 0.1 kb	 0.0% Packages/com.unity.render-pipelines.core/Runtime/Debugging/Prefabs/Scripts/DebugUIHandlerToggleHistory.cs
 0.1 kb	 0.0% Packages/com.unity.render-pipelines.core/Runtime/Debugging/Prefabs/Scripts/DebugUIHandlerProgressBar.cs
 0.1 kb	 0.0% Packages/com.unity.render-pipelines.core/Runtime/Debugging/Prefabs/Scripts/DebugUIHandlerIndirectToggle.cs
 0.1 kb	 0.0% Packages/com.unity.render-pipelines.core/Runtime/Debugging/Prefabs/Scripts/DebugUIHandlerEnumHistory.cs
 0.1 kb	 0.0% Packages/com.unity.render-pipelines.core/Runtime/Debugging/IDebugDisplaySettingsQuery.cs
 0.1 kb	 0.0% Packages/com.unity.render-pipelines.core/Runtime/Debugging/IDebugDisplaySettingsPanel.cs
 0.1 kb	 0.0% Packages/com.unity.render-pipelines.core/Runtime/Debugging/IDebugDisplaySettingsData.cs
 0.1 kb	 0.0% Packages/com.unity.render-pipelines.core/Runtime/Debugging/DebugDisplaySettingsVolumes.cs
 0.1 kb	 0.0% Packages/com.unity.render-pipelines.core/Runtime/Debugging/DebugDisplaySettingsPanel.cs
 0.1 kb	 0.0% Packages/com.unity.visualscripting/Runtime/VisualScripting.Core/Dependencies/FullSerializer/fsExceptions.cs
 0.1 kb	 0.0% Packages/com.unity.visualscripting/Runtime/VisualScripting.Core/Dependencies/FullSerializer/fsAotCompilationManager.cs
 0.1 kb	 0.0% Packages/com.unity.visualscripting/Runtime/VisualScripting.Core/Dependencies/FullSerializer/Converters/fsWeakReferenceConverter.cs
 0.1 kb	 0.0% Packages/com.unity.visualscripting/Runtime/VisualScripting.Core/Dependencies/FullSerializer/Converters/fsKeyValuePairConverter.cs
 0.1 kb	 0.0% Packages/com.unity.visualscripting/Runtime/VisualScripting.Core/Dependencies/FullSerializer/Converters/fsIEnumerableConverter.cs
 0.1 kb	 0.0% Packages/com.unity.visualscripting/Runtime/VisualScripting.Core/Dependencies/FullSerializer/Converters/fsDictionaryConverter.cs
 0.1 kb	 0.0% Packages/com.unity.visualscripting/Runtime/VisualScripting.Core/Dependencies/FullSerializer/Converters/Unity/Keyframe_DirectConverter.cs
 0.1 kb	 0.0% Packages/com.unity.visualscripting/Runtime/VisualScripting.Core/Dependencies/FullSerializer/Converters/Unity/Gradient_DirectConverter.cs
 0.1 kb	 0.0% Packages/com.unity.visualscripting/Runtime/VisualScripting.Core/Dependencies/FullSerializer/Converters/Unity/GUIStyle_DirectConverter.cs
 0.1 kb	 0.0% Packages/com.unity.visualscripting/Runtime/VisualScripting.Core/Dependencies/FullSerializer/Converters/Unity/Bounds_DirectConverter.cs
 0.1 kb	 0.0% Packages/com.unity.visualeffectgraph/Runtime/Utilities/PropertyBinding/VFXPropertyBindingAttribute.cs
 0.1 kb	 0.0% Packages/com.unity.visualeffectgraph/Runtime/Utilities/PropertyBinding/Implementation/VFXPreviousPositionBinder.cs
 0.1 kb	 0.0% Packages/com.unity.visualeffectgraph/Runtime/Utilities/PropertyBinding/Implementation/VFXMultiplePositionBinder.cs
 0.1 kb	 0.0% Packages/com.unity.rendering.light-transport/Runtime/UnifiedRayTracing/Compute/RadeonRays/HlbvhTopLevelBuilder.cs
 0.1 kb	 0.0% Packages/com.unity.rendering.light-transport/Runtime/UnifiedRayTracing/Common/Utilities/GraphicsHelpers.cs
 0.1 kb	 0.0% Packages/com.unity.rendering.light-transport/Runtime/UnifiedRayTracing/Common/Utilities/BlockAllocator.cs
 0.1 kb	 0.0% Packages/com.unity.rendering.light-transport/Runtime/UnifiedRayTracing/Common/Utilities/BackendHelpers.cs
 0.1 kb	 0.0% Packages/com.unity.rendering.light-transport/Runtime/UnifiedRayTracing/Common/TerrainToMesh.cs
 0.1 kb	 0.0% Packages/com.unity.rendering.light-transport/Runtime/Sampling/SamplingResources.cs
 0.1 kb	 0.0% Packages/com.unity.render-pipelines.high-definition/Runtime/Water/WaterRendering.cs
 0.1 kb	 0.0% Packages/com.unity.render-pipelines.high-definition/Runtime/Water/WaterExcluder.cs
 0.1 kb	 0.0% Packages/com.unity.render-pipelines.high-definition/Runtime/Water/WaterDecal/Legacy/WaterDeformer.cs
 0.1 kb	 0.0% Packages/com.unity.render-pipelines.high-definition/Runtime/Utilities/SceneObjectIDMap.cs
 0.1 kb	 0.0% Packages/com.unity.render-pipelines.high-definition/Runtime/Utilities/ProbeSettings.cs
 0.1 kb	 0.0% Packages/com.unity.render-pipelines.high-definition/Runtime/Utilities/CopyFilter.cs
 0.1 kb	 0.0% Packages/com.unity.render-pipelines.high-definition/Runtime/Utilities/CameraSettings.cs
 0.1 kb	 0.0% Packages/com.unity.render-pipelines.high-definition/Runtime/Sky/SkyUpdateContext.cs
 0.1 kb	 0.0% Packages/com.unity.render-pipelines.high-definition/Runtime/Sky/HDRISky/HDRISkyRenderer.cs
 0.1 kb	 0.0% Packages/com.unity.render-pipelines.high-definition/Runtime/Sky/CloudSystem/CloudSettings.cs
 0.1 kb	 0.0% Packages/com.unity.render-pipelines.high-definition/Runtime/Sky/CloudSystem/CloudRenderer.cs
 0.1 kb	 0.0% Packages/com.unity.render-pipelines.high-definition/Runtime/RenderPipeline/Utility/Texture3DAtlas.cs
 0.1 kb	 0.0% Packages/com.unity.render-pipelines.high-definition/Runtime/RenderPipeline/Utility/ReflectionUtils.cs
 0.1 kb	 0.0% Packages/com.unity.render-pipelines.high-definition/Runtime/RenderPipeline/Settings/FrameSettings.cs
 0.1 kb	 0.0% Packages/com.unity.render-pipelines.high-definition/Runtime/RenderPipeline/RenderPass/UpscalerUtils.cs
 0.1 kb	 0.0% Packages/com.unity.render-pipelines.high-definition/Runtime/RenderPipeline/RenderPass/CustomPass/CustomPassVolume.cs
 0.1 kb	 0.0% Packages/com.unity.render-pipelines.high-definition/Runtime/RenderPipeline/RenderPass/CustomPass/CustomPassUtils.cs
 0.1 kb	 0.0% Packages/com.unity.render-pipelines.high-definition/Runtime/RenderPipeline/RenderPass/AOV/AOVRequestData.cs
 0.1 kb	 0.0% Packages/com.unity.render-pipelines.high-definition/Runtime/RenderPipeline/RenderPass/AOV/AOVBuffers.cs
 0.1 kb	 0.0% Packages/com.unity.render-pipelines.high-definition/Runtime/RenderPipeline/Raytracing/HDTemporalFilter.cs
 0.1 kb	 0.0% Packages/com.unity.render-pipelines.high-definition/Runtime/RenderPipeline/MRTBufferManager.cs
 0.1 kb	 0.0% Packages/com.unity.render-pipelines.high-definition/Runtime/RenderPipeline/LineRendering/Core/RenderPass/LineRendering.Pass.Geometry.cs
 0.1 kb	 0.0% Packages/com.unity.render-pipelines.high-definition/Runtime/RenderPipeline/LineRendering/Core/LineRendering.ShadingAtlas.cs
 0.1 kb	 0.0% Packages/com.unity.render-pipelines.high-definition/Runtime/RenderPipeline/HDRenderQueue.cs
 0.1 kb	 0.0% Packages/com.unity.render-pipelines.high-definition/Runtime/RenderPipeline/HDRenderPipeline.cs
 0.1 kb	 0.0% Packages/com.unity.render-pipelines.high-definition/Runtime/RenderPipeline/Accumulation/SubFrameManager.cs
 0.1 kb	 0.0% Packages/com.unity.render-pipelines.high-definition/Runtime/PostProcessing/Components/PaniniProjection.cs
 0.1 kb	 0.0% Packages/com.unity.render-pipelines.high-definition/Runtime/PostProcessing/Components/LiftGammaGain.cs
 0.1 kb	 0.0% Packages/com.unity.render-pipelines.high-definition/Runtime/PostProcessing/Components/LensDistortion.cs
 0.1 kb	 0.0% Packages/com.unity.render-pipelines.high-definition/Runtime/PostProcessing/Components/ColorAdjustments.cs
 0.1 kb	 0.0% Packages/com.unity.render-pipelines.high-definition/Runtime/Material/Water/WaterDecalAPI.cs
 0.1 kb	 0.0% Packages/com.unity.render-pipelines.high-definition/Runtime/Material/TerrainLit/TerrainLitAPI.cs
 0.1 kb	 0.0% Packages/com.unity.render-pipelines.high-definition/Runtime/Material/SphericalCapPivot/SPTDistribution.cs
 0.1 kb	 0.0% Packages/com.unity.render-pipelines.high-definition/Runtime/Material/SphericalCapPivot/PivotData.GGX.cs
 0.1 kb	 0.0% Packages/com.unity.render-pipelines.high-definition/Runtime/Material/ShaderGraphAPI.cs
 0.1 kb	 0.0% Packages/com.unity.render-pipelines.high-definition/Runtime/Material/PreIntegratedFGD/PreIntegratedFGD.cs
 0.1 kb	 0.0% Packages/com.unity.render-pipelines.high-definition/Runtime/Material/LayeredLit/LayeredLitAPI.cs
 0.1 kb	 0.0% Packages/com.unity.render-pipelines.high-definition/Runtime/Material/LTCAreaLight/Generated/LtcData.BRDF_Ward.cs
 0.1 kb	 0.0% Packages/com.unity.render-pipelines.high-definition/Runtime/Material/LTCAreaLight/Generated/LtcData.BRDF_Disney.cs
 0.1 kb	 0.0% Packages/com.unity.render-pipelines.high-definition/Runtime/Material/LTCAreaLight/Generated/LtcData.BRDF_Charlie.cs
 0.1 kb	 0.0% Packages/com.unity.render-pipelines.high-definition/Runtime/Material/IBLFilterBSDF.cs
 0.1 kb	 0.0% Packages/com.unity.render-pipelines.high-definition/Runtime/Material/Fabric/IBLFilterCharlie.cs
 0.1 kb	 0.0% Packages/com.unity.render-pipelines.high-definition/Runtime/Material/Eye/EyeCausticLUTGen.cs
 0.1 kb	 0.0% Packages/com.unity.render-pipelines.high-definition/Runtime/Material/Decal/DecalProjector.cs
 0.1 kb	 0.0% Packages/com.unity.render-pipelines.high-definition/Runtime/Lighting/VolumetricClouds/VolumetricClouds.cs
 0.1 kb	 0.0% Packages/com.unity.render-pipelines.high-definition/Runtime/Lighting/Shadow/MicroShadowing.cs
 0.1 kb	 0.0% Packages/com.unity.render-pipelines.high-definition/Runtime/Lighting/Shadow/HDShadowUtils.cs
 0.1 kb	 0.0% Packages/com.unity.render-pipelines.high-definition/Runtime/Lighting/Shadow/HDShadowSettings.cs
 0.1 kb	 0.0% Packages/com.unity.render-pipelines.high-definition/Runtime/Lighting/Shadow/HDShadowManager.cs
 0.1 kb	 0.0% Packages/com.unity.render-pipelines.high-definition/Runtime/Lighting/Shadow/HDShadowAtlas.cs
 0.1 kb	 0.0% Packages/com.unity.render-pipelines.high-definition/Runtime/Lighting/Shadow/ContactShadows.cs
 0.1 kb	 0.0% Packages/com.unity.render-pipelines.high-definition/Runtime/Lighting/Reflection/Volume/InfluenceVolume.cs
 0.1 kb	 0.0% Packages/com.unity.render-pipelines.high-definition/Runtime/Lighting/Reflection/HDProbeSystem.cs
 0.1 kb	 0.0% Packages/com.unity.render-pipelines.high-definition/Runtime/Lighting/Reflection/HDProbeCullState.cs
 0.1 kb	 0.0% Packages/com.unity.render-pipelines.high-definition/Runtime/Lighting/AtmosphericScattering/VolumetricFog.cs
 0.1 kb	 0.0% Packages/com.unity.render-pipelines.high-definition/Runtime/Lighting/AtmosphericScattering/ExponentialFog.cs
 0.1 kb	 0.0% Packages/com.unity.render-pipelines.high-definition/Runtime/Documentation.cs
 0.1 kb	 0.0% Packages/com.unity.render-pipelines.high-definition/Runtime/Debug/RayCountManager.cs
 0.1 kb	 0.0% Packages/com.unity.render-pipelines.high-definition/Runtime/Debug/MipMapDebug.cs
 0.1 kb	 0.0% Packages/com.unity.render-pipelines.high-definition/Runtime/Debug/DecalsDebug.cs
 0.1 kb	 0.0% Packages/com.unity.render-pipelines.high-definition/Runtime/Core/Utilities/GeometryUtils.cs
 0.1 kb	 0.0% Packages/com.unity.render-pipelines.high-definition/Runtime/Core/Textures/TextureCache2D.cs
 0.1 kb	 0.0% Packages/com.unity.render-pipelines.high-definition/Runtime/Core/Migration/MigrationStep.cs
 0.1 kb	 0.0% Packages/com.unity.render-pipelines.high-definition/Runtime/ComponentUtility.cs
 0.1 kb	 0.0% Packages/com.unity.render-pipelines.high-definition-config/Runtime/ShaderConfig.cs
 0.1 kb	 0.0% Packages/com.unity.render-pipelines.core/Runtime/RenderGraph/RenderGraphResources.cs
 0.1 kb	 0.0% Packages/com.unity.render-pipelines.core/Runtime/RenderGraph/RenderGraph.DebugData.cs
 0.1 kb	 0.0% Packages/com.unity.render-pipelines.core/Runtime/Lighting/ProbeVolume/ProbeReferenceVolume.Streaming.cs
 0.1 kb	 0.0% Packages/com.unity.render-pipelines.core/Runtime/Lighting/ProbeVolume/ProbeReferenceVolume.Debug.cs
 0.1 kb	 0.0% Packages/com.unity.render-pipelines.core/Runtime/GPUDriven/Utilities/ParallelSortExtensions.cs
 0.1 kb	 0.0% Packages/com.unity.render-pipelines.core/Runtime/GPUDriven/RenderersBatchersContext.cs
 0.1 kb	 0.0% Packages/com.unity.render-pipelines.core/Runtime/GPUDriven/OcclusionCullingCommon.cs
 0.1 kb	 0.0% Packages/com.unity.render-pipelines.core/Runtime/GPUDriven/LODGroupRenderingUtils.cs
 0.1 kb	 0.0% Packages/com.unity.render-pipelines.core/Runtime/GPUDriven/InstanceData/GPUInstanceDataBuffer.cs
 0.1 kb	 0.0% Packages/com.unity.render-pipelines.core/Runtime/GPUDriven/InstanceCullingBatcher.cs
 0.1 kb	 0.0% Packages/com.unity.render-pipelines.core/Runtime/GPUDriven/GPUResidentDrawerDebug.cs
 0.1 kb	 0.0% Packages/com.unity.render-pipelines.core/Runtime/GPUDriven/GPUResidentDrawer.Validator.cs
 0.1 kb	 0.0% Packages/com.unity.render-pipelines.core/Runtime/GPUDriven/GPUResidentBatcher.SpeedTree.cs
 0.1 kb	 0.0% Packages/com.unity.render-pipelines.core/Runtime/GPUDriven/Components/DisallowSmallMeshCulling.cs
 0.1 kb	 0.0% Packages/com.unity.multiplayer.center/Common/SelectedSolutionsData.cs
 0.1 kb	 0.0% Packages/com.unity.collections/Unity.Collections/UnsafeParallelHashSetExtensions.gen.cs
 0.1 kb	 0.0% Packages/com.unity.collections/Unity.Collections/UnsafeParallelHashMap.cs
 0.1 kb	 0.0% Packages/com.unity.visualscripting/Runtime/VisualScripting.State/IStateTransitionDebugData.cs
 0.1 kb	 0.0% Packages/com.unity.visualscripting/Runtime/VisualScripting.Flow/Ports/IUnitOutputPortDefinition.cs
 0.1 kb	 0.0% Packages/com.unity.visualscripting/Runtime/VisualScripting.Flow/Ports/IUnitControlPortDefinition.cs
 0.1 kb	 0.0% Packages/com.unity.visualscripting/Runtime/VisualScripting.Flow/Framework/Variables/Obsolete/IsApplicationVariableDefined.cs
 0.1 kb	 0.0% Packages/com.unity.visualscripting/Runtime/VisualScripting.Flow/Framework/Events/Hierarchy/OnTransformChildrenChanged.cs
 0.1 kb	 0.0% Packages/com.unity.visualscripting/Runtime/VisualScripting.Flow/Dependencies/NCalc/TernaryExpression.cs
 0.1 kb	 0.0% Packages/com.unity.visualscripting/Runtime/VisualScripting.Flow/Dependencies/NCalc/SerializationVisitor.cs
 0.1 kb	 0.0% Packages/com.unity.visualscripting/Runtime/VisualScripting.Flow/Dependencies/NCalc/LogicalExpression.cs
 0.1 kb	 0.0% Packages/com.unity.visualscripting/Runtime/VisualScripting.Flow/Dependencies/NCalc/IdentifierExpression.cs
 0.1 kb	 0.0% Packages/com.unity.visualscripting/Runtime/VisualScripting.Flow/Dependencies/NCalc/FunctionExpression.cs
 0.1 kb	 0.0% Packages/com.unity.visualscripting/Runtime/VisualScripting.Flow/Dependencies/NCalc/EvaluationVisitor.cs
 0.1 kb	 0.0% Packages/com.unity.visualscripting/Runtime/VisualScripting.Flow/Dependencies/NCalc/EvaluationException.cs
 0.1 kb	 0.0% Packages/com.unity.visualscripting/Runtime/VisualScripting.Core/Variables/VariableDeclarationsCloner.cs
 0.1 kb	 0.0% Packages/com.unity.visualscripting/Runtime/VisualScripting.Core/Utilities/ReferenceEqualityComparer.cs
 0.1 kb	 0.0% Packages/com.unity.visualscripting/Runtime/VisualScripting.Core/Unity/UnityObjectOwnershipUtility.cs
 0.1 kb	 0.0% Packages/com.unity.visualscripting/Runtime/VisualScripting.Core/Unity/RequiresUnityAPIAttribute.cs
 0.1 kb	 0.0% Packages/com.unity.visualscripting/Runtime/VisualScripting.Core/SerializedProperties/ISerializedPropertyProvider.cs
 0.1 kb	 0.0% Packages/com.unity.visualscripting/Runtime/VisualScripting.Core/Serialization/Converters/LooseAssemblyNameConverter.cs
 0.1 kb	 0.0% Packages/com.unity.visualscripting/Runtime/VisualScripting.Core/Reflection/RenamedNamespaceAttribute.cs
 0.1 kb	 0.0% Packages/com.unity.visualscripting/Runtime/VisualScripting.Core/Reflection/Optimization/ReflectionPropertyAccessor.cs
 0.1 kb	 0.0% Packages/com.unity.visualscripting/Runtime/VisualScripting.Core/Reflection/Operators/GreaterThanOrEqualHandler.cs
 0.1 kb	 0.0% Packages/com.unity.visualscripting/Runtime/VisualScripting.Core/Reflection/Operators/AmbiguousOperatorException.cs
 0.1 kb	 0.0% Packages/com.unity.visualscripting/Runtime/VisualScripting.Core/Profiling/ProfiledSegmentCollection.cs
 0.1 kb	 0.0% Packages/com.unity.visualscripting/Runtime/VisualScripting.Core/Listeners/UIInterfaces/UnityOnSubmitMessageListener.cs
 0.1 kb	 0.0% Packages/com.unity.visualscripting/Runtime/VisualScripting.Core/Listeners/UIInterfaces/UnityOnSelectMessageListener.cs
 0.1 kb	 0.0% Packages/com.unity.visualscripting/Runtime/VisualScripting.Core/Listeners/UIInterfaces/UnityOnScrollMessageListener.cs
 0.1 kb	 0.0% Packages/com.unity.visualscripting/Runtime/VisualScripting.Core/Listeners/UIInterfaces/UnityOnMoveMessageListener.cs
 0.1 kb	 0.0% Packages/com.unity.visualscripting/Runtime/VisualScripting.Core/Listeners/UIInterfaces/UnityOnDropMessageListener.cs
 0.1 kb	 0.0% Packages/com.unity.visualscripting/Runtime/VisualScripting.Core/Listeners/UIInterfaces/UnityOnDragMessageListener.cs
 0.1 kb	 0.0% Packages/com.unity.visualscripting/Runtime/VisualScripting.Core/Listeners/UIInterfaces/UnityOnCancelMessageListener.cs
 0.1 kb	 0.0% Packages/com.unity.visualscripting/Runtime/VisualScripting.Core/Graphs/MergedGraphElementCollection.cs
 0.1 kb	 0.0% Packages/com.unity.visualscripting/Runtime/VisualScripting.Core/Graphs/IGraphElementWithDebugData.cs
 0.1 kb	 0.0% Packages/com.unity.visualscripting/Runtime/VisualScripting.Core/Exceptions/InvalidConversionException.cs
 0.1 kb	 0.0% Packages/com.unity.visualscripting/Runtime/VisualScripting.Core/EditorBinding/WarnBeforeRemovingAttribute.cs
 0.1 kb	 0.0% Packages/com.unity.visualscripting/Runtime/VisualScripting.Core/EditorBinding/WarnBeforeEditingAttribute.cs
 0.1 kb	 0.0% Packages/com.unity.visualscripting/Runtime/VisualScripting.Core/EditorBinding/TypeIconPriorityAttribute.cs
 0.1 kb	 0.0% Packages/com.unity.visualscripting/Runtime/VisualScripting.Core/EditorBinding/Inspector/InspectorToggleLeftAttribute.cs
 0.1 kb	 0.0% Packages/com.unity.visualscripting/Runtime/VisualScripting.Core/EditorBinding/Inspector/InspectorTextAreaAttribute.cs
 0.1 kb	 0.0% Packages/com.unity.visualscripting/Runtime/VisualScripting.Core/EditorBinding/Inspector/InspectorDelayedAttribute.cs
 0.1 kb	 0.0% Packages/com.unity.visualscripting/Runtime/VisualScripting.Core/EditorBinding/IncludeInSettingsAttribute.cs
 0.1 kb	 0.0% Packages/com.unity.visualscripting/Runtime/VisualScripting.Core/EditorBinding/DisableAnnotationAttribute.cs
 0.1 kb	 0.0% Packages/com.unity.visualscripting/Runtime/VisualScripting.Core/Dependencies/FullSerializer/Internal/fsVersionedType.cs
 0.1 kb	 0.0% Packages/com.unity.visualscripting/Runtime/VisualScripting.Core/Dependencies/FullSerializer/Internal/fsVersionManager.cs
 0.1 kb	 0.0% Packages/com.unity.visualscripting/Runtime/VisualScripting.Core/Dependencies/FullSerializer/Internal/fsTypeExtensions.cs
 0.1 kb	 0.0% Packages/com.unity.visualscripting/Runtime/VisualScripting.Core/Connections/InvalidConnectionException.cs
 0.1 kb	 0.0% Packages/com.unity.render-pipelines.high-definition/Runtime/Water/WaterSystemDef.cs
 0.1 kb	 0.0% Packages/com.unity.render-pipelines.high-definition/Runtime/RenderPipeline/LineRendering/Core/LineRendering.Utilities.cs
 0.1 kb	 0.0% Packages/com.unity.render-pipelines.high-definition/Runtime/RenderPipeline/LineRendering/Core/LineRendering.ShaderIDs.cs
 0.1 kb	 0.0% Packages/com.unity.render-pipelines.high-definition/Runtime/RenderPipeline/LineRendering/Core/LineRendering.Budgets.cs
 0.1 kb	 0.0% Packages/com.unity.render-pipelines.high-definition/Runtime/RenderPipeline/Accumulation/DenoisePass.cs
 0.1 kb	 0.0% Packages/com.unity.render-pipelines.high-definition/Runtime/Material/LTCAreaLight/Generated/LtcData.BRDF_GGX.cs
 0.1 kb	 0.0% Packages/com.unity.render-pipelines.high-definition/Runtime/Material/LTCAreaLight/BRDF/BRDF_Ward.cs
 0.1 kb	 0.0% Packages/com.unity.render-pipelines.high-definition/Runtime/Material/LTCAreaLight/BRDF/BRDF_Interface.cs
 0.1 kb	 0.0% Packages/com.unity.render-pipelines.high-definition/Runtime/Material/LTCAreaLight/BRDF/BRDF_Disney.cs
 0.1 kb	 0.0% Packages/com.unity.render-pipelines.high-definition/Runtime/Material/LTCAreaLight/BRDF/BRDF_Charlie.cs
 0.1 kb	 0.0% Packages/com.unity.render-pipelines.high-definition/Runtime/Material/Decal/DecalSystem.Jobs.cs
 0.1 kb	 0.0% Packages/com.unity.render-pipelines.high-definition/Runtime/Lighting/Shadow/AdditionalShadowData.cs
 0.1 kb	 0.0% Packages/com.unity.render-pipelines.high-definition/Runtime/Deprecated.cs
 0.1 kb	 0.0% Packages/com.unity.render-pipelines.core/Runtime/XR/XRGraphicsAutomatedTests.cs
 0.1 kb	 0.0% Packages/com.unity.render-pipelines.core/Runtime/Textures/PowerOfTwoTextureAtlas.cs
 0.1 kb	 0.0% Packages/com.unity.render-pipelines.core/Runtime/Textures/BufferedRTHandleSystem.cs
 0.1 kb	 0.0% Packages/com.unity.render-pipelines.core/Runtime/Settings/ShaderStrippingSetting.cs
 0.1 kb	 0.0% Packages/com.unity.render-pipelines.core/Runtime/RenderPipeline/RenderPipelineResources.cs
 0.1 kb	 0.0% Packages/com.unity.render-pipelines.core/Runtime/RenderGraph/RenderGraphPass.cs
 0.1 kb	 0.0% Packages/com.unity.render-pipelines.core/Runtime/RenderGraph/RenderGraph.Compiler.cs
 0.1 kb	 0.0% Packages/com.unity.render-pipelines.core/Runtime/PostProcessing/LensFlareComponentSRP.cs
 0.1 kb	 0.0% Packages/com.unity.render-pipelines.core/Runtime/PostProcessing/IPostProcessComponent.cs
 0.1 kb	 0.0% Packages/com.unity.render-pipelines.core/Runtime/Lighting/ProbeVolume/ProbeVolumePositioning.cs
 0.1 kb	 0.0% Packages/com.unity.render-pipelines.core/Runtime/Lighting/ProbeVolume/ProbeVolumePerSceneData.cs
 0.1 kb	 0.0% Packages/com.unity.render-pipelines.core/Runtime/Lighting/ProbeVolume/ProbeReferenceVolume.Binding.cs
 0.1 kb	 0.0% Packages/com.unity.render-pipelines.core/Runtime/Lighting/ProbeVolume/ProbeAdjustmentVolume.cs
 0.1 kb	 0.0% Packages/com.unity.render-pipelines.core/Runtime/GPUDriven/InstanceOcclusionCuller.cs
 0.1 kb	 0.0% Packages/com.unity.render-pipelines.core/Runtime/GPUDriven/InstanceData/InstanceDataSystem.Jobs.cs
 0.1 kb	 0.0% Packages/com.unity.render-pipelines.core/Runtime/Debugging/ShaderDebugPrintManager.cs
 0.1 kb	 0.0% Packages/com.unity.render-pipelines.core/Runtime/Debugging/Prefabs/Scripts/DebugUIHandlerVector4.cs
 0.1 kb	 0.0% Packages/com.unity.render-pipelines.core/Runtime/Debugging/Prefabs/Scripts/DebugUIHandlerVector3.cs
 0.1 kb	 0.0% Packages/com.unity.render-pipelines.core/Runtime/Debugging/Prefabs/Scripts/DebugUIHandlerVector2.cs
 0.1 kb	 0.0% Packages/com.unity.render-pipelines.core/Runtime/Debugging/Prefabs/Scripts/DebugUIHandlerValueTuple.cs
 0.1 kb	 0.0% Packages/com.unity.render-pipelines.core/Runtime/Debugging/Prefabs/Scripts/DebugUIHandlerUIntField.cs
 0.1 kb	 0.0% Packages/com.unity.render-pipelines.core/Runtime/Debugging/Prefabs/Scripts/DebugUIHandlerObjectList.cs
 0.1 kb	 0.0% Packages/com.unity.render-pipelines.core/Runtime/Debugging/Prefabs/Scripts/DebugUIHandlerMessageBox.cs
 0.1 kb	 0.0% Packages/com.unity.render-pipelines.core/Runtime/Debugging/Prefabs/Scripts/DebugUIHandlerIntField.cs
 0.1 kb	 0.0% Packages/com.unity.render-pipelines.core/Runtime/Debugging/Prefabs/Scripts/DebugUIHandlerFoldout.cs
 0.1 kb	 0.0% Packages/com.unity.render-pipelines.core/Runtime/Debugging/Prefabs/Scripts/DebugUIHandlerFloatField.cs
 0.1 kb	 0.0% Packages/com.unity.render-pipelines.core/Runtime/Debugging/Prefabs/Scripts/DebugUIHandlerEnumField.cs
 0.1 kb	 0.0% Packages/com.unity.render-pipelines.core/Runtime/Debugging/Prefabs/Scripts/DebugUIHandlerContainer.cs
 0.1 kb	 0.0% Packages/com.unity.render-pipelines.core/Runtime/Debugging/Prefabs/Scripts/DebugUIHandlerBitField.cs
 0.1 kb	 0.0% Packages/com.unity.render-pipelines.core/Runtime/Debugging/IDebugDisplaySettings.cs
 0.1 kb	 0.0% Packages/com.unity.render-pipelines.core/Runtime/Debugging/DebugDisplaySettingsUI.cs
 0.1 kb	 0.0% Packages/com.unity.render-pipelines.core/Runtime/Common/RemoveRange.Extensions.cs
 0.1 kb	 0.0% Packages/com.unity.render-pipelines.core/Runtime/Common/DynamicResolutionHandler.cs
 0.1 kb	 0.0% Packages/com.unity.render-pipelines.core/Runtime/CommandBuffers/IComputeCommandBuffer.cs
 0.1 kb	 0.0% Packages/com.unity.render-pipelines.core/Runtime/Camera/CameraHistory.cs
 0.1 kb	 0.0% Packages/com.unity.collections/Unity.Collections/UnsafeNotBurstCompatible.cs
 0.1 kb	 0.0% Assets/_Game/Art/WinterShore.asset
 0.1 kb	 0.0% Assets/_Game/Art/GoldenSunset.asset
 0.1 kb	 0.0% Packages/com.unity.visualscripting/Runtime/VisualScripting.Core/Dependencies/FullSerializer/fsPropertyAttribute.cs
 0.1 kb	 0.0% Packages/com.unity.visualscripting/Runtime/VisualScripting.Core/Dependencies/FullSerializer/fsObjectProcessor.cs
 0.1 kb	 0.0% Packages/com.unity.visualscripting/Runtime/VisualScripting.Core/Dependencies/FullSerializer/fsObjectAttribute.cs
 0.1 kb	 0.0% Packages/com.unity.visualscripting/Runtime/VisualScripting.Core/Dependencies/FullSerializer/fsIgnoreAttribute.cs
 0.1 kb	 0.0% Packages/com.unity.visualscripting/Runtime/VisualScripting.Core/Dependencies/FullSerializer/fsDirectConverter.cs
 0.1 kb	 0.0% Packages/com.unity.visualscripting/Runtime/VisualScripting.Core/Dependencies/FullSerializer/fsConverterRegistrar.cs
 0.1 kb	 0.0% Packages/com.unity.visualscripting/Runtime/VisualScripting.Core/Dependencies/FullSerializer/Reflection/fsReflectionUtility.cs
 0.1 kb	 0.0% Packages/com.unity.visualscripting/Runtime/VisualScripting.Core/Dependencies/FullSerializer/Converters/fsReflectedConverter.cs
 0.1 kb	 0.0% Packages/com.unity.visualscripting/Runtime/VisualScripting.Core/Dependencies/FullSerializer/Converters/fsPrimitiveConverter.cs
 0.1 kb	 0.0% Packages/com.unity.visualscripting/Runtime/VisualScripting.Core/Dependencies/FullSerializer/Converters/fsNullableConverter.cs
 0.1 kb	 0.0% Packages/com.unity.visualscripting/Runtime/VisualScripting.Core/Dependencies/FullSerializer/Converters/fsForwardConverter.cs
 0.1 kb	 0.0% Packages/com.unity.visualscripting/Runtime/VisualScripting.Core/Dependencies/FullSerializer/Converters/Unity/Rect_DirectConverter.cs
 0.1 kb	 0.0% Packages/com.unity.visualeffectgraph/Runtime/Utilities/PropertyBinding/Implementation/VFXAudioSpectrumBinder.cs
 0.1 kb	 0.0% Packages/com.unity.visualeffectgraph/Runtime/Utilities/EventBinding/Implementation/VFXVisibilityEventBinder.cs
 0.1 kb	 0.0% Packages/com.unity.visualeffectgraph/Runtime/Utilities/EventBinding/Implementation/VFXTriggerEventBinder.cs
 0.1 kb	 0.0% Packages/com.unity.visualeffectgraph/Runtime/CustomSpawners/IncrementStripIndexOnStart.cs
 0.1 kb	 0.0% Packages/com.unity.rendering.light-transport/Runtime/UnifiedRayTracing/Compute/RadeonRays/RestructureBvh.cs
 0.1 kb	 0.0% Packages/com.unity.rendering.light-transport/Runtime/UnifiedRayTracing/Compute/RadeonRays/RadeonRaysAPI.cs
 0.1 kb	 0.0% Packages/com.unity.rendering.light-transport/Runtime/UnifiedRayTracing/Common/GeometryPool/GeometryPool.cs
 0.1 kb	 0.0% Packages/com.unity.render-pipelines.high-definition/Runtime/Water/WaterSurface/WaterSurface.cs
 0.1 kb	 0.0% Packages/com.unity.render-pipelines.high-definition/Runtime/Water/WaterDecal/WaterDecal.cs
 0.1 kb	 0.0% Packages/com.unity.render-pipelines.high-definition/Runtime/Utilities/VolumeUtils.cs
 0.1 kb	 0.0% Packages/com.unity.render-pipelines.high-definition/Runtime/Sky/SkySettings.cs
 0.1 kb	 0.0% Packages/com.unity.render-pipelines.high-definition/Runtime/Sky/SkyRenderer.cs
 0.1 kb	 0.0% Packages/com.unity.render-pipelines.high-definition/Runtime/Sky/SkyManager.cs
 0.1 kb	 0.0% Packages/com.unity.render-pipelines.high-definition/Runtime/Sky/GradientSky/GradientSky.cs
 0.1 kb	 0.0% Packages/com.unity.render-pipelines.high-definition/Runtime/Sky/CloudSystem/CloudLayer/CloudLayer.cs
 0.1 kb	 0.0% Packages/com.unity.render-pipelines.high-definition/Runtime/Settings/LensSettings.cs
 0.1 kb	 0.0% Packages/com.unity.render-pipelines.high-definition/Runtime/RenderPipelineResources/defaultDiffusionProfile.asset
 0.1 kb	 0.0% Packages/com.unity.render-pipelines.high-definition/Runtime/RenderPipelineResources/FoliageDiffusionProfile.asset
 0.1 kb	 0.0% Packages/com.unity.render-pipelines.high-definition/Runtime/RenderPipeline/Utility/BlueNoise.cs
 0.1 kb	 0.0% Packages/com.unity.render-pipelines.high-definition/Runtime/RenderPipeline/RenderPass/MipGenerator.cs
 0.1 kb	 0.0% Packages/com.unity.render-pipelines.high-definition/Runtime/RenderPipeline/RenderPass/CustomPass/CustomPass.cs
 0.1 kb	 0.0% Packages/com.unity.render-pipelines.high-definition/Runtime/RenderPipeline/RenderPass/AOV/AOVRequest.cs
 0.1 kb	 0.0% Packages/com.unity.render-pipelines.high-definition/Runtime/RenderPipeline/Raytracing/LightCluster.cs
 0.1 kb	 0.0% Packages/com.unity.render-pipelines.high-definition/Runtime/RenderPipeline/PathTracing/PathTracing.cs
 0.1 kb	 0.0% Packages/com.unity.render-pipelines.high-definition/Runtime/RenderPipeline/LineRendering/Core/LineRendering.Data.cs
 0.1 kb	 0.0% Packages/com.unity.render-pipelines.high-definition/Runtime/PostProcessing/Components/WhiteBalance.cs
 0.1 kb	 0.0% Packages/com.unity.render-pipelines.high-definition/Runtime/PostProcessing/Components/Tonemapping.cs
 0.1 kb	 0.0% Packages/com.unity.render-pipelines.high-definition/Runtime/PostProcessing/Components/SplitToning.cs
 0.1 kb	 0.0% Packages/com.unity.render-pipelines.high-definition/Runtime/PostProcessing/Components/MotionBlur.cs
 0.1 kb	 0.0% Packages/com.unity.render-pipelines.high-definition/Runtime/PostProcessing/Components/FilmGrain.cs
 0.1 kb	 0.0% Packages/com.unity.render-pipelines.high-definition/Runtime/PostProcessing/Components/DepthOfField.cs
 0.1 kb	 0.0% Packages/com.unity.render-pipelines.high-definition/Runtime/PostProcessing/Components/ColorCurves.cs
 0.1 kb	 0.0% Packages/com.unity.render-pipelines.high-definition/Runtime/PostProcessing/Components/ChannelMixer.cs
 0.1 kb	 0.0% Packages/com.unity.render-pipelines.high-definition/Runtime/Material/Unlit/BaseUnlitAPI.cs
 0.1 kb	 0.0% Packages/com.unity.render-pipelines.high-definition/Runtime/Material/SixWayLit/SixWayAPI.cs
 0.1 kb	 0.0% Packages/com.unity.render-pipelines.high-definition/Runtime/Material/Lit/BaseLitAPI.cs
 0.1 kb	 0.0% Packages/com.unity.render-pipelines.high-definition/Runtime/Material/LTCAreaLight/LTCAreaLight.cs
 0.1 kb	 0.0% Packages/com.unity.render-pipelines.high-definition/Runtime/Material/GGXConvolution/IBLFilterGGX.cs
 0.1 kb	 0.0% Packages/com.unity.render-pipelines.high-definition/Runtime/Material/FogVolume/FogVolumeAPI.cs
 0.1 kb	 0.0% Packages/com.unity.render-pipelines.high-definition/Runtime/Material/Decal/DecalSystem.cs
 0.1 kb	 0.0% Packages/com.unity.render-pipelines.high-definition/Runtime/Lighting/Reflection/Volume/ProxyVolume.cs
 0.1 kb	 0.0% Packages/com.unity.render-pipelines.high-definition/Runtime/Debug/DebugOverlay.cs
 0.1 kb	 0.0% Packages/com.unity.render-pipelines.high-definition/Runtime/Core/Textures/TextureCache.cs
 0.1 kb	 0.0% Packages/com.unity.render-pipelines.core/Runtime/XR/XROcclusionMesh.cs
 0.1 kb	 0.0% Packages/com.unity.render-pipelines.core/Runtime/XR/XRLayoutStack.cs
 0.1 kb	 0.0% Packages/com.unity.render-pipelines.core/Runtime/Lighting/ProbeVolume/ProbeIndexOfIndices.cs
 0.1 kb	 0.0% Packages/com.unity.render-pipelines.core/Runtime/GPUDriven/RenderersParameters.cs
 0.1 kb	 0.0% Packages/com.unity.render-pipelines.core/Runtime/GPUDriven/InstanceData/InstanceDataSystem.cs
 0.1 kb	 0.0% Packages/com.unity.render-pipelines.core/Runtime/GPUDriven/InstanceData/InstanceAllocator.cs
 0.1 kb	 0.0% Packages/com.unity.render-pipelines.core/Runtime/GPUDriven/GPUResidentDrawer.cs
 0.1 kb	 0.0% Packages/com.unity.render-pipelines.core/Runtime/GPUDriven/GPUResidentBatcher.cs
 0.1 kb	 0.0% Packages/com.unity.multiplayer.center/Common/IOnboardingSection.cs
 0.1 kb	 0.0% Packages/com.unity.collections/Unity.Collections/UnsafeScratchAllocator.cs
 0.1 kb	 0.0% Packages/com.unity.collections/Unity.Collections/NativeParallelHashMapExtensions.cs
 0.1 kb	 0.0% Packages/com.unity.visualscripting/Runtime/VisualScripting.State/TriggerStateTransition.cs
 0.1 kb	 0.0% Packages/com.unity.visualscripting/Runtime/VisualScripting.State/INesterStateTransition.cs
 0.1 kb	 0.0% Packages/com.unity.visualscripting/Runtime/VisualScripting.Flow/UnitCategoryConverter.cs
 0.1 kb	 0.0% Packages/com.unity.visualscripting/Runtime/VisualScripting.Flow/Ports/ValueOutputDefinition.cs
 0.1 kb	 0.0% Packages/com.unity.visualscripting/Runtime/VisualScripting.Flow/Ports/IUnitValuePortDefinition.cs
 0.1 kb	 0.0% Packages/com.unity.visualscripting/Runtime/VisualScripting.Flow/Ports/IUnitInputPortDefinition.cs
 0.1 kb	 0.0% Packages/com.unity.visualscripting/Runtime/VisualScripting.Flow/Ports/ControlPortDefinition.cs
 0.1 kb	 0.0% Packages/com.unity.visualscripting/Runtime/VisualScripting.Flow/Ports/ControlOutputDefinition.cs
 0.1 kb	 0.0% Packages/com.unity.visualscripting/Runtime/VisualScripting.Flow/Ports/ControlInputDefinition.cs
 0.1 kb	 0.0% Packages/com.unity.visualscripting/Runtime/VisualScripting.Flow/Framework/Variables/Obsolete/SetApplicationVariable.cs
 0.1 kb	 0.0% Packages/com.unity.visualscripting/Runtime/VisualScripting.Flow/Framework/Variables/Obsolete/IsVariableDefinedUnit.cs
 0.1 kb	 0.0% Packages/com.unity.visualscripting/Runtime/VisualScripting.Flow/Framework/Variables/Obsolete/IsSceneVariableDefined.cs
 0.1 kb	 0.0% Packages/com.unity.visualscripting/Runtime/VisualScripting.Flow/Framework/Variables/Obsolete/IsSavedVariableDefined.cs
 0.1 kb	 0.0% Packages/com.unity.visualscripting/Runtime/VisualScripting.Flow/Framework/Variables/Obsolete/IsObjectVariableDefined.cs
 0.1 kb	 0.0% Packages/com.unity.visualscripting/Runtime/VisualScripting.Flow/Framework/Variables/Obsolete/IsGraphVariableDefined.cs
 0.1 kb	 0.0% Packages/com.unity.visualscripting/Runtime/VisualScripting.Flow/Framework/Variables/Obsolete/IApplicationVariableUnit.cs
 0.1 kb	 0.0% Packages/com.unity.visualscripting/Runtime/VisualScripting.Flow/Framework/Variables/Obsolete/GetApplicationVariable.cs
 0.1 kb	 0.0% Packages/com.unity.visualscripting/Runtime/VisualScripting.Flow/Framework/Time/WaitForEndOfFrameUnit.cs
 0.1 kb	 0.0% Packages/com.unity.visualscripting/Runtime/VisualScripting.Flow/Framework/Logic/NotApproximatelyEqual.cs
 0.1 kb	 0.0% Packages/com.unity.visualscripting/Runtime/VisualScripting.Flow/Framework/Events/Physics/OnControllerColliderHit.cs
 0.1 kb	 0.0% Packages/com.unity.visualscripting/Runtime/VisualScripting.Flow/Framework/Events/Hierarchy/OnTransformParentChanged.cs
 0.1 kb	 0.0% Packages/com.unity.visualscripting/Runtime/VisualScripting.Flow/Framework/Events/GUI/OnScrollbarValueChanged.cs
 0.1 kb	 0.0% Packages/com.unity.visualscripting/Runtime/VisualScripting.Flow/Framework/Events/GUI/OnScrollRectValueChanged.cs
 0.1 kb	 0.0% Packages/com.unity.visualscripting/Runtime/VisualScripting.Flow/Framework/Events/GUI/OnInputFieldValueChanged.cs
 0.1 kb	 0.0% Packages/com.unity.visualscripting/Runtime/VisualScripting.Flow/Framework/Events/GUI/OnDropdownValueChanged.cs
 0.1 kb	 0.0% Packages/com.unity.visualscripting/Runtime/VisualScripting.Flow/Framework/Events/Application/OnApplicationLostFocus.cs
 0.1 kb	 0.0% Packages/com.unity.visualscripting/Runtime/VisualScripting.Flow/Framework/Events/Animation/BoltNamedAnimationEvent.cs
 0.1 kb	 0.0% Packages/com.unity.visualscripting/Runtime/VisualScripting.Flow/Framework/Collections/Dictionaries/DictionaryContainsKey.cs
 0.1 kb	 0.0% Packages/com.unity.visualscripting/Runtime/VisualScripting.Flow/EditorBinding/UnitSurtitleAttribute.cs
 0.1 kb	 0.0% Packages/com.unity.visualscripting/Runtime/VisualScripting.Flow/EditorBinding/UnitSubtitleAttribute.cs
 0.1 kb	 0.0% Packages/com.unity.visualscripting/Runtime/VisualScripting.Flow/EditorBinding/UnitShortTitleAttribute.cs
 0.1 kb	 0.0% Packages/com.unity.visualscripting/Runtime/VisualScripting.Flow/EditorBinding/UnitFooterPortsAttribute.cs
 0.1 kb	 0.0% Packages/com.unity.visualscripting/Runtime/VisualScripting.Flow/EditorBinding/PortLabelHiddenAttribute.cs
 0.1 kb	 0.0% Packages/com.unity.visualscripting/Runtime/VisualScripting.Flow/Dependencies/NCalc/ValueExpression.cs
 0.1 kb	 0.0% Packages/com.unity.visualscripting/Runtime/VisualScripting.Flow/Dependencies/NCalc/UnaryExpression.cs
 0.1 kb	 0.0% Packages/com.unity.visualscripting/Runtime/VisualScripting.Flow/Dependencies/NCalc/ParameterArgs.cs
 0.1 kb	 0.0% Packages/com.unity.visualscripting/Runtime/VisualScripting.Flow/Dependencies/NCalc/BinaryExpression.cs
 0.1 kb	 0.0% Packages/com.unity.visualscripting/Runtime/VisualScripting.Flow/Connections/UnitConnectionDebugData.cs
 0.1 kb	 0.0% Packages/com.unity.visualscripting/Runtime/VisualScripting.Flow/Connections/IUnitConnectionDebugData.cs
 0.1 kb	 0.0% Packages/com.unity.visualscripting/Runtime/VisualScripting.Core/Variables/VariableKindAttribute.cs
 0.1 kb	 0.0% Packages/com.unity.visualscripting/Runtime/VisualScripting.Core/Variables/IGraphDataWithVariables.cs
 0.1 kb	 0.0% Packages/com.unity.visualscripting/Runtime/VisualScripting.Core/Utilities/RuntimeVSUsageUtility.cs
 0.1 kb	 0.0% Packages/com.unity.visualscripting/Runtime/VisualScripting.Core/Utilities/IAnalyticsIdentifiable.cs
 0.1 kb	 0.0% Packages/com.unity.visualscripting/Runtime/VisualScripting.Core/Utilities/ComponentHolderProtocol.cs
 0.1 kb	 0.0% Packages/com.unity.visualscripting/Runtime/VisualScripting.Core/Unity/MacroScriptableObject.cs
 0.1 kb	 0.0% Packages/com.unity.visualscripting/Runtime/VisualScripting.Core/Unity/LudiqScriptableObject.cs
 0.1 kb	 0.0% Packages/com.unity.visualscripting/Runtime/VisualScripting.Core/Serialization/SerializationOperation.cs
 0.1 kb	 0.0% Packages/com.unity.visualscripting/Runtime/VisualScripting.Core/Serialization/ISerializationDepender.cs
 0.1 kb	 0.0% Packages/com.unity.visualscripting/Runtime/VisualScripting.Core/Serialization/ISerializationDependency.cs
 0.1 kb	 0.0% Packages/com.unity.visualscripting/Runtime/VisualScripting.Core/Serialization/DoNotSerializeAttribute.cs
 0.1 kb	 0.0% Packages/com.unity.visualscripting/Runtime/VisualScripting.Core/Reflection/RenamedAssemblyAttribute.cs
 0.1 kb	 0.0% Packages/com.unity.visualscripting/Runtime/VisualScripting.Core/Reflection/Optimization/StaticActionInvokerBase.cs
 0.1 kb	 0.0% Packages/com.unity.visualscripting/Runtime/VisualScripting.Core/Reflection/Optimization/ReflectionFieldAccessor.cs
 0.1 kb	 0.0% Packages/com.unity.visualscripting/Runtime/VisualScripting.Core/Reflection/Operators/NumericNegationHandler.cs
 0.1 kb	 0.0% Packages/com.unity.visualscripting/Runtime/VisualScripting.Core/Reflection/Operators/MultiplicationHandler.cs
 0.1 kb	 0.0% Packages/com.unity.visualscripting/Runtime/VisualScripting.Core/Reflection/Operators/LogicalNegationHandler.cs
 0.1 kb	 0.0% Packages/com.unity.visualscripting/Runtime/VisualScripting.Core/Reflection/Operators/LessThanOrEqualHandler.cs
 0.1 kb	 0.0% Packages/com.unity.visualscripting/Runtime/VisualScripting.Core/Reflection/Operators/InvalidOperatorException.cs
 0.1 kb	 0.0% Packages/com.unity.visualscripting/Runtime/VisualScripting.Core/Reflection/Operators/BinaryOperatorHandler.cs
 0.1 kb	 0.0% Packages/com.unity.visualscripting/Runtime/VisualScripting.Core/Reflection/GenericClosingException.cs
 0.1 kb	 0.0% Packages/com.unity.visualscripting/Runtime/VisualScripting.Core/Platforms/AotIncompatibleAttribute.cs
 0.1 kb	 0.0% Packages/com.unity.visualscripting/Runtime/VisualScripting.Core/Listeners/IGraphEventListenerData.cs
 0.1 kb	 0.0% Packages/com.unity.visualscripting/Runtime/VisualScripting.Core/Listeners/GlobalMessageListener.cs
 0.1 kb	 0.0% Packages/com.unity.visualscripting/Runtime/VisualScripting.Core/Listeners/AnimatorMessageListener.cs
 0.1 kb	 0.0% Packages/com.unity.visualscripting/Runtime/VisualScripting.Core/Graphs/IGraphElementWithData.cs
 0.1 kb	 0.0% Packages/com.unity.visualscripting/Runtime/VisualScripting.Core/Graphs/IGraphElementDebugData.cs
 0.1 kb	 0.0% Packages/com.unity.visualscripting/Runtime/VisualScripting.Core/Graphs/GraphsExceptionUtility.cs
 0.1 kb	 0.0% Packages/com.unity.visualscripting/Runtime/VisualScripting.Core/Graphs/GraphPointerException.cs
 0.1 kb	 0.0% Packages/com.unity.visualscripting/Runtime/VisualScripting.Core/EditorBinding/NullMeansSelfAttribute.cs
 0.1 kb	 0.0% Packages/com.unity.visualscripting/Runtime/VisualScripting.Core/EditorBinding/Inspector/InspectorWideAttribute.cs
 0.1 kb	 0.0% Packages/com.unity.visualscripting/Runtime/VisualScripting.Core/EditorBinding/Inspector/InspectorRangeAttribute.cs
 0.1 kb	 0.0% Packages/com.unity.visualscripting/Runtime/VisualScripting.Core/EditorBinding/Inspector/InspectorLabelAttribute.cs
 0.1 kb	 0.0% Packages/com.unity.visualscripting/Runtime/VisualScripting.Core/EditorBinding/InspectableIfAttribute.cs
 0.1 kb	 0.0% Packages/com.unity.visualscripting/Runtime/VisualScripting.Core/EditorBinding/IInspectableAttribute.cs
 0.1 kb	 0.0% Packages/com.unity.visualscripting/Runtime/VisualScripting.Core/EditorBinding/ExpectedTypeAttribute.cs
 0.1 kb	 0.0% Packages/com.unity.visualscripting/Runtime/VisualScripting.Core/Collections/INotifiedCollectionItem.cs
 0.1 kb	 0.0% Packages/com.unity.visualscripting/Runtime/VisualScripting.Core/Cloning/Cloners/FakeSerializationCloner.cs
 0.1 kb	 0.0% Packages/com.unity.ugui/Runtime/TMP/TMP_SpriteAssetImportFormats.cs
 0.1 kb	 0.0% Packages/com.unity.timeline/Runtime/Animation/AnimationPreviewUpdateCallback.cs
 0.1 kb	 0.0% Packages/com.unity.timeline/Runtime/Animation/AnimationOutputWeightProcessor.cs
 0.1 kb	 0.0% Packages/com.unity.shadergraph/ShaderGraphLibrary/DummyShaderGraphLibrary.cs
 0.1 kb	 0.0% Packages/com.unity.render-pipelines.high-definition/Runtime/VFXGraph/Utility/PropertyBinders/HDRPCameraBinder.cs
 0.1 kb	 0.0% Packages/com.unity.render-pipelines.high-definition/Runtime/RenderPipelineResources/SkinDiffusionProfile.asset
 0.1 kb	 0.0% Packages/com.unity.render-pipelines.high-definition/Runtime/RenderPipeline/XR/GlobalXRSettings.cs
 0.1 kb	 0.0% Packages/com.unity.render-pipelines.high-definition/Runtime/RenderPipeline/LineRendering/Core/LineRendering.cs
 0.1 kb	 0.0% Packages/com.unity.render-pipelines.high-definition/Runtime/Material/LTCAreaLight/BRDF/BRDF_GGX.cs
 0.1 kb	 0.0% Packages/com.unity.render-pipelines.high-definition/Runtime/Material/Builtin/BuiltinData.cs
 0.1 kb	 0.0% Packages/com.unity.render-pipelines.core/Runtime/Utilities/SceneRenderPipeline.cs
 0.1 kb	 0.0% Packages/com.unity.render-pipelines.core/Runtime/Utilities/MaterialQuality.cs
 0.1 kb	 0.0% Packages/com.unity.render-pipelines.core/Runtime/Utilities/CameraCaptureBridge.cs
 0.1 kb	 0.0% Packages/com.unity.render-pipelines.core/Runtime/ShaderGenerator/ShaderGeneratorAttributes.cs
 0.1 kb	 0.0% Packages/com.unity.render-pipelines.core/Runtime/RenderGraph/RenderGraph.cs
 0.1 kb	 0.0% Packages/com.unity.render-pipelines.core/Runtime/PostProcessing/LensFlareCommonSRP.cs
 0.1 kb	 0.0% Packages/com.unity.render-pipelines.core/Runtime/LookDev/IDataProvider.cs
 0.1 kb	 0.0% Packages/com.unity.render-pipelines.core/Runtime/Lighting/SphericalHarmonics.cs
 0.1 kb	 0.0% Packages/com.unity.render-pipelines.core/Runtime/Lighting/ProbeVolume/ProbeVolumesOptions.cs
 0.1 kb	 0.0% Packages/com.unity.render-pipelines.core/Runtime/Lighting/ProbeVolume/ProbeVolumeSceneData.cs
 0.1 kb	 0.0% Packages/com.unity.render-pipelines.core/Runtime/Lighting/ProbeVolume/ProbeVolumeGIContributor.cs
 0.1 kb	 0.0% Packages/com.unity.render-pipelines.core/Runtime/Lighting/ProbeVolume/ProbeVolumeBakingSet.cs
 0.1 kb	 0.0% Packages/com.unity.render-pipelines.core/Runtime/Lighting/ProbeVolume/ProbeVolumeAsset.cs
 0.1 kb	 0.0% Packages/com.unity.render-pipelines.core/Runtime/Lighting/ProbeVolume/ProbeReferenceVolume.cs
 0.1 kb	 0.0% Packages/com.unity.render-pipelines.core/Runtime/Documentation.cs
 0.1 kb	 0.0% Packages/com.unity.render-pipelines.core/Runtime/Debugging/Prefabs/Scripts/DebugUIHandlerWidget.cs
 0.1 kb	 0.0% Packages/com.unity.render-pipelines.core/Runtime/Debugging/Prefabs/Scripts/DebugUIHandlerValue.cs
 0.1 kb	 0.0% Packages/com.unity.render-pipelines.core/Runtime/Debugging/Prefabs/Scripts/DebugUIHandlerVBox.cs
 0.1 kb	 0.0% Packages/com.unity.render-pipelines.core/Runtime/Debugging/Prefabs/Scripts/DebugUIHandlerToggle.cs
 0.1 kb	 0.0% Packages/com.unity.render-pipelines.core/Runtime/Debugging/Prefabs/Scripts/DebugUIHandlerRow.cs
 0.1 kb	 0.0% Packages/com.unity.render-pipelines.core/Runtime/Debugging/Prefabs/Scripts/DebugUIHandlerPanel.cs
 0.1 kb	 0.0% Packages/com.unity.render-pipelines.core/Runtime/Debugging/Prefabs/Scripts/DebugUIHandlerObject.cs
 0.1 kb	 0.0% Packages/com.unity.render-pipelines.core/Runtime/Debugging/Prefabs/Scripts/DebugUIHandlerHBox.cs
 0.1 kb	 0.0% Packages/com.unity.render-pipelines.core/Runtime/Debugging/Prefabs/Scripts/DebugUIHandlerGroup.cs
 0.1 kb	 0.0% Packages/com.unity.render-pipelines.core/Runtime/Debugging/Prefabs/Scripts/DebugUIHandlerColor.cs
 0.1 kb	 0.0% Packages/com.unity.render-pipelines.core/Runtime/Debugging/Prefabs/Scripts/DebugUIHandlerCanvas.cs
 0.1 kb	 0.0% Packages/com.unity.render-pipelines.core/Runtime/Debugging/Prefabs/Scripts/DebugUIHandlerButton.cs
 0.1 kb	 0.0% Packages/com.unity.render-pipelines.core/Runtime/Debugging/MousePositionDebug.cs
 0.1 kb	 0.0% Packages/com.unity.render-pipelines.core/Runtime/Debugging/IVolumeDebugSettings.cs
 0.1 kb	 0.0% Packages/com.unity.render-pipelines.core/Runtime/Debugging/FrameTiming/FrameTimeBottleneck.cs
 0.1 kb	 0.0% Packages/com.unity.render-pipelines.core/Runtime/Common/Swap.Extensions.cs
 0.1 kb	 0.0% Packages/com.unity.render-pipelines.core/Runtime/Common/ReloadGroupAttribute.cs
 0.1 kb	 0.0% Packages/com.unity.render-pipelines.core/Runtime/Common/CommandBufferPool.cs
 0.1 kb	 0.0% Packages/com.unity.render-pipelines.core/Runtime/CommandBuffers/UnsafeCommandBuffer.cs
 0.1 kb	 0.0% Packages/com.unity.render-pipelines.core/Runtime/CommandBuffers/RasterCommandBuffer.cs
 0.1 kb	 0.0% Packages/com.unity.render-pipelines.core/Runtime/CommandBuffers/IUnsafeCommandBuffer.cs
 0.1 kb	 0.0% Packages/com.unity.render-pipelines.core/Runtime/CommandBuffers/IRasterCommandBuffer.cs
 0.1 kb	 0.0% Packages/com.unity.render-pipelines.core/Runtime/CommandBuffers/IBaseCommandBuffer.cs
 0.1 kb	 0.0% Packages/com.unity.render-pipelines.core/Runtime/CommandBuffers/ComputeCommandBuffer.cs
 0.1 kb	 0.0% Packages/com.unity.render-pipelines.core/Runtime/CommandBuffers/CommandBufferHelpers.cs
 0.1 kb	 0.0% Packages/com.unity.multiplayer.center/Common/StyleConstants.cs
 0.1 kb	 0.0% Packages/com.unity.collections/Unity.Collections/UnsafeAtomicCounter.cs
 0.1 kb	 0.0% Assets/_Game/Scripts/Environment/CoastalEnvironmentPresenter.cs
 0.1 kb	 0.0% Assets/_Game/Art/ClearDay.asset
 0.1 kb	 0.0% Packages/com.unity.visualscripting/Runtime/VisualScripting.Core/Reflection/Optimization/StaticActionInvoker_5.cs
 0.1 kb	 0.0% Packages/com.unity.visualscripting/Runtime/VisualScripting.Core/Reflection/Optimization/StaticActionInvoker_4.cs
 0.1 kb	 0.0% Packages/com.unity.visualscripting/Runtime/VisualScripting.Core/Reflection/Optimization/StaticActionInvoker_3.cs
 0.1 kb	 0.0% Packages/com.unity.visualscripting/Runtime/VisualScripting.Core/Reflection/Optimization/StaticActionInvoker_2.cs
 0.1 kb	 0.0% Packages/com.unity.visualscripting/Runtime/VisualScripting.Core/Reflection/Optimization/StaticActionInvoker_1.cs
 0.1 kb	 0.0% Packages/com.unity.visualscripting/Runtime/VisualScripting.Core/Reflection/Optimization/StaticActionInvoker_0.cs
 0.1 kb	 0.0% Packages/com.unity.visualscripting/Runtime/VisualScripting.Core/Ensure/EnsureThat.NullableValueTypes.cs
 0.1 kb	 0.0% Packages/com.unity.visualscripting/Runtime/VisualScripting.Core/Dependencies/FullSerializer/fsJsonPrinter.cs
 0.1 kb	 0.0% Packages/com.unity.visualscripting/Runtime/VisualScripting.Core/Dependencies/FullSerializer/fsBaseConverter.cs
 0.1 kb	 0.0% Packages/com.unity.visualscripting/Runtime/VisualScripting.Core/Dependencies/FullSerializer/Reflection/fsMetaProperty.cs
 0.1 kb	 0.0% Packages/com.unity.visualscripting/Runtime/VisualScripting.Core/Dependencies/FullSerializer/Converters/fsTypeConverter.cs
 0.1 kb	 0.0% Packages/com.unity.visualscripting/Runtime/VisualScripting.Core/Dependencies/FullSerializer/Converters/fsGuidConverter.cs
 0.1 kb	 0.0% Packages/com.unity.visualscripting/Runtime/VisualScripting.Core/Dependencies/FullSerializer/Converters/fsEnumConverter.cs
 0.1 kb	 0.0% Packages/com.unity.visualscripting/Runtime/VisualScripting.Core/Dependencies/FullSerializer/Converters/fsDateConverter.cs
 0.1 kb	 0.0% Packages/com.unity.visualscripting/Runtime/VisualScripting.Core/Dependencies/FullSerializer/Converters/fsArrayConverter.cs
 0.1 kb	 0.0% Packages/com.unity.visualeffectgraph/Runtime/Utilities/PropertyBinding/VFXPropertyBinder.cs
 0.1 kb	 0.0% Packages/com.unity.visualeffectgraph/Runtime/Utilities/PropertyBinding/VFXBinderAttribute.cs
 0.1 kb	 0.0% Packages/com.unity.visualeffectgraph/Runtime/Utilities/PropertyBinding/Implementation/VFXVelocityBinder.cs
 0.1 kb	 0.0% Packages/com.unity.visualeffectgraph/Runtime/Utilities/PropertyBinding/Implementation/VFXUIToggleBinder.cs
 0.1 kb	 0.0% Packages/com.unity.visualeffectgraph/Runtime/Utilities/PropertyBinding/Implementation/VFXUISliderBinder.cs
 0.1 kb	 0.0% Packages/com.unity.visualeffectgraph/Runtime/Utilities/PropertyBinding/Implementation/VFXUIDropdownBinder.cs
 0.1 kb	 0.0% Packages/com.unity.visualeffectgraph/Runtime/Utilities/PropertyBinding/Implementation/VFXTransformBinder.cs
 0.1 kb	 0.0% Packages/com.unity.visualeffectgraph/Runtime/Utilities/PropertyBinding/Implementation/VFXSpaceableBinder.cs
 0.1 kb	 0.0% Packages/com.unity.visualeffectgraph/Runtime/Utilities/PropertyBinding/Implementation/VFXPositionBinder.cs
 0.1 kb	 0.0% Packages/com.unity.visualeffectgraph/Runtime/Utilities/PropertyBinding/Implementation/VFXInputTouchBinder.cs
 0.1 kb	 0.0% Packages/com.unity.visualeffectgraph/Runtime/Utilities/PropertyBinding/Implementation/VFXInputMouseBinder.cs
 0.1 kb	 0.0% Packages/com.unity.visualeffectgraph/Runtime/Utilities/PropertyBinding/Implementation/VFXInputKeyBinder.cs
 0.1 kb	 0.0% Packages/com.unity.visualeffectgraph/Runtime/Utilities/PropertyBinding/Implementation/VFXInputButtonBinder.cs
 0.1 kb	 0.0% Packages/com.unity.visualeffectgraph/Runtime/Utilities/PropertyBinding/Implementation/VFXInputAxisBinder.cs
 0.1 kb	 0.0% Packages/com.unity.visualeffectgraph/Runtime/Utilities/Playables/VisualEffectControl/VisualEffectControlTrack.cs
 0.1 kb	 0.0% Packages/com.unity.visualeffectgraph/Runtime/Utilities/Playables/VisualEffectControl/VisualEffectControlClip.cs
 0.1 kb	 0.0% Packages/com.unity.visualeffectgraph/Runtime/Utilities/Playables/VisualEffectActivationDeprecated/VisualEffectActivationBehaviour.cs
 0.1 kb	 0.0% Packages/com.unity.visualeffectgraph/Runtime/Utilities/EventBinding/VFXEventBinderBase.cs
 0.1 kb	 0.0% Packages/com.unity.visualeffectgraph/Runtime/Utilities/EventBinding/Implementation/VFXMouseEventBinder.cs
 0.1 kb	 0.0% Packages/com.unity.ugui/Runtime/UGUI/UI/Core/Layout/HorizontalOrVerticalLayoutGroup.cs
 0.1 kb	 0.0% Packages/com.unity.rendering.light-transport/Runtime/UnifiedRayTracing/Compute/RadeonRays/RadixSort.cs
 0.1 kb	 0.0% Packages/com.unity.rendering.light-transport/Runtime/UnifiedRayTracing/Compute/RadeonRays/HlbvhBuilder.cs
 0.1 kb	 0.0% Packages/com.unity.rendering.light-transport/Runtime/UnifiedRayTracing/Common/Utilities/Utils.cs
 0.1 kb	 0.0% Packages/com.unity.rendering.light-transport/Runtime/Sampling/SobolData.cs
 0.1 kb	 0.0% Packages/com.unity.render-pipelines.high-definition/Runtime/Utilities/TypeInfo.cs
 0.1 kb	 0.0% Packages/com.unity.render-pipelines.high-definition/Runtime/Sky/HDRISky/HDRISky.cs
 0.1 kb	 0.0% Packages/com.unity.render-pipelines.high-definition/Runtime/RenderPipeline/Utility/HDUtils.cs
 0.1 kb	 0.0% Packages/com.unity.render-pipelines.high-definition/Runtime/RenderPipeline/RenderPass/FSR2Pass.cs
 0.1 kb	 0.0% Packages/com.unity.render-pipelines.high-definition/Runtime/RenderPipeline/RenderPass/DLSSPass.cs
 0.1 kb	 0.0% Packages/com.unity.render-pipelines.high-definition/Runtime/RenderPipeline/Camera/HDCamera.cs
 0.1 kb	 0.0% Packages/com.unity.render-pipelines.high-definition/Runtime/PostProcessing/Components/Vignette.cs
 0.1 kb	 0.0% Packages/com.unity.render-pipelines.high-definition/Runtime/PostProcessing/Components/Exposure.cs
 0.1 kb	 0.0% Packages/com.unity.render-pipelines.high-definition/Runtime/PostProcessing/Components/Bloom.cs
 0.1 kb	 0.0% Packages/com.unity.render-pipelines.high-definition/Runtime/Material/Water/Water.cs
 0.1 kb	 0.0% Packages/com.unity.render-pipelines.high-definition/Runtime/Material/Unlit/UnlitAPI.cs
 0.1 kb	 0.0% Packages/com.unity.render-pipelines.high-definition/Runtime/Material/Unlit/Unlit.cs
 0.1 kb	 0.0% Packages/com.unity.render-pipelines.high-definition/Runtime/Material/StackLit/StackLit.cs
 0.1 kb	 0.0% Packages/com.unity.render-pipelines.high-definition/Runtime/Material/SixWayLit/SixWaySmokeLit.cs
 0.1 kb	 0.0% Packages/com.unity.render-pipelines.high-definition/Runtime/Material/Lit/LitAPI.cs
 0.1 kb	 0.0% Packages/com.unity.render-pipelines.high-definition/Runtime/Material/Fabric/Fabric.cs
 0.1 kb	 0.0% Packages/com.unity.render-pipelines.high-definition/Runtime/Material/Decal/DecalAPI.cs
 0.1 kb	 0.0% Packages/com.unity.render-pipelines.high-definition/Runtime/Material/Decal/Decal.cs
 0.1 kb	 0.0% Packages/com.unity.render-pipelines.high-definition/Runtime/Material/AxF/AxFAPI.cs
 0.1 kb	 0.0% Packages/com.unity.render-pipelines.high-definition/Runtime/Lighting/Reflection/HDProbe.cs
 0.1 kb	 0.0% Packages/com.unity.render-pipelines.core/Runtime/XR/XRMirrorView.cs
 0.1 kb	 0.0% Packages/com.unity.render-pipelines.core/Runtime/Utilities/GPUPrefixSum/GPUPrefixSum.ShaderIDs.cs
 0.1 kb	 0.0% Packages/com.unity.render-pipelines.core/Runtime/GPUDriven/Utilities/ParallelBitArray.cs
 0.1 kb	 0.0% Packages/com.unity.render-pipelines.core/Runtime/GPUDriven/Utilities/MemoryUtilities.cs
 0.1 kb	 0.0% Packages/com.unity.render-pipelines.core/Runtime/GPUDriven/LODGroupDataPool.cs
 0.1 kb	 0.0% Packages/com.unity.render-pipelines.core/Runtime/GPUDriven/InstanceCuller.cs
 0.1 kb	 0.0% Packages/com.unity.render-pipelines.core/Runtime/Deprecated.cs
 0.1 kb	 0.0% Packages/com.unity.render-pipelines.core/Runtime/Common/CoreAttributes.cs
 0.1 kb	 0.0% Packages/com.unity.render-pipelines.core/Runtime/CommandBuffers/BaseCommandBufer.cs
 0.1 kb	 0.0% Packages/com.unity.collections/Unity.Collections/UnsafeUtilityEx.cs
 0.1 kb	 0.0% Packages/com.unity.collections/Unity.Collections/UnsafeAppendBuffer.cs
 0.1 kb	 0.0% Packages/com.unity.collections/Unity.Collections/NativeParallelHashSetExtensions.gen.cs
 0.1 kb	 0.0% Packages/com.unity.collections/Unity.Collections/Jobs/RegisterGenericJobTypeAttribute.cs
 0.1 kb	 0.0% Packages/com.unity.collections/Unity.Collections/DoubleRewindableAllocators.cs
 0.1 kb	 0.0% Packages/com.unity.collections/Unity.Collections/DataStreamExtensions.cs
 0.1 kb	 0.0% Assets/_Game/Art/Water/FootContactRipple.mat
 0.1 kb	 0.0% Packages/com.unity.visualscripting/Runtime/VisualScripting.State/FlowStateTransition.cs
 0.1 kb	 0.0% Packages/com.unity.visualscripting/Runtime/VisualScripting.Flow/Ports/ValuePortDefinition.cs
 0.1 kb	 0.0% Packages/com.unity.visualscripting/Runtime/VisualScripting.Flow/Ports/ValueInputDefinition.cs
 0.1 kb	 0.0% Packages/com.unity.visualscripting/Runtime/VisualScripting.Flow/Ports/UnitPortDefinition.cs
 0.1 kb	 0.0% Packages/com.unity.visualscripting/Runtime/VisualScripting.Flow/Ports/IUnitPortDefinition.cs
 0.1 kb	 0.0% Packages/com.unity.visualscripting/Runtime/VisualScripting.Flow/Framework/Variables/UnifiedVariableUnit.cs
 0.1 kb	 0.0% Packages/com.unity.visualscripting/Runtime/VisualScripting.Flow/Framework/Variables/Obsolete/SetObjectVariable.cs
 0.1 kb	 0.0% Packages/com.unity.visualscripting/Runtime/VisualScripting.Flow/Framework/Variables/Obsolete/ISceneVariableUnit.cs
 0.1 kb	 0.0% Packages/com.unity.visualscripting/Runtime/VisualScripting.Flow/Framework/Variables/Obsolete/ISavedVariableUnit.cs
 0.1 kb	 0.0% Packages/com.unity.visualscripting/Runtime/VisualScripting.Flow/Framework/Variables/Obsolete/IObjectVariableUnit.cs
 0.1 kb	 0.0% Packages/com.unity.visualscripting/Runtime/VisualScripting.Flow/Framework/Variables/Obsolete/IGraphVariableUnit.cs
 0.1 kb	 0.0% Packages/com.unity.visualscripting/Runtime/VisualScripting.Flow/Framework/Variables/Obsolete/GetObjectVariable.cs
 0.1 kb	 0.0% Packages/com.unity.visualscripting/Runtime/VisualScripting.Flow/Framework/Variables/IsVariableDefined.cs
 0.1 kb	 0.0% Packages/com.unity.visualscripting/Runtime/VisualScripting.Flow/Framework/Variables/IUnifiedVariableUnit.cs
 0.1 kb	 0.0% Packages/com.unity.visualscripting/Runtime/VisualScripting.Flow/Framework/Time/WaitForSecondsUnit.cs
 0.1 kb	 0.0% Packages/com.unity.visualscripting/Runtime/VisualScripting.Flow/Framework/Time/WaitForNextFrameUnit.cs
 0.1 kb	 0.0% Packages/com.unity.visualscripting/Runtime/VisualScripting.Flow/Framework/Math/Vector4/Vector4MoveTowards.cs
 0.1 kb	 0.0% Packages/com.unity.visualscripting/Runtime/VisualScripting.Flow/Framework/Math/Vector4/Vector4DotProduct.cs
 0.1 kb	 0.0% Packages/com.unity.visualscripting/Runtime/VisualScripting.Flow/Framework/Math/Vector4/DeprecatedVector4Add.cs
 0.1 kb	 0.0% Packages/com.unity.visualscripting/Runtime/VisualScripting.Flow/Framework/Math/Vector3/Vector3MoveTowards.cs
 0.1 kb	 0.0% Packages/com.unity.visualscripting/Runtime/VisualScripting.Flow/Framework/Math/Vector3/Vector3DotProduct.cs
 0.1 kb	 0.0% Packages/com.unity.visualscripting/Runtime/VisualScripting.Flow/Framework/Math/Vector3/Vector3CrossProduct.cs
 0.1 kb	 0.0% Packages/com.unity.visualscripting/Runtime/VisualScripting.Flow/Framework/Math/Vector3/DeprecatedVector3Add.cs
 0.1 kb	 0.0% Packages/com.unity.visualscripting/Runtime/VisualScripting.Flow/Framework/Math/Vector2/Vector2MoveTowards.cs
 0.1 kb	 0.0% Packages/com.unity.visualscripting/Runtime/VisualScripting.Flow/Framework/Math/Vector2/Vector2DotProduct.cs
 0.1 kb	 0.0% Packages/com.unity.visualscripting/Runtime/VisualScripting.Flow/Framework/Math/Vector2/DeprecatedVector2Add.cs
 0.1 kb	 0.0% Packages/com.unity.visualscripting/Runtime/VisualScripting.Flow/Framework/Math/Scalar/ScalarMoveTowards.cs
 0.1 kb	 0.0% Packages/com.unity.visualscripting/Runtime/VisualScripting.Flow/Framework/Math/Scalar/ScalarExponentiate.cs
 0.1 kb	 0.0% Packages/com.unity.visualscripting/Runtime/VisualScripting.Flow/Framework/Math/Scalar/DeprecatedScalarAdd.cs
 0.1 kb	 0.0% Packages/com.unity.visualscripting/Runtime/VisualScripting.Flow/Framework/Math/Generic/DeprecatedGenericAdd.cs
 0.1 kb	 0.0% Packages/com.unity.visualscripting/Runtime/VisualScripting.Flow/Framework/Logic/NumericComparison.cs
 0.1 kb	 0.0% Packages/com.unity.visualscripting/Runtime/VisualScripting.Flow/Framework/Logic/EqualityComparison.cs
 0.1 kb	 0.0% Packages/com.unity.visualscripting/Runtime/VisualScripting.Flow/Framework/Logic/BinaryComparisonUnit.cs
 0.1 kb	 0.0% Packages/com.unity.visualscripting/Runtime/VisualScripting.Flow/Framework/Logic/ApproximatelyEqual.cs
 0.1 kb	 0.0% Packages/com.unity.visualscripting/Runtime/VisualScripting.Flow/Framework/Events/TriggerCustomEvent.cs
 0.1 kb	 0.0% Packages/com.unity.visualscripting/Runtime/VisualScripting.Flow/Framework/Events/Rendering/OnBecameInvisible.cs
 0.1 kb	 0.0% Packages/com.unity.visualscripting/Runtime/VisualScripting.Flow/Framework/Events/Physics2D/TriggerEvent2DUnit.cs
 0.1 kb	 0.0% Packages/com.unity.visualscripting/Runtime/VisualScripting.Flow/Framework/Events/Physics2D/OnCollisionStay2D.cs
 0.1 kb	 0.0% Packages/com.unity.visualscripting/Runtime/VisualScripting.Flow/Framework/Events/Physics2D/OnCollisionExit2D.cs
 0.1 kb	 0.0% Packages/com.unity.visualscripting/Runtime/VisualScripting.Flow/Framework/Events/Physics2D/OnCollisionEnter2D.cs
 0.1 kb	 0.0% Packages/com.unity.visualscripting/Runtime/VisualScripting.Flow/Framework/Events/Physics2D/CollisionEvent2DUnit.cs
 0.1 kb	 0.0% Packages/com.unity.visualscripting/Runtime/VisualScripting.Flow/Framework/Events/Physics/OnParticleCollision.cs
 0.1 kb	 0.0% Packages/com.unity.visualscripting/Runtime/VisualScripting.Flow/Framework/Events/Physics/CollisionEventUnit.cs
 0.1 kb	 0.0% Packages/com.unity.visualscripting/Runtime/VisualScripting.Flow/Framework/Events/Navigation/OnDestinationReached.cs
 0.1 kb	 0.0% Packages/com.unity.visualscripting/Runtime/VisualScripting.Flow/Framework/Events/Input/OnMouseUpAsButton.cs
 0.1 kb	 0.0% Packages/com.unity.visualscripting/Runtime/VisualScripting.Flow/Framework/Events/GUI/OnToggleValueChanged.cs
 0.1 kb	 0.0% Packages/com.unity.visualscripting/Runtime/VisualScripting.Flow/Framework/Events/GUI/OnSliderValueChanged.cs
 0.1 kb	 0.0% Packages/com.unity.visualscripting/Runtime/VisualScripting.Flow/Framework/Events/GUI/OnInputFieldEndEdit.cs
 0.1 kb	 0.0% Packages/com.unity.visualscripting/Runtime/VisualScripting.Flow/Framework/Events/GUI/GenericGuiEventUnit.cs
 0.1 kb	 0.0% Packages/com.unity.visualscripting/Runtime/VisualScripting.Flow/Framework/Events/Editor/OnDrawGizmosSelected.cs
 0.1 kb	 0.0% Packages/com.unity.visualscripting/Runtime/VisualScripting.Flow/Framework/Events/Application/OnApplicationResume.cs
 0.1 kb	 0.0% Packages/com.unity.visualscripting/Runtime/VisualScripting.Flow/Framework/Events/Application/OnApplicationQuit.cs
 0.1 kb	 0.0% Packages/com.unity.visualscripting/Runtime/VisualScripting.Flow/Framework/Events/Application/OnApplicationPause.cs
 0.1 kb	 0.0% Packages/com.unity.visualscripting/Runtime/VisualScripting.Flow/Framework/Events/Application/OnApplicationFocus.cs
 0.1 kb	 0.0% Packages/com.unity.visualscripting/Runtime/VisualScripting.Flow/Framework/Events/Animation/BoltAnimationEvent.cs
 0.1 kb	 0.0% Packages/com.unity.visualscripting/Runtime/VisualScripting.Flow/Framework/Collections/Dictionaries/SetDictionaryItem.cs
 0.1 kb	 0.0% Packages/com.unity.visualscripting/Runtime/VisualScripting.Flow/Framework/Collections/Dictionaries/RemoveDictionaryItem.cs
 0.1 kb	 0.0% Packages/com.unity.visualscripting/Runtime/VisualScripting.Flow/Framework/Collections/Dictionaries/MergeDictionaries.cs
 0.1 kb	 0.0% Packages/com.unity.visualscripting/Runtime/VisualScripting.Flow/Framework/Collections/Dictionaries/GetDictionaryItem.cs
 0.1 kb	 0.0% Packages/com.unity.visualscripting/Runtime/VisualScripting.Flow/Framework/Collections/Dictionaries/AddDictionaryItem.cs
 0.1 kb	 0.0% Packages/com.unity.visualscripting/Runtime/VisualScripting.Flow/EditorBinding/UnitTitleAttribute.cs
 0.1 kb	 0.0% Packages/com.unity.visualscripting/Runtime/VisualScripting.Flow/EditorBinding/UnitOrderAttribute.cs
 0.1 kb	 0.0% Packages/com.unity.visualscripting/Runtime/VisualScripting.Flow/EditorBinding/SpecialUnitAttribute.cs
 0.1 kb	 0.0% Packages/com.unity.visualscripting/Runtime/VisualScripting.Flow/EditorBinding/PortLabelAttribute.cs
 0.1 kb	 0.0% Packages/com.unity.visualscripting/Runtime/VisualScripting.Flow/Dependencies/NCalc/NCalcParser.cs
 0.1 kb	 0.0% Packages/com.unity.visualscripting/Runtime/VisualScripting.Flow/Dependencies/NCalc/NCalcLexer.cs
 0.1 kb	 0.0% Packages/com.unity.visualscripting/Runtime/VisualScripting.Flow/Dependencies/NCalc/FunctionArgs.cs
 0.1 kb	 0.0% Packages/com.unity.visualscripting/Runtime/VisualScripting.Flow/Dependencies/NCalc/Expression.cs
 0.1 kb	 0.0% Packages/com.unity.visualscripting/Runtime/VisualScripting.Flow/Connections/InvalidConnection.cs
 0.1 kb	 0.0% Packages/com.unity.visualscripting/Runtime/VisualScripting.Flow/Connections/ControlConnection.cs
 0.1 kb	 0.0% Packages/com.unity.visualscripting/Runtime/VisualScripting.Core/Variables/VariableDeclarations.cs
 0.1 kb	 0.0% Packages/com.unity.visualscripting/Runtime/VisualScripting.Core/Variables/VariableDeclaration.cs
 0.1 kb	 0.0% Packages/com.unity.visualscripting/Runtime/VisualScripting.Core/Variables/IGraphWithVariables.cs
 0.1 kb	 0.0% Packages/com.unity.visualscripting/Runtime/VisualScripting.Core/Variables/ApplicationVariables.cs
 0.1 kb	 0.0% Packages/com.unity.visualscripting/Runtime/VisualScripting.Core/Utilities/UnityObjectUtility.cs
 0.1 kb	 0.0% Packages/com.unity.visualscripting/Runtime/VisualScripting.Core/Utilities/ReferenceCollector.cs
 0.1 kb	 0.0% Packages/com.unity.visualscripting/Runtime/VisualScripting.Core/Utilities/CSharpNameUtility.cs
 0.1 kb	 0.0% Packages/com.unity.visualscripting/Runtime/VisualScripting.Core/Unity/SingletonAttribute.cs
 0.1 kb	 0.0% Packages/com.unity.visualscripting/Runtime/VisualScripting.Core/Unity/IUnityObjectOwnable.cs
 0.1 kb	 0.0% Packages/com.unity.visualscripting/Runtime/VisualScripting.Core/Serialization/SerializeAttribute.cs
 0.1 kb	 0.0% Packages/com.unity.visualscripting/Runtime/VisualScripting.Core/Serialization/SerializeAsAttribute.cs
 0.1 kb	 0.0% Packages/com.unity.visualscripting/Runtime/VisualScripting.Core/Serialization/SerializationData.cs
 0.1 kb	 0.0% Packages/com.unity.visualscripting/Runtime/VisualScripting.Core/Serialization/Converters/UnityObjectConverter.cs
 0.1 kb	 0.0% Packages/com.unity.visualscripting/Runtime/VisualScripting.Core/Serialization/Converters/NamespaceConverter.cs
 0.1 kb	 0.0% Packages/com.unity.visualscripting/Runtime/VisualScripting.Core/Reflection/RenamedFromAttribute.cs
 0.1 kb	 0.0% Packages/com.unity.visualscripting/Runtime/VisualScripting.Core/Reflection/Optimization/StaticInvokerBase.cs
 0.1 kb	 0.0% Packages/com.unity.visualscripting/Runtime/VisualScripting.Core/Reflection/Optimization/ReflectionInvoker.cs
 0.1 kb	 0.0% Packages/com.unity.visualscripting/Runtime/VisualScripting.Core/Reflection/Optimization/OptimizedReflection.cs
 0.1 kb	 0.0% Packages/com.unity.visualscripting/Runtime/VisualScripting.Core/Reflection/Optimization/IOptimizedInvoker.cs
 0.1 kb	 0.0% Packages/com.unity.visualscripting/Runtime/VisualScripting.Core/Reflection/Optimization/IOptimizedAccessor.cs
 0.1 kb	 0.0% Packages/com.unity.visualscripting/Runtime/VisualScripting.Core/Reflection/Operators/UnaryOperatorHandler.cs
 0.1 kb	 0.0% Packages/com.unity.visualscripting/Runtime/VisualScripting.Core/Reflection/Operators/SubtractionHandler.cs
 0.1 kb	 0.0% Packages/com.unity.visualscripting/Runtime/VisualScripting.Core/Reflection/Operators/RightShiftHandler.cs
 0.1 kb	 0.0% Packages/com.unity.visualscripting/Runtime/VisualScripting.Core/Reflection/Operators/OperatorException.cs
 0.1 kb	 0.0% Packages/com.unity.visualscripting/Runtime/VisualScripting.Core/Reflection/Operators/InequalityHandler.cs
 0.1 kb	 0.0% Packages/com.unity.visualscripting/Runtime/VisualScripting.Core/Reflection/Operators/GreaterThanHandler.cs
 0.1 kb	 0.0% Packages/com.unity.visualscripting/Runtime/VisualScripting.Core/Reflection/Operators/ExclusiveOrHandler.cs
 0.1 kb	 0.0% Packages/com.unity.visualscripting/Runtime/VisualScripting.Core/Reflection/MemberInfoComparer.cs
 0.1 kb	 0.0% Packages/com.unity.visualscripting/Runtime/VisualScripting.Core/Reflection/LooseAssemblyName.cs
 0.1 kb	 0.0% Packages/com.unity.visualscripting/Runtime/VisualScripting.Core/Reflection/IAttributeProvider.cs
 0.1 kb	 0.0% Packages/com.unity.visualscripting/Runtime/VisualScripting.Core/Reflection/ConversionUtility.cs
 0.1 kb	 0.0% Packages/com.unity.visualscripting/Runtime/VisualScripting.Core/Listeners/UnityMessageListener.cs
 0.1 kb	 0.0% Packages/com.unity.visualscripting/Runtime/VisualScripting.Core/Listeners/IGraphEventListener.cs
 0.1 kb	 0.0% Packages/com.unity.visualscripting/Runtime/VisualScripting.Core/Graphs/IGraphParentElement.cs
 0.1 kb	 0.0% Packages/com.unity.visualscripting/Runtime/VisualScripting.Core/Graphs/IGraphNesterElement.cs
 0.1 kb	 0.0% Packages/com.unity.visualscripting/Runtime/VisualScripting.Core/Graphs/IGraphElementData.cs
 0.1 kb	 0.0% Packages/com.unity.visualscripting/Runtime/VisualScripting.Core/Events/FrameDelayedCallback.cs
 0.1 kb	 0.0% Packages/com.unity.visualscripting/Runtime/VisualScripting.Core/Events/EventHookComparer.cs
 0.1 kb	 0.0% Packages/com.unity.visualscripting/Runtime/VisualScripting.Core/Ensure/ExceptionMessages.cs
 0.1 kb	 0.0% Packages/com.unity.visualscripting/Runtime/VisualScripting.Core/EditorBinding/TypeIconAttribute.cs
 0.1 kb	 0.0% Packages/com.unity.visualscripting/Runtime/VisualScripting.Core/EditorBinding/PredictableAttribute.cs
 0.1 kb	 0.0% Packages/com.unity.visualscripting/Runtime/VisualScripting.Core/EditorBinding/InspectableAttribute.cs
 0.1 kb	 0.0% Packages/com.unity.visualscripting/Runtime/VisualScripting.Core/EditorBinding/EditorTimeBinding.cs
 0.1 kb	 0.0% Packages/com.unity.visualscripting/Runtime/VisualScripting.Core/EditorBinding/EditorBindingUtility.cs
 0.1 kb	 0.0% Packages/com.unity.visualscripting/Runtime/VisualScripting.Core/EditorBinding/AllowsNullAttribute.cs
 0.1 kb	 0.0% Packages/com.unity.visualscripting/Runtime/VisualScripting.Core/Dependencies/FullSerializer/Internal/fsOption.cs
 0.1 kb	 0.0% Packages/com.unity.visualscripting/Runtime/VisualScripting.Core/Decorators/IDecoratorAttribute.cs
 0.1 kb	 0.0% Packages/com.unity.visualscripting/Runtime/VisualScripting.Core/Cloning/Cloners/AnimationCurveCloner.cs
 0.1 kb	 0.0% Packages/com.unity.ugui/Runtime/TMP/TMP_DynamicFontAssetUtilities.cs
 0.1 kb	 0.0% Packages/com.unity.timeline/Runtime/Utilities/AnimationPreviewUtilities.cs
 0.1 kb	 0.0% Packages/com.unity.timeline/Runtime/Playables/TimeNotificationBehaviour.cs
 0.1 kb	 0.0% Packages/com.unity.timeline/Runtime/Playables/ActivationControlPlayable.cs
 0.1 kb	 0.0% Packages/com.unity.timeline/Runtime/Events/INotificationOptionProvider.cs
 0.1 kb	 0.0% Packages/com.unity.render-pipelines.high-definition/Runtime/Core/Textures/EncodeBC6H.cs
 0.1 kb	 0.0% Packages/com.unity.render-pipelines.core/Runtime/XR/XRSRPSettings.cs
 0.1 kb	 0.0% Packages/com.unity.render-pipelines.core/Runtime/Volume/VolumeProfile.cs
 0.1 kb	 0.0% Packages/com.unity.render-pipelines.core/Runtime/Volume/VolumeParameter.cs
 0.1 kb	 0.0% Packages/com.unity.render-pipelines.core/Runtime/Volume/VolumeManager.cs
 0.1 kb	 0.0% Packages/com.unity.render-pipelines.core/Runtime/Volume/VolumeComponent.cs
 0.1 kb	 0.0% Packages/com.unity.render-pipelines.core/Runtime/Volume/VolumeCollection.cs
 0.1 kb	 0.0% Packages/com.unity.render-pipelines.core/Runtime/Volume/KeyframeUtility.cs
 0.1 kb	 0.0% Packages/com.unity.render-pipelines.core/Runtime/Utilities/TileLayoutUtils.cs
 0.1 kb	 0.0% Packages/com.unity.render-pipelines.core/Runtime/Utilities/TextureGradient.cs
 0.1 kb	 0.0% Packages/com.unity.render-pipelines.core/Runtime/Utilities/ResourceReloader.cs
 0.1 kb	 0.0% Packages/com.unity.render-pipelines.core/Runtime/Utilities/LightUnitUtils.cs
 0.1 kb	 0.0% Packages/com.unity.render-pipelines.core/Runtime/Utilities/HaltonSequence.cs
 0.1 kb	 0.0% Packages/com.unity.render-pipelines.core/Runtime/Utilities/HDROutputUtils.cs
 0.1 kb	 0.0% Packages/com.unity.render-pipelines.core/Runtime/Utilities/GPUPrefixSum/GPUPrefixSum.Data.cs
 0.1 kb	 0.0% Packages/com.unity.render-pipelines.core/Runtime/Utilities/DelegateUtility.cs
 0.1 kb	 0.0% Packages/com.unity.render-pipelines.core/Runtime/Utilities/CoreMatrixUtils.cs
 0.1 kb	 0.0% Packages/com.unity.render-pipelines.core/Runtime/Utilities/ColorSpaceUtils.cs
 0.1 kb	 0.0% Packages/com.unity.render-pipelines.core/Runtime/Utilities/ArrayExtensions.cs
 0.1 kb	 0.0% Packages/com.unity.render-pipelines.core/Runtime/Textures/Texture2DAtlas.cs
 0.1 kb	 0.0% Packages/com.unity.render-pipelines.core/Runtime/Textures/RTHandleSystem.cs
 0.1 kb	 0.0% Packages/com.unity.render-pipelines.core/Runtime/RenderPipeline/IVolumetricCloud.cs
 0.1 kb	 0.0% Packages/com.unity.render-pipelines.core/Runtime/RenderPipeline/ICloudBackground.cs
 0.1 kb	 0.0% Packages/com.unity.render-pipelines.core/Runtime/RenderGraph/RenderGraphCompilationCache.cs
 0.1 kb	 0.0% Packages/com.unity.render-pipelines.core/Runtime/PostProcessing/LensFlareDataSRP.cs
 0.1 kb	 0.0% Packages/com.unity.render-pipelines.core/Runtime/Lighting/ProbeVolume/ProbeBrickPool.cs
 0.1 kb	 0.0% Packages/com.unity.render-pipelines.core/Runtime/Lighting/ProbeVolume/ProbeBrickIndex.cs
 0.1 kb	 0.0% Packages/com.unity.render-pipelines.core/Runtime/GPUDriven/InstanceData/InstanceType.cs
 0.1 kb	 0.0% Packages/com.unity.render-pipelines.core/Runtime/GPUDriven/InstanceData/InstanceData.cs
 0.1 kb	 0.0% Packages/com.unity.render-pipelines.core/Runtime/Debugging/ProfilingScope.cs
 0.1 kb	 0.0% Packages/com.unity.render-pipelines.core/Runtime/Debugging/FrameTiming/FrameTimeSample.cs
 0.1 kb	 0.0% Packages/com.unity.render-pipelines.core/Runtime/Debugging/DebugManager.UIState.cs
 0.1 kb	 0.0% Packages/com.unity.render-pipelines.core/Runtime/Debugging/DebugManager.Actions.cs
 0.1 kb	 0.0% Packages/com.unity.render-pipelines.core/Runtime/Debugging/DebugFrameTiming.cs
 0.1 kb	 0.0% Packages/com.unity.render-pipelines.core/Runtime/Common/SerializableEnum.cs
 0.1 kb	 0.0% Packages/com.unity.render-pipelines.core/Runtime/Common/ReloadAttribute.cs
 0.1 kb	 0.0% Packages/com.unity.render-pipelines.core/Runtime/Common/IAdditionalData.cs
 0.1 kb	 0.0% Packages/com.unity.render-pipelines.core/Runtime/Common/DynamicString.cs
 0.1 kb	 0.0% Packages/com.unity.render-pipelines.core/Runtime/Common/CoreUnsafeUtils.cs
 0.1 kb	 0.0% Packages/com.unity.render-pipelines.core/Runtime/Common/ContextContainer.cs
 0.1 kb	 0.0% Packages/com.unity.render-pipelines.core/Runtime/Common/ConstantBuffer.cs
 0.1 kb	 0.0% Packages/com.unity.render-pipelines.core/Runtime/Camera/CameraSwitcher.cs
 0.1 kb	 0.0% Packages/com.unity.collections/Unity.Collections/NativeNotBurstCompatible.cs
 0.1 kb	 0.0% Assets/_Game/Scripts/Environment/WindEnvironmentConsumer.cs
 0.1 kb	 0.0% Assets/_Game/Scripts/Debug/InteractionValidationRunner.cs
 0.1 kb	 0.0% Assets/_Game/Scripts/Debug/CloudMotionValidationRunner.cs
 0.1 kb	 0.0% Packages/com.unity.visualscripting/Runtime/VisualScripting.Core/Ensure/EnsureThat.ValueTypes.cs
 0.1 kb	 0.0% Packages/com.unity.visualscripting/Runtime/VisualScripting.Core/Ensure/EnsureThat.Reflection.cs
 0.1 kb	 0.0% Packages/com.unity.visualscripting/Runtime/VisualScripting.Core/Ensure/EnsureThat.Comparables.cs
 0.1 kb	 0.0% Packages/com.unity.visualscripting/Runtime/VisualScripting.Core/Ensure/EnsureThat.Collections.cs
 0.1 kb	 0.0% Packages/com.unity.visualscripting/Runtime/VisualScripting.Core/Dependencies/FullSerializer/fsSerializer.cs
 0.1 kb	 0.0% Packages/com.unity.visualscripting/Runtime/VisualScripting.Core/Dependencies/FullSerializer/fsJsonParser.cs
 0.1 kb	 0.0% Packages/com.unity.visualscripting/Runtime/VisualScripting.Core/Dependencies/FullSerializer/fsConverter.cs
 0.1 kb	 0.0% Packages/com.unity.visualscripting/Runtime/VisualScripting.Core/Dependencies/FullSerializer/fsContext.cs
 0.1 kb	 0.0% Packages/com.unity.visualscripting/Runtime/VisualScripting.Core/Dependencies/FullSerializer/Reflection/fsTypeCache.cs
 0.1 kb	 0.0% Packages/com.unity.visualscripting/Runtime/VisualScripting.Core/Dependencies/FullSerializer/Reflection/fsMetaType.cs
 0.1 kb	 0.0% Packages/com.unity.visualeffectgraph/Runtime/Utilities/VFXRuntimeResources.cs
 0.1 kb	 0.0% Packages/com.unity.visualeffectgraph/Runtime/Utilities/PropertyBinding/VFXBinderBase.cs
 0.1 kb	 0.0% Packages/com.unity.visualeffectgraph/Runtime/Utilities/PropertyBinding/Implementation/VFXTerrainBinder.cs
 0.1 kb	 0.0% Packages/com.unity.visualeffectgraph/Runtime/Utilities/PropertyBinding/Implementation/VFXSphereBinder.cs
 0.1 kb	 0.0% Packages/com.unity.visualeffectgraph/Runtime/Utilities/PropertyBinding/Implementation/VFXRaycastBinder.cs
 0.1 kb	 0.0% Packages/com.unity.visualeffectgraph/Runtime/Utilities/PropertyBinding/Implementation/VFXPlaneBinder.cs
 0.1 kb	 0.0% Packages/com.unity.visualeffectgraph/Runtime/Utilities/PropertyBinding/Implementation/VFXLightBinder.cs
 0.1 kb	 0.0% Packages/com.unity.visualeffectgraph/Runtime/Utilities/PropertyBinding/Implementation/VFXEnabledBinder.cs
 0.1 kb	 0.0% Packages/com.unity.visualeffectgraph/Runtime/Utilities/PropertyBinding/ExposedProperty.cs
 0.1 kb	 0.0% Packages/com.unity.visualeffectgraph/Runtime/Utilities/Playables/VisualEffectActivationDeprecated/VisualEffectActivationClip.cs
 0.1 kb	 0.0% Packages/com.unity.visualeffectgraph/Runtime/CustomSpawners/SpawnOverDistance.cs
 0.1 kb	 0.0% Packages/com.unity.ugui/Runtime/UGUI/EventSystem/InputModules/StandaloneInputModule.cs
 0.1 kb	 0.0% Packages/com.unity.rendering.light-transport/Runtime/UnifiedRayTracing/Compute/RadeonRays/StringIDs.cs
 0.1 kb	 0.0% Packages/com.unity.rendering.light-transport/Runtime/UnifiedRayTracing/Compute/RadeonRays/Common.cs
 0.1 kb	 0.0% Packages/com.unity.rendering.light-transport/Runtime/UnifiedRayTracing/Compute/RadeonRays/BvhCheck.cs
 0.1 kb	 0.0% Packages/com.unity.render-pipelines.high-definition/Runtime/Material/Lit/Lit.cs
 0.1 kb	 0.0% Packages/com.unity.render-pipelines.high-definition/Runtime/Material/Hair/Hair.cs
 0.1 kb	 0.0% Packages/com.unity.render-pipelines.high-definition/Runtime/Material/Eye/Eye.cs
 0.1 kb	 0.0% Packages/com.unity.render-pipelines.high-definition/Runtime/Material/AxF/AxF.cs
 0.1 kb	 0.0% Packages/com.unity.render-pipelines.high-definition/Runtime/Lighting/AtmosphericScattering/Fog.cs
 0.1 kb	 0.0% Packages/com.unity.render-pipelines.core/Runtime/XR/XRView.cs
 0.1 kb	 0.0% Packages/com.unity.render-pipelines.core/Runtime/XR/XRSystem.cs
 0.1 kb	 0.0% Packages/com.unity.render-pipelines.core/Runtime/XR/XRPass.cs
 0.1 kb	 0.0% Packages/com.unity.render-pipelines.core/Runtime/XR/XRLayout.cs
 0.1 kb	 0.0% Packages/com.unity.render-pipelines.core/Runtime/GPUDriven/BatchLayers.cs
 0.1 kb	 0.0% Packages/com.unity.render-pipelines.core/Runtime/Debugging/DebugUI.Containers.cs
 0.1 kb	 0.0% Packages/com.unity.multiplayer.center/Common/AnswerData.cs
 0.1 kb	 0.0% Packages/com.unity.collections/Unity.Collections/UnsafeBitArray.cs
 0.1 kb	 0.0% Packages/com.unity.collections/Unity.Collections/UTF8ArrayUnsafeUtility.cs
 0.1 kb	 0.0% Packages/com.unity.collections/Unity.Collections/StreamCompressionModel.cs
 0.1 kb	 0.0% Packages/com.unity.collections/Unity.Collections/NativeArrayExtensions.cs
 0.1 kb	 0.0% Packages/com.unity.collections/Unity.Collections/FixedStringInternalMethods.cs
 0.1 kb	 0.0% Packages/com.unity.collections/Unity.Collections/FixedStringFormatMethods.gen.cs
 0.1 kb	 0.0% Packages/com.unity.burst/Runtime/CompilerServices/SkipLocalsInitAttribute.cs
 0.1 kb	 0.0% Packages/com.unity.burst/Runtime/CompilerServices/IgnoreWarningAttribute.cs
 0.1 kb	 0.0% Packages/com.unity.visualscripting/Runtime/VisualScripting.State/Units/SetStateGraph.cs
 0.1 kb	 0.0% Packages/com.unity.visualscripting/Runtime/VisualScripting.State/Units/GetStateGraphs.cs
 0.1 kb	 0.0% Packages/com.unity.visualscripting/Runtime/VisualScripting.State/Units/GetStateGraph.cs
 0.1 kb	 0.0% Packages/com.unity.visualscripting/Runtime/VisualScripting.State/StateTransition.cs
 0.1 kb	 0.0% Packages/com.unity.visualscripting/Runtime/VisualScripting.State/StateGraphData.cs
 0.1 kb	 0.0% Packages/com.unity.visualscripting/Runtime/VisualScripting.State/StateGraphAsset.cs
 0.1 kb	 0.0% Packages/com.unity.visualscripting/Runtime/VisualScripting.State/StateEventHooks.cs
 0.1 kb	 0.0% Packages/com.unity.visualscripting/Runtime/VisualScripting.State/IStateTransition.cs
 0.1 kb	 0.0% Packages/com.unity.visualscripting/Runtime/VisualScripting.State/IStateDebugData.cs
 0.1 kb	 0.0% Packages/com.unity.visualscripting/Runtime/VisualScripting.State/Framework/Graph/HasStateGraph.cs
 0.1 kb	 0.0% Packages/com.unity.visualscripting/Runtime/VisualScripting.Flow/UnitPreservation.cs
 0.1 kb	 0.0% Packages/com.unity.visualscripting/Runtime/VisualScripting.Flow/ScriptMachine.cs
 0.1 kb	 0.0% Packages/com.unity.visualscripting/Runtime/VisualScripting.Flow/ScriptGraphAsset.cs
 0.1 kb	 0.0% Packages/com.unity.visualscripting/Runtime/VisualScripting.Flow/Ports/InvalidOutput.cs
 0.1 kb	 0.0% Packages/com.unity.visualscripting/Runtime/VisualScripting.Flow/Ports/IUnitValuePort.cs
 0.1 kb	 0.0% Packages/com.unity.visualscripting/Runtime/VisualScripting.Flow/Ports/IUnitOutputPort.cs
 0.1 kb	 0.0% Packages/com.unity.visualscripting/Runtime/VisualScripting.Flow/Ports/IUnitInvalidPort.cs
 0.1 kb	 0.0% Packages/com.unity.visualscripting/Runtime/VisualScripting.Flow/Ports/IUnitInputPort.cs
 0.1 kb	 0.0% Packages/com.unity.visualscripting/Runtime/VisualScripting.Flow/Ports/IUnitControlPort.cs
 0.1 kb	 0.0% Packages/com.unity.visualscripting/Runtime/VisualScripting.Flow/Ports/ControlOutput.cs
 0.1 kb	 0.0% Packages/com.unity.visualscripting/Runtime/VisualScripting.Flow/MultiInputUnit.cs
 0.1 kb	 0.0% Packages/com.unity.visualscripting/Runtime/VisualScripting.Flow/IUnitDebugData.cs
 0.1 kb	 0.0% Packages/com.unity.visualscripting/Runtime/VisualScripting.Flow/Framework/Variables/SaveVariables.cs
 0.1 kb	 0.0% Packages/com.unity.visualscripting/Runtime/VisualScripting.Flow/Framework/Variables/Obsolete/SetVariableUnit.cs
 0.1 kb	 0.0% Packages/com.unity.visualscripting/Runtime/VisualScripting.Flow/Framework/Variables/Obsolete/SetSceneVariable.cs
 0.1 kb	 0.0% Packages/com.unity.visualscripting/Runtime/VisualScripting.Flow/Framework/Variables/Obsolete/SetSavedVariable.cs
 0.1 kb	 0.0% Packages/com.unity.visualscripting/Runtime/VisualScripting.Flow/Framework/Variables/Obsolete/SetGraphVariable.cs
 0.1 kb	 0.0% Packages/com.unity.visualscripting/Runtime/VisualScripting.Flow/Framework/Variables/Obsolete/IVariableUnit.cs
 0.1 kb	 0.0% Packages/com.unity.visualscripting/Runtime/VisualScripting.Flow/Framework/Variables/Obsolete/GetVariableUnit.cs
 0.1 kb	 0.0% Packages/com.unity.visualscripting/Runtime/VisualScripting.Flow/Framework/Variables/Obsolete/GetSceneVariable.cs
 0.1 kb	 0.0% Packages/com.unity.visualscripting/Runtime/VisualScripting.Flow/Framework/Variables/Obsolete/GetSavedVariable.cs
 0.1 kb	 0.0% Packages/com.unity.visualscripting/Runtime/VisualScripting.Flow/Framework/Variables/Obsolete/GetGraphVariable.cs
 0.1 kb	 0.0% Packages/com.unity.visualscripting/Runtime/VisualScripting.Flow/Framework/Time/WaitWhileUnit.cs
 0.1 kb	 0.0% Packages/com.unity.visualscripting/Runtime/VisualScripting.Flow/Framework/Time/WaitUntilUnit.cs
 0.1 kb	 0.0% Packages/com.unity.visualscripting/Runtime/VisualScripting.Flow/Framework/Math/Vector4/Vector4Subtract.cs
 0.1 kb	 0.0% Packages/com.unity.visualscripting/Runtime/VisualScripting.Flow/Framework/Math/Vector4/Vector4PerSecond.cs
 0.1 kb	 0.0% Packages/com.unity.visualscripting/Runtime/VisualScripting.Flow/Framework/Math/Vector4/Vector4Normalize.cs
 0.1 kb	 0.0% Packages/com.unity.visualscripting/Runtime/VisualScripting.Flow/Framework/Math/Vector4/Vector4Multiply.cs
 0.1 kb	 0.0% Packages/com.unity.visualscripting/Runtime/VisualScripting.Flow/Framework/Math/Vector4/Vector4Modulo.cs
 0.1 kb	 0.0% Packages/com.unity.visualscripting/Runtime/VisualScripting.Flow/Framework/Math/Vector4/Vector4Minimum.cs
 0.1 kb	 0.0% Packages/com.unity.visualscripting/Runtime/VisualScripting.Flow/Framework/Math/Vector4/Vector4Maximum.cs
 0.1 kb	 0.0% Packages/com.unity.visualscripting/Runtime/VisualScripting.Flow/Framework/Math/Vector4/Vector4Divide.cs
 0.1 kb	 0.0% Packages/com.unity.visualscripting/Runtime/VisualScripting.Flow/Framework/Math/Vector4/Vector4Distance.cs
 0.1 kb	 0.0% Packages/com.unity.visualscripting/Runtime/VisualScripting.Flow/Framework/Math/Vector4/Vector4Average.cs
 0.1 kb	 0.0% Packages/com.unity.visualscripting/Runtime/VisualScripting.Flow/Framework/Math/Vector4/Vector4Absolute.cs
 0.1 kb	 0.0% Packages/com.unity.visualscripting/Runtime/VisualScripting.Flow/Framework/Math/Vector3/Vector3Subtract.cs
 0.1 kb	 0.0% Packages/com.unity.visualscripting/Runtime/VisualScripting.Flow/Framework/Math/Vector3/Vector3Project.cs
 0.1 kb	 0.0% Packages/com.unity.visualscripting/Runtime/VisualScripting.Flow/Framework/Math/Vector3/Vector3PerSecond.cs
 0.1 kb	 0.0% Packages/com.unity.visualscripting/Runtime/VisualScripting.Flow/Framework/Math/Vector3/Vector3Normalize.cs
 0.1 kb	 0.0% Packages/com.unity.visualscripting/Runtime/VisualScripting.Flow/Framework/Math/Vector3/Vector3Multiply.cs
 0.1 kb	 0.0% Packages/com.unity.visualscripting/Runtime/VisualScripting.Flow/Framework/Math/Vector3/Vector3Modulo.cs
 0.1 kb	 0.0% Packages/com.unity.visualscripting/Runtime/VisualScripting.Flow/Framework/Math/Vector3/Vector3Minimum.cs
 0.1 kb	 0.0% Packages/com.unity.visualscripting/Runtime/VisualScripting.Flow/Framework/Math/Vector3/Vector3Maximum.cs
 0.1 kb	 0.0% Packages/com.unity.visualscripting/Runtime/VisualScripting.Flow/Framework/Math/Vector3/Vector3Divide.cs
 0.1 kb	 0.0% Packages/com.unity.visualscripting/Runtime/VisualScripting.Flow/Framework/Math/Vector3/Vector3Distance.cs
 0.1 kb	 0.0% Packages/com.unity.visualscripting/Runtime/VisualScripting.Flow/Framework/Math/Vector3/Vector3Average.cs
 0.1 kb	 0.0% Packages/com.unity.visualscripting/Runtime/VisualScripting.Flow/Framework/Math/Vector3/Vector3Absolute.cs
 0.1 kb	 0.0% Packages/com.unity.visualscripting/Runtime/VisualScripting.Flow/Framework/Math/Vector2/Vector2Subtract.cs
 0.1 kb	 0.0% Packages/com.unity.visualscripting/Runtime/VisualScripting.Flow/Framework/Math/Vector2/Vector2Project.cs
 0.1 kb	 0.0% Packages/com.unity.visualscripting/Runtime/VisualScripting.Flow/Framework/Math/Vector2/Vector2PerSecond.cs
 0.1 kb	 0.0% Packages/com.unity.visualscripting/Runtime/VisualScripting.Flow/Framework/Math/Vector2/Vector2Normalize.cs
 0.1 kb	 0.0% Packages/com.unity.visualscripting/Runtime/VisualScripting.Flow/Framework/Math/Vector2/Vector2Multiply.cs
 0.1 kb	 0.0% Packages/com.unity.visualscripting/Runtime/VisualScripting.Flow/Framework/Math/Vector2/Vector2Modulo.cs
 0.1 kb	 0.0% Packages/com.unity.visualscripting/Runtime/VisualScripting.Flow/Framework/Math/Vector2/Vector2Minimum.cs
 0.1 kb	 0.0% Packages/com.unity.visualscripting/Runtime/VisualScripting.Flow/Framework/Math/Vector2/Vector2Maximum.cs
 0.1 kb	 0.0% Packages/com.unity.visualscripting/Runtime/VisualScripting.Flow/Framework/Math/Vector2/Vector2Divide.cs
 0.1 kb	 0.0% Packages/com.unity.visualscripting/Runtime/VisualScripting.Flow/Framework/Math/Vector2/Vector2Distance.cs
 0.1 kb	 0.0% Packages/com.unity.visualscripting/Runtime/VisualScripting.Flow/Framework/Math/Vector2/Vector2Average.cs
 0.1 kb	 0.0% Packages/com.unity.visualscripting/Runtime/VisualScripting.Flow/Framework/Math/Vector2/Vector2Absolute.cs
 0.1 kb	 0.0% Packages/com.unity.visualscripting/Runtime/VisualScripting.Flow/Framework/Math/Scalar/ScalarSubtract.cs
 0.1 kb	 0.0% Packages/com.unity.visualscripting/Runtime/VisualScripting.Flow/Framework/Math/Scalar/ScalarPerSecond.cs
 0.1 kb	 0.0% Packages/com.unity.visualscripting/Runtime/VisualScripting.Flow/Framework/Math/Scalar/ScalarNormalize.cs
 0.1 kb	 0.0% Packages/com.unity.visualscripting/Runtime/VisualScripting.Flow/Framework/Math/Scalar/ScalarMultiply.cs
 0.1 kb	 0.0% Packages/com.unity.visualscripting/Runtime/VisualScripting.Flow/Framework/Math/Scalar/ScalarMinimum.cs
 0.1 kb	 0.0% Packages/com.unity.visualscripting/Runtime/VisualScripting.Flow/Framework/Math/Scalar/ScalarMaximum.cs
 0.1 kb	 0.0% Packages/com.unity.visualscripting/Runtime/VisualScripting.Flow/Framework/Math/Scalar/ScalarAverage.cs
 0.1 kb	 0.0% Packages/com.unity.visualscripting/Runtime/VisualScripting.Flow/Framework/Math/Scalar/ScalarAbsolute.cs
 0.1 kb	 0.0% Packages/com.unity.visualscripting/Runtime/VisualScripting.Flow/Framework/Math/Generic/GenericSubtract.cs
 0.1 kb	 0.0% Packages/com.unity.visualscripting/Runtime/VisualScripting.Flow/Framework/Math/Generic/GenericMultiply.cs
 0.1 kb	 0.0% Packages/com.unity.visualscripting/Runtime/VisualScripting.Flow/Framework/Math/Generic/GenericModulo.cs
 0.1 kb	 0.0% Packages/com.unity.visualscripting/Runtime/VisualScripting.Flow/Framework/Math/Generic/GenericDivide.cs
 0.1 kb	 0.0% Packages/com.unity.visualscripting/Runtime/VisualScripting.Flow/Framework/Logic/GreaterOrEqual.cs
 0.1 kb	 0.0% Packages/com.unity.visualscripting/Runtime/VisualScripting.Flow/Framework/Graph/SetScriptGraph.cs
 0.1 kb	 0.0% Packages/com.unity.visualscripting/Runtime/VisualScripting.Flow/Framework/Graph/HasScriptGraph.cs
 0.1 kb	 0.0% Packages/com.unity.visualscripting/Runtime/VisualScripting.Flow/Framework/Graph/GetScriptGraphs.cs
 0.1 kb	 0.0% Packages/com.unity.visualscripting/Runtime/VisualScripting.Flow/Framework/Graph/GetScriptGraph.cs
 0.1 kb	 0.0% Packages/com.unity.visualscripting/Runtime/VisualScripting.Flow/Framework/Events/Time/OnTimerElapsed.cs
 0.1 kb	 0.0% Packages/com.unity.visualscripting/Runtime/VisualScripting.Flow/Framework/Events/Rendering/OnBecameVisible.cs
 0.1 kb	 0.0% Packages/com.unity.visualscripting/Runtime/VisualScripting.Flow/Framework/Events/Physics2D/OnTriggerStay2D.cs
 0.1 kb	 0.0% Packages/com.unity.visualscripting/Runtime/VisualScripting.Flow/Framework/Events/Physics2D/OnTriggerExit2D.cs
 0.1 kb	 0.0% Packages/com.unity.visualscripting/Runtime/VisualScripting.Flow/Framework/Events/Physics2D/OnTriggerEnter2D.cs
 0.1 kb	 0.0% Packages/com.unity.visualscripting/Runtime/VisualScripting.Flow/Framework/Events/Physics2D/OnJointBreak2D.cs
 0.1 kb	 0.0% Packages/com.unity.visualscripting/Runtime/VisualScripting.Flow/Framework/Events/Physics/TriggerEventUnit.cs
 0.1 kb	 0.0% Packages/com.unity.visualscripting/Runtime/VisualScripting.Flow/Framework/Events/Physics/OnTriggerStay.cs
 0.1 kb	 0.0% Packages/com.unity.visualscripting/Runtime/VisualScripting.Flow/Framework/Events/Physics/OnTriggerExit.cs
 0.1 kb	 0.0% Packages/com.unity.visualscripting/Runtime/VisualScripting.Flow/Framework/Events/Physics/OnTriggerEnter.cs
 0.1 kb	 0.0% Packages/com.unity.visualscripting/Runtime/VisualScripting.Flow/Framework/Events/Physics/OnCollisionStay.cs
 0.1 kb	 0.0% Packages/com.unity.visualscripting/Runtime/VisualScripting.Flow/Framework/Events/Physics/OnCollisionExit.cs
 0.1 kb	 0.0% Packages/com.unity.visualscripting/Runtime/VisualScripting.Flow/Framework/Events/Physics/OnCollisionEnter.cs
 0.1 kb	 0.0% Packages/com.unity.visualscripting/Runtime/VisualScripting.Flow/Framework/Events/Input/OnKeyboardInput.cs
 0.1 kb	 0.0% Packages/com.unity.visualscripting/Runtime/VisualScripting.Flow/Framework/Events/Input/OnButtonInput.cs
 0.1 kb	 0.0% Packages/com.unity.visualscripting/Runtime/VisualScripting.Flow/Framework/Events/Input/IMouseEventUnit.cs
 0.1 kb	 0.0% Packages/com.unity.visualscripting/Runtime/VisualScripting.Flow/Framework/Events/GUI/PointerEventUnit.cs
 0.1 kb	 0.0% Packages/com.unity.visualscripting/Runtime/VisualScripting.Flow/Framework/Events/GUI/OnPointerExit.cs
 0.1 kb	 0.0% Packages/com.unity.visualscripting/Runtime/VisualScripting.Flow/Framework/Events/GUI/OnPointerEnter.cs
 0.1 kb	 0.0% Packages/com.unity.visualscripting/Runtime/VisualScripting.Flow/Framework/Events/GUI/OnPointerDown.cs
 0.1 kb	 0.0% Packages/com.unity.visualscripting/Runtime/VisualScripting.Flow/Framework/Events/GUI/OnPointerClick.cs
 0.1 kb	 0.0% Packages/com.unity.visualscripting/Runtime/VisualScripting.Flow/Framework/Events/GUI/OnButtonClick.cs
 0.1 kb	 0.0% Packages/com.unity.visualscripting/Runtime/VisualScripting.Flow/Framework/Events/CustomEventArgs.cs
 0.1 kb	 0.0% Packages/com.unity.visualscripting/Runtime/VisualScripting.Flow/Framework/Events/BoltUnityEvent.cs
 0.1 kb	 0.0% Packages/com.unity.visualscripting/Runtime/VisualScripting.Flow/Framework/Events/Animation/OnAnimatorMove.cs
 0.1 kb	 0.0% Packages/com.unity.visualscripting/Runtime/VisualScripting.Flow/Framework/Control/SwitchOnString.cs
 0.1 kb	 0.0% Packages/com.unity.visualscripting/Runtime/VisualScripting.Flow/Framework/Control/SwitchOnInteger.cs
 0.1 kb	 0.0% Packages/com.unity.visualscripting/Runtime/VisualScripting.Flow/Framework/Control/SelectOnString.cs
 0.1 kb	 0.0% Packages/com.unity.visualscripting/Runtime/VisualScripting.Flow/Framework/Control/SelectOnInteger.cs
 0.1 kb	 0.0% Packages/com.unity.visualscripting/Runtime/VisualScripting.Flow/Framework/Collections/Lists/RemoveListItemAt.cs
 0.1 kb	 0.0% Packages/com.unity.visualscripting/Runtime/VisualScripting.Flow/Framework/Collections/Lists/RemoveListItem.cs
 0.1 kb	 0.0% Packages/com.unity.visualscripting/Runtime/VisualScripting.Flow/Framework/Collections/Lists/ListContainsItem.cs
 0.1 kb	 0.0% Packages/com.unity.visualscripting/Runtime/VisualScripting.Flow/Framework/Collections/Lists/InsertListItem.cs
 0.1 kb	 0.0% Packages/com.unity.visualscripting/Runtime/VisualScripting.Flow/Framework/Collections/Dictionaries/CreateDictionary.cs
 0.1 kb	 0.0% Packages/com.unity.visualscripting/Runtime/VisualScripting.Flow/Framework/Collections/Dictionaries/ClearDictionary.cs
 0.1 kb	 0.0% Packages/com.unity.visualscripting/Runtime/VisualScripting.Flow/FlowGraphData.cs
 0.1 kb	 0.0% Packages/com.unity.visualscripting/Runtime/VisualScripting.Flow/EditorBinding/PortKeyAttribute.cs
 0.1 kb	 0.0% Packages/com.unity.visualscripting/Runtime/VisualScripting.Flow/Connections/ValueConnection.cs
 0.1 kb	 0.0% Packages/com.unity.visualscripting/Runtime/VisualScripting.Flow/Connections/IUnitRelation.cs
 0.1 kb	 0.0% Packages/com.unity.visualscripting/Runtime/VisualScripting.Flow/Connections/IUnitConnection.cs
 0.1 kb	 0.0% Packages/com.unity.visualscripting/Runtime/VisualScripting.Core/Variables/VariablesSaver.cs
 0.1 kb	 0.0% Packages/com.unity.visualscripting/Runtime/VisualScripting.Core/Variables/VariablesAsset.cs
 0.1 kb	 0.0% Packages/com.unity.visualscripting/Runtime/VisualScripting.Core/Variables/SceneVariables.cs
 0.1 kb	 0.0% Packages/com.unity.visualscripting/Runtime/VisualScripting.Core/Variables/SavedVariables.cs
 0.1 kb	 0.0% Packages/com.unity.visualscripting/Runtime/VisualScripting.Core/Variables/ObjectVariables.cs
 0.1 kb	 0.0% Packages/com.unity.visualscripting/Runtime/VisualScripting.Core/Utilities/StringUtility.cs
 0.1 kb	 0.0% Packages/com.unity.visualscripting/Runtime/VisualScripting.Core/Utilities/IInitializable.cs
 0.1 kb	 0.0% Packages/com.unity.visualscripting/Runtime/VisualScripting.Core/Utilities/IIdentifiable.cs
 0.1 kb	 0.0% Packages/com.unity.visualscripting/Runtime/VisualScripting.Core/Utilities/ExceptionUtility.cs
 0.1 kb	 0.0% Packages/com.unity.visualscripting/Runtime/VisualScripting.Core/Utilities/CoroutineRunner.cs
 0.1 kb	 0.0% Packages/com.unity.visualscripting/Runtime/VisualScripting.Core/Unity/LudiqBehaviour.cs
 0.1 kb	 0.0% Packages/com.unity.visualscripting/Runtime/VisualScripting.Core/Serialization/Serialization.cs
 0.1 kb	 0.0% Packages/com.unity.visualscripting/Runtime/VisualScripting.Core/Serialization/SerializableType.cs
 0.1 kb	 0.0% Packages/com.unity.visualscripting/Runtime/VisualScripting.Core/Serialization/DictionaryAsset.cs
 0.1 kb	 0.0% Packages/com.unity.visualscripting/Runtime/VisualScripting.Core/Serialization/Converters/Ray2DConverter.cs
 0.1 kb	 0.0% Packages/com.unity.visualscripting/Runtime/VisualScripting.Core/Reflection/RuntimeCodebase.cs
 0.1 kb	 0.0% Packages/com.unity.visualscripting/Runtime/VisualScripting.Core/Reflection/Operators/OperatorUtility.cs
 0.1 kb	 0.0% Packages/com.unity.visualscripting/Runtime/VisualScripting.Core/Reflection/Operators/OperatorHandler.cs
 0.1 kb	 0.0% Packages/com.unity.visualscripting/Runtime/VisualScripting.Core/Reflection/Operators/ModuloHandler.cs
 0.1 kb	 0.0% Packages/com.unity.visualscripting/Runtime/VisualScripting.Core/Reflection/Operators/LessThanHandler.cs
 0.1 kb	 0.0% Packages/com.unity.visualscripting/Runtime/VisualScripting.Core/Reflection/Operators/LeftShiftHandler.cs
 0.1 kb	 0.0% Packages/com.unity.visualscripting/Runtime/VisualScripting.Core/Reflection/Operators/IncrementHandler.cs
 0.1 kb	 0.0% Packages/com.unity.visualscripting/Runtime/VisualScripting.Core/Reflection/Operators/EqualityHandler.cs
 0.1 kb	 0.0% Packages/com.unity.visualscripting/Runtime/VisualScripting.Core/Reflection/Operators/DivisionHandler.cs
 0.1 kb	 0.0% Packages/com.unity.visualscripting/Runtime/VisualScripting.Core/Reflection/Operators/DecrementHandler.cs
 0.1 kb	 0.0% Packages/com.unity.visualscripting/Runtime/VisualScripting.Core/Reflection/Operators/AdditionHandler.cs
 0.1 kb	 0.0% Packages/com.unity.visualscripting/Runtime/VisualScripting.Core/Reflection/MemberUtility.cs
 0.1 kb	 0.0% Packages/com.unity.visualscripting/Runtime/VisualScripting.Core/Reflection/AttributeUtility.cs
 0.1 kb	 0.0% Packages/com.unity.visualscripting/Runtime/VisualScripting.Core/Profiling/ProfilingUtility.cs
 0.1 kb	 0.0% Packages/com.unity.visualscripting/Runtime/VisualScripting.Core/Profiling/ProfilingScope.cs
 0.1 kb	 0.0% Packages/com.unity.visualscripting/Runtime/VisualScripting.Core/Profiling/ProfiledSegment.cs
 0.1 kb	 0.0% Packages/com.unity.visualscripting/Runtime/VisualScripting.Core/Platforms/PlatformUtility.cs
 0.1 kb	 0.0% Packages/com.unity.visualscripting/Runtime/VisualScripting.Core/Platforms/IAotStubbable.cs
 0.1 kb	 0.0% Packages/com.unity.visualscripting/Runtime/VisualScripting.Core/Listeners/MessageListener.cs
 0.1 kb	 0.0% Packages/com.unity.visualscripting/Runtime/VisualScripting.Core/Graphs/IGraphElement.cs
 0.1 kb	 0.0% Packages/com.unity.visualscripting/Runtime/VisualScripting.Core/Graphs/IGraphDebugData.cs
 0.1 kb	 0.0% Packages/com.unity.visualscripting/Runtime/VisualScripting.Core/Graphs/GraphReference.cs
 0.1 kb	 0.0% Packages/com.unity.visualscripting/Runtime/VisualScripting.Core/Graphs/GraphInstances.cs
 0.1 kb	 0.0% Packages/com.unity.visualscripting/Runtime/VisualScripting.Core/Graphs/GraphDebugData.cs
 0.1 kb	 0.0% Packages/com.unity.visualscripting/Runtime/VisualScripting.Core/Events/IEventMachine.cs
 0.1 kb	 0.0% Packages/com.unity.visualscripting/Runtime/VisualScripting.Core/Events/EmptyEventArgs.cs
 0.1 kb	 0.0% Packages/com.unity.visualscripting/Runtime/VisualScripting.Core/Ensure/EnsureThat.Strings.cs
 0.1 kb	 0.0% Packages/com.unity.visualscripting/Runtime/VisualScripting.Core/Ensure/EnsureThat.Objects.cs
 0.1 kb	 0.0% Packages/com.unity.visualscripting/Runtime/VisualScripting.Core/Ensure/EnsureThat.Booleans.cs
 0.1 kb	 0.0% Packages/com.unity.visualscripting/Runtime/VisualScripting.Core/EditorBinding/TypeSetAttribute.cs
 0.1 kb	 0.0% Packages/com.unity.visualscripting/Runtime/VisualScripting.Core/Decorators/ValueAttribute.cs
 0.1 kb	 0.0% Packages/com.unity.visualscripting/Runtime/VisualScripting.Core/Collections/AotDictionary.cs
 0.1 kb	 0.0% Packages/com.unity.visualscripting/Runtime/VisualScripting.Core/Cloning/ISpecifiesCloner.cs
 0.1 kb	 0.0% Packages/com.unity.visualscripting/Runtime/VisualScripting.Core/Cloning/CloningContext.cs
 0.1 kb	 0.0% Packages/com.unity.visualscripting/Runtime/VisualScripting.Core/Cloning/Cloners/ReflectedCloner.cs
 0.1 kb	 0.0% Packages/com.unity.visualscripting/Runtime/VisualScripting.Core/Cloning/Cloners/GradientCloner.cs
 0.1 kb	 0.0% Packages/com.unity.visualscripting/Runtime/VisualScripting.Core/Cloning/Cloners/EnumerableCloner.cs
 0.1 kb	 0.0% Packages/com.unity.visualscripting/Runtime/VisualScripting.Core/Cloning/Cloners/DictionaryCloner.cs
 0.1 kb	 0.0% Packages/com.unity.visualeffectgraph/Runtime/Utilities/SDF/MeshToSDFBaker.cs
 0.1 kb	 0.0% Packages/com.unity.ugui/Runtime/TMP/TMP_ScrollbarEventHandler.cs
 0.1 kb	 0.0% Packages/com.unity.ugui/Runtime/TMP/TMP_PackageResourceImporter.cs
 0.1 kb	 0.0% Packages/com.unity.timeline/Runtime/Utilities/TimelineCreateUtilities.cs
 0.1 kb	 0.0% Packages/com.unity.timeline/Runtime/Utilities/TimelineClipExtensions.cs
 0.1 kb	 0.0% Packages/com.unity.timeline/Runtime/Utilities/NotificationUtilities.cs
 0.1 kb	 0.0% Packages/com.unity.timeline/Runtime/Playables/PrefabControlPlayable.cs
 0.1 kb	 0.0% Packages/com.unity.timeline/Runtime/Playables/ParticleControlPlayable.cs
 0.1 kb	 0.0% Packages/com.unity.timeline/Runtime/Playables/DirectorControlPlayable.cs
 0.1 kb	 0.0% Packages/com.unity.timeline/Runtime/Events/Signals/CustomSignalEventDrawer.cs
 0.1 kb	 0.0% Packages/com.unity.timeline/Runtime/Attributes/TimelineHelpURLAttribute.cs
 0.1 kb	 0.0% Packages/com.unity.timeline/Runtime/Animation/AnimationPlayableAsset.cs
 0.1 kb	 0.0% Packages/com.unity.timeline/Runtime/Activation/ActivationPlayableAsset.cs
 0.1 kb	 0.0% Packages/com.unity.timeline/Runtime/Activation/ActivationMixerPlayable.cs
 0.1 kb	 0.0% Packages/com.unity.render-pipelines.high-definition/Runtime/RenderPipeline/HDDynamicResolution.cs
 0.1 kb	 0.0% Packages/com.unity.render-pipelines.high-definition/Runtime/Core/CoreResources/GPUCopy.cs
 0.1 kb	 0.0% Packages/com.unity.render-pipelines.core/Runtime/Volume/VolumeStack.cs
 0.1 kb	 0.0% Packages/com.unity.render-pipelines.core/Runtime/Utilities/TextureCurve.cs
 0.1 kb	 0.0% Packages/com.unity.render-pipelines.core/Runtime/Utilities/MeshGizmo.cs
 0.1 kb	 0.0% Packages/com.unity.render-pipelines.core/Runtime/Utilities/HashFNV1A32.cs
 0.1 kb	 0.0% Packages/com.unity.render-pipelines.core/Runtime/Utilities/HableCurve.cs
 0.1 kb	 0.0% Packages/com.unity.render-pipelines.core/Runtime/Utilities/GPUPrefixSum/GPUPrefixSum.cs
 0.1 kb	 0.0% Packages/com.unity.render-pipelines.core/Runtime/Utilities/CoreUtils.cs
 0.1 kb	 0.0% Packages/com.unity.render-pipelines.core/Runtime/Utilities/ColorUtils.cs
 0.1 kb	 0.0% Packages/com.unity.render-pipelines.core/Runtime/Textures/TextureXR.cs
 0.1 kb	 0.0% Packages/com.unity.render-pipelines.core/Runtime/Textures/RTHandles.cs
 0.1 kb	 0.0% Packages/com.unity.render-pipelines.core/Runtime/Stripping/IStripper.cs
 0.1 kb	 0.0% Packages/com.unity.render-pipelines.core/Runtime/ShaderLibrary/Sampling/Hammersley.cs
 0.1 kb	 0.0% Packages/com.unity.render-pipelines.core/Runtime/Lighting/ProbeVolume/ProbeVolume.cs
 0.1 kb	 0.0% Packages/com.unity.render-pipelines.core/Runtime/GPUDriven/FrustumPlanes.cs
 0.1 kb	 0.0% Packages/com.unity.render-pipelines.core/Runtime/Debugging/Prefabs/Scripts/UIFoldout.cs
 0.1 kb	 0.0% Packages/com.unity.render-pipelines.core/Runtime/Debugging/DebugUpdater.cs
 0.1 kb	 0.0% Packages/com.unity.render-pipelines.core/Runtime/Debugging/DebugUI.Panel.cs
 0.1 kb	 0.0% Packages/com.unity.render-pipelines.core/Runtime/Debugging/DebugUI.Fields.cs
 0.1 kb	 0.0% Packages/com.unity.render-pipelines.core/Runtime/Debugging/DebugShapes.cs
 0.1 kb	 0.0% Packages/com.unity.render-pipelines.core/Runtime/Debugging/DebugOverlay.cs
 0.1 kb	 0.0% Packages/com.unity.render-pipelines.core/Runtime/Debugging/DebugManager.cs
 0.1 kb	 0.0% Packages/com.unity.render-pipelines.core/Runtime/Camera/FreeCamera.cs
 0.1 kb	 0.0% Packages/com.unity.mathematics/Unity.Mathematics/PropertyAttributes.cs
 0.1 kb	 0.0% Packages/com.unity.collections/Unity.Collections/UnsafeList.cs
 0.1 kb	 0.0% Packages/com.unity.collections/Unity.Collections/FixedStringParseMethods.cs
 0.1 kb	 0.0% Packages/com.unity.collections/Unity.Collections/FixedStringAppendMethods.cs
 0.1 kb	 0.0% Assets/_Game/Scripts/Player/FootContactWaterFeedback.cs
 0.1 kb	 0.0% Assets/_Game/Scripts/Player/FirstPersonController.cs
 0.1 kb	 0.0% Assets/_Game/Scripts/Environment/WaterContactSystem.cs
 0.1 kb	 0.0% Assets/_Game/Scripts/Environment/VegetationMeshWind.cs
 0.1 kb	 0.0% Assets/_Game/Scripts/Environment/SurfaceDefinition.cs
 0.1 kb	 0.0% Assets/_Game/Scripts/Environment/CoastalLookProfile.cs
 0.1 kb	 0.0% Assets/_Game/Scripts/Debug/RefinementCaptureRunner.cs
 0.1 kb	 0.0% Packages/com.unity.visualscripting/Runtime/VisualScripting.Core/Ensure/EnsureThat.Types.cs
 0.1 kb	 0.0% Packages/com.unity.visualscripting/Runtime/VisualScripting.Core/Ensure/EnsureThat.Guids.cs
 0.1 kb	 0.0% Packages/com.unity.visualscripting/Runtime/VisualScripting.Core/Dependencies/FullSerializer/fsResult.cs
 0.1 kb	 0.0% Packages/com.unity.visualscripting/Runtime/VisualScripting.Core/Dependencies/FullSerializer/fsData.cs
 0.1 kb	 0.0% Packages/com.unity.visualscripting/Runtime/VisualScripting.Core/Dependencies/FullSerializer/fsConfig.cs
 0.1 kb	 0.0% Packages/com.unity.ugui/Runtime/UGUI/UI/Core/Utility/ReflectionMethodsCache.cs
 0.1 kb	 0.0% Packages/com.unity.ugui/Runtime/UGUI/UI/Core/MultipleDisplayUtilities.cs
 0.1 kb	 0.0% Packages/com.unity.ugui/Runtime/UGUI/UI/Core/Layout/HorizontalLayoutGroup.cs
 0.1 kb	 0.0% Packages/com.unity.ugui/Runtime/UGUI/UI/Core/IGraphicEnabledDisabled.cs
 0.1 kb	 0.0% Packages/com.unity.ugui/Runtime/UGUI/UI/Core/GraphicRebuildTracker.cs
 0.1 kb	 0.0% Packages/com.unity.ugui/Runtime/UGUI/UI/Core/Culling/RectangularVertexClipper.cs
 0.1 kb	 0.0% Packages/com.unity.ugui/Runtime/UGUI/EventSystem/UIElements/PanelEventHandler.cs
 0.1 kb	 0.0% Packages/com.unity.ugui/Runtime/UGUI/EventSystem/Raycasters/Physics2DRaycaster.cs
 0.1 kb	 0.0% Packages/com.unity.ugui/Runtime/UGUI/EventSystem/InputModules/PointerInputModule.cs
 0.1 kb	 0.0% Packages/com.unity.timeline/Runtime/TimelineAttributes.cs
 0.1 kb	 0.0% Packages/com.unity.timeline/Runtime/Playables/BasicScriptPlayable.cs
 0.1 kb	 0.0% Packages/com.unity.rendering.light-transport/Runtime/UnifiedRayTracing/Compute/RadeonRays/Scan.cs
 0.1 kb	 0.0% Packages/com.unity.render-pipelines.core/ShaderLibrary/DummyShaderLibrary.cs
 0.1 kb	 0.0% Packages/com.unity.render-pipelines.core/Runtime/Utilities/GPUSort/GPUSort.Data.cs
 0.1 kb	 0.0% Packages/com.unity.render-pipelines.core/Runtime/Utilities/BitArray.cs
 0.1 kb	 0.0% Packages/com.unity.render-pipelines.core/Runtime/Inputs/InputRegistering.cs
 0.1 kb	 0.0% Packages/com.unity.collections/Unity.Collections/UnsafeText.cs
 0.1 kb	 0.0% Packages/com.unity.collections/Unity.Collections/UnsafeStream.cs
 0.1 kb	 0.0% Packages/com.unity.collections/Unity.Collections/RewindableAllocator.cs
 0.1 kb	 0.0% Packages/com.unity.collections/Unity.Collections/FixedStringMethods.cs
 0.1 kb	 0.0% Packages/com.unity.collections/Unity.Collections/AutoFreeAllocator.cs
 0.1 kb	 0.0% Packages/com.unity.burst/Runtime/CompilerServices/AssumeRangeAttribute.cs
 0.1 kb	 0.0% Packages/com.unity.visualscripting/Runtime/VisualScripting.State/SuperState.cs
 0.1 kb	 0.0% Packages/com.unity.visualscripting/Runtime/VisualScripting.State/StateUnit.cs
 0.1 kb	 0.0% Packages/com.unity.visualscripting/Runtime/VisualScripting.State/StateMachine.cs
 0.1 kb	 0.0% Packages/com.unity.visualscripting/Runtime/VisualScripting.State/StateGraph.cs
 0.1 kb	 0.0% Packages/com.unity.visualscripting/Runtime/VisualScripting.State/OnExitState.cs
 0.1 kb	 0.0% Packages/com.unity.visualscripting/Runtime/VisualScripting.State/OnEnterState.cs
 0.1 kb	 0.0% Packages/com.unity.visualscripting/Runtime/VisualScripting.State/INesterState.cs
 0.1 kb	 0.0% Packages/com.unity.visualscripting/Runtime/VisualScripting.State/FlowState.cs
 0.1 kb	 0.0% Packages/com.unity.visualscripting/Runtime/VisualScripting.Flow/UnitCategory.cs
 0.1 kb	 0.0% Packages/com.unity.visualscripting/Runtime/VisualScripting.Flow/SubgraphUnit.cs
 0.1 kb	 0.0% Packages/com.unity.visualscripting/Runtime/VisualScripting.Flow/Ports/ValueOutput.cs
 0.1 kb	 0.0% Packages/com.unity.visualscripting/Runtime/VisualScripting.Flow/Ports/ValueInput.cs
 0.1 kb	 0.0% Packages/com.unity.visualscripting/Runtime/VisualScripting.Flow/Ports/InvalidInput.cs
 0.1 kb	 0.0% Packages/com.unity.visualscripting/Runtime/VisualScripting.Flow/Ports/IUnitPort.cs
 0.1 kb	 0.0% Packages/com.unity.visualscripting/Runtime/VisualScripting.Flow/Ports/ControlInput.cs
 0.1 kb	 0.0% Packages/com.unity.visualscripting/Runtime/VisualScripting.Flow/INesterUnit.cs
 0.1 kb	 0.0% Packages/com.unity.visualscripting/Runtime/VisualScripting.Flow/Framework/Variables/SetVariable.cs
 0.1 kb	 0.0% Packages/com.unity.visualscripting/Runtime/VisualScripting.Flow/Framework/Variables/Obsolete/VariableUnit.cs
 0.1 kb	 0.0% Packages/com.unity.visualscripting/Runtime/VisualScripting.Flow/Framework/Variables/GetVariable.cs
 0.1 kb	 0.0% Packages/com.unity.visualscripting/Runtime/VisualScripting.Flow/Framework/Time/WaitForFlow.cs
 0.1 kb	 0.0% Packages/com.unity.visualscripting/Runtime/VisualScripting.Flow/Framework/Nulls/NullCoalesce.cs
 0.1 kb	 0.0% Packages/com.unity.visualscripting/Runtime/VisualScripting.Flow/Framework/Nulls/NullCheck.cs
 0.1 kb	 0.0% Packages/com.unity.visualscripting/Runtime/VisualScripting.Flow/Framework/Nesting/GraphOutput.cs
 0.1 kb	 0.0% Packages/com.unity.visualscripting/Runtime/VisualScripting.Flow/Framework/Nesting/GraphInput.cs
 0.1 kb	 0.0% Packages/com.unity.visualscripting/Runtime/VisualScripting.Flow/Framework/MissingType.cs
 0.1 kb	 0.0% Packages/com.unity.visualscripting/Runtime/VisualScripting.Flow/Framework/Math/Vector4/Vector4Sum.cs
 0.1 kb	 0.0% Packages/com.unity.visualscripting/Runtime/VisualScripting.Flow/Framework/Math/Vector4/Vector4Round.cs
 0.1 kb	 0.0% Packages/com.unity.visualscripting/Runtime/VisualScripting.Flow/Framework/Math/Vector4/Vector4Lerp.cs
 0.1 kb	 0.0% Packages/com.unity.visualscripting/Runtime/VisualScripting.Flow/Framework/Math/Vector3/Vector3Sum.cs
 0.1 kb	 0.0% Packages/com.unity.visualscripting/Runtime/VisualScripting.Flow/Framework/Math/Vector3/Vector3Round.cs
 0.1 kb	 0.0% Packages/com.unity.visualscripting/Runtime/VisualScripting.Flow/Framework/Math/Vector3/Vector3Lerp.cs
 0.1 kb	 0.0% Packages/com.unity.visualscripting/Runtime/VisualScripting.Flow/Framework/Math/Vector3/Vector3Angle.cs
 0.1 kb	 0.0% Packages/com.unity.visualscripting/Runtime/VisualScripting.Flow/Framework/Math/Vector2/Vector2Sum.cs
 0.1 kb	 0.0% Packages/com.unity.visualscripting/Runtime/VisualScripting.Flow/Framework/Math/Vector2/Vector2Round.cs
 0.1 kb	 0.0% Packages/com.unity.visualscripting/Runtime/VisualScripting.Flow/Framework/Math/Vector2/Vector2Lerp.cs
 0.1 kb	 0.0% Packages/com.unity.visualscripting/Runtime/VisualScripting.Flow/Framework/Math/Vector2/Vector2Angle.cs
 0.1 kb	 0.0% Packages/com.unity.visualscripting/Runtime/VisualScripting.Flow/Framework/Math/Scalar/ScalarSum.cs
 0.1 kb	 0.0% Packages/com.unity.visualscripting/Runtime/VisualScripting.Flow/Framework/Math/Scalar/ScalarRound.cs
 0.1 kb	 0.0% Packages/com.unity.visualscripting/Runtime/VisualScripting.Flow/Framework/Math/Scalar/ScalarRoot.cs
 0.1 kb	 0.0% Packages/com.unity.visualscripting/Runtime/VisualScripting.Flow/Framework/Math/Scalar/ScalarModulo.cs
 0.1 kb	 0.0% Packages/com.unity.visualscripting/Runtime/VisualScripting.Flow/Framework/Math/Scalar/ScalarLerp.cs
 0.1 kb	 0.0% Packages/com.unity.visualscripting/Runtime/VisualScripting.Flow/Framework/Math/Scalar/ScalarDivide.cs
 0.1 kb	 0.0% Packages/com.unity.visualscripting/Runtime/VisualScripting.Flow/Framework/Math/Generic/GenericSum.cs
 0.1 kb	 0.0% Packages/com.unity.visualscripting/Runtime/VisualScripting.Flow/Framework/Logic/LessOrEqual.cs
 0.1 kb	 0.0% Packages/com.unity.visualscripting/Runtime/VisualScripting.Flow/Framework/Logic/ExclusiveOr.cs
 0.1 kb	 0.0% Packages/com.unity.visualscripting/Runtime/VisualScripting.Flow/Framework/Logic/Comparison.cs
 0.1 kb	 0.0% Packages/com.unity.visualscripting/Runtime/VisualScripting.Flow/Framework/Events/Physics/OnJointBreak.cs
 0.1 kb	 0.0% Packages/com.unity.visualscripting/Runtime/VisualScripting.Flow/Framework/Events/Lifecycle/OnDisable.cs
 0.1 kb	 0.0% Packages/com.unity.visualscripting/Runtime/VisualScripting.Flow/Framework/Events/Lifecycle/OnDestroy.cs
 0.1 kb	 0.0% Packages/com.unity.visualscripting/Runtime/VisualScripting.Flow/Framework/Events/Lifecycle/LateUpdate.cs
 0.1 kb	 0.0% Packages/com.unity.visualscripting/Runtime/VisualScripting.Flow/Framework/Events/Lifecycle/FixedUpdate.cs
 0.1 kb	 0.0% Packages/com.unity.visualscripting/Runtime/VisualScripting.Flow/Framework/Events/Input/OnMouseUp.cs
 0.1 kb	 0.0% Packages/com.unity.visualscripting/Runtime/VisualScripting.Flow/Framework/Events/Input/OnMouseOver.cs
 0.1 kb	 0.0% Packages/com.unity.visualscripting/Runtime/VisualScripting.Flow/Framework/Events/Input/OnMouseInput.cs
 0.1 kb	 0.0% Packages/com.unity.visualscripting/Runtime/VisualScripting.Flow/Framework/Events/Input/OnMouseExit.cs
 0.1 kb	 0.0% Packages/com.unity.visualscripting/Runtime/VisualScripting.Flow/Framework/Events/Input/OnMouseEnter.cs
 0.1 kb	 0.0% Packages/com.unity.visualscripting/Runtime/VisualScripting.Flow/Framework/Events/Input/OnMouseDrag.cs
 0.1 kb	 0.0% Packages/com.unity.visualscripting/Runtime/VisualScripting.Flow/Framework/Events/Input/OnMouseDown.cs
 0.1 kb	 0.0% Packages/com.unity.visualscripting/Runtime/VisualScripting.Flow/Framework/Events/IEventUnit.cs
 0.1 kb	 0.0% Packages/com.unity.visualscripting/Runtime/VisualScripting.Flow/Framework/Events/GUI/OnPointerUp.cs
 0.1 kb	 0.0% Packages/com.unity.visualscripting/Runtime/VisualScripting.Flow/Framework/Events/GUI/OnEndDrag.cs
 0.1 kb	 0.0% Packages/com.unity.visualscripting/Runtime/VisualScripting.Flow/Framework/Events/GUI/OnDeselect.cs
 0.1 kb	 0.0% Packages/com.unity.visualscripting/Runtime/VisualScripting.Flow/Framework/Events/GUI/OnBeginDrag.cs
 0.1 kb	 0.0% Packages/com.unity.visualscripting/Runtime/VisualScripting.Flow/Framework/Events/Editor/OnDrawGizmos.cs
 0.1 kb	 0.0% Packages/com.unity.visualscripting/Runtime/VisualScripting.Flow/Framework/Events/CustomEvent.cs
 0.1 kb	 0.0% Packages/com.unity.visualscripting/Runtime/VisualScripting.Flow/Framework/Events/Animation/OnAnimatorIK.cs
 0.1 kb	 0.0% Packages/com.unity.visualscripting/Runtime/VisualScripting.Flow/Framework/Control/ToggleValue.cs
 0.1 kb	 0.0% Packages/com.unity.visualscripting/Runtime/VisualScripting.Flow/Framework/Control/ToggleFlow.cs
 0.1 kb	 0.0% Packages/com.unity.visualscripting/Runtime/VisualScripting.Flow/Framework/Control/SwitchOnEnum.cs
 0.1 kb	 0.0% Packages/com.unity.visualscripting/Runtime/VisualScripting.Flow/Framework/Control/SelectUnit_T.cs
 0.1 kb	 0.0% Packages/com.unity.visualscripting/Runtime/VisualScripting.Flow/Framework/Control/SelectUnit.cs
 0.1 kb	 0.0% Packages/com.unity.visualscripting/Runtime/VisualScripting.Flow/Framework/Control/SelectOnFlow.cs
 0.1 kb	 0.0% Packages/com.unity.visualscripting/Runtime/VisualScripting.Flow/Framework/Control/SelectOnEnum.cs
 0.1 kb	 0.0% Packages/com.unity.visualscripting/Runtime/VisualScripting.Flow/Framework/Control/ISelectUnit.cs
 0.1 kb	 0.0% Packages/com.unity.visualscripting/Runtime/VisualScripting.Flow/Framework/Control/IBranchUnit.cs
 0.1 kb	 0.0% Packages/com.unity.visualscripting/Runtime/VisualScripting.Flow/Framework/Collections/Lists/SetListItem.cs
 0.1 kb	 0.0% Packages/com.unity.visualscripting/Runtime/VisualScripting.Flow/Framework/Collections/Lists/MergeLists.cs
 0.1 kb	 0.0% Packages/com.unity.visualscripting/Runtime/VisualScripting.Flow/Framework/Collections/Lists/GetListItem.cs
 0.1 kb	 0.0% Packages/com.unity.visualscripting/Runtime/VisualScripting.Flow/Framework/Collections/Lists/CreateList.cs
 0.1 kb	 0.0% Packages/com.unity.visualscripting/Runtime/VisualScripting.Flow/Framework/Collections/Lists/ClearList.cs
 0.1 kb	 0.0% Packages/com.unity.visualscripting/Runtime/VisualScripting.Flow/Framework/Collections/Lists/AddListItem.cs
 0.1 kb	 0.0% Packages/com.unity.visualscripting/Runtime/VisualScripting.Flow/Framework/Collections/FirstItem.cs
 0.1 kb	 0.0% Packages/com.unity.visualscripting/Runtime/VisualScripting.Flow/Framework/Collections/CountItems.cs
 0.1 kb	 0.0% Packages/com.unity.visualscripting/Runtime/VisualScripting.Flow/Framework/Codebase/SetMember.cs
 0.1 kb	 0.0% Packages/com.unity.visualscripting/Runtime/VisualScripting.Flow/Framework/Codebase/MemberUnit.cs
 0.1 kb	 0.0% Packages/com.unity.visualscripting/Runtime/VisualScripting.Flow/Framework/Codebase/InvokeMember.cs
 0.1 kb	 0.0% Packages/com.unity.visualscripting/Runtime/VisualScripting.Flow/Framework/Codebase/GetMember.cs
 0.1 kb	 0.0% Packages/com.unity.visualscripting/Runtime/VisualScripting.Flow/Framework/Codebase/CreateStruct.cs
 0.1 kb	 0.0% Packages/com.unity.visualscripting/Runtime/VisualScripting.Flow/FlowGraph.cs
 0.1 kb	 0.0% Packages/com.unity.visualscripting/Runtime/VisualScripting.Flow/Connections/UnitRelation.cs
 0.1 kb	 0.0% Packages/com.unity.visualscripting/Runtime/VisualScripting.Core/Variables/Variables.cs
 0.1 kb	 0.0% Packages/com.unity.visualscripting/Runtime/VisualScripting.Core/Utilities/Recursion.cs
 0.1 kb	 0.0% Packages/com.unity.visualscripting/Runtime/VisualScripting.Core/Utilities/LinqUtility.cs
 0.1 kb	 0.0% Packages/com.unity.visualscripting/Runtime/VisualScripting.Core/Utilities/IGettable.cs
 0.1 kb	 0.0% Packages/com.unity.visualscripting/Runtime/VisualScripting.Core/Utilities/HashUtility.cs
 0.1 kb	 0.0% Packages/com.unity.visualscripting/Runtime/VisualScripting.Core/Utilities/EnumUtility.cs
 0.1 kb	 0.0% Packages/com.unity.visualscripting/Runtime/VisualScripting.Core/Unity/UnityThread.cs
 0.1 kb	 0.0% Packages/com.unity.visualscripting/Runtime/VisualScripting.Core/Unity/ISingleton.cs
 0.1 kb	 0.0% Packages/com.unity.visualscripting/Runtime/VisualScripting.Core/Unity/IGizmoDrawer.cs
 0.1 kb	 0.0% Packages/com.unity.visualscripting/Runtime/VisualScripting.Core/StickyNote/StickyNote.cs
 0.1 kb	 0.0% Packages/com.unity.visualscripting/Runtime/VisualScripting.Core/Serialization/Converters/RayConverter.cs
 0.1 kb	 0.0% Packages/com.unity.visualscripting/Runtime/VisualScripting.Core/Reflection/TypeUtility.cs
 0.1 kb	 0.0% Packages/com.unity.visualscripting/Runtime/VisualScripting.Core/Reflection/TypeFilter.cs
 0.1 kb	 0.0% Packages/com.unity.visualscripting/Runtime/VisualScripting.Core/Reflection/Optimization/InvokerBase.cs
 0.1 kb	 0.0% Packages/com.unity.visualscripting/Runtime/VisualScripting.Core/Reflection/Operators/PlusHandler.cs
 0.1 kb	 0.0% Packages/com.unity.visualscripting/Runtime/VisualScripting.Core/Reflection/Operators/OrHandler.cs
 0.1 kb	 0.0% Packages/com.unity.visualscripting/Runtime/VisualScripting.Core/Reflection/Operators/AndHandler.cs
 0.1 kb	 0.0% Packages/com.unity.visualscripting/Runtime/VisualScripting.Core/Reflection/Namespace.cs
 0.1 kb	 0.0% Packages/com.unity.visualscripting/Runtime/VisualScripting.Core/Reflection/MemberFilter.cs
 0.1 kb	 0.0% Packages/com.unity.visualscripting/Runtime/VisualScripting.Core/Reflection/IPrewarmable.cs
 0.1 kb	 0.0% Packages/com.unity.visualscripting/Runtime/VisualScripting.Core/Pooling/IPoolable.cs
 0.1 kb	 0.0% Packages/com.unity.visualscripting/Runtime/VisualScripting.Core/Groups/GraphGroup.cs
 0.1 kb	 0.0% Packages/com.unity.visualscripting/Runtime/VisualScripting.Core/Graphs/IGraphRoot.cs
 0.1 kb	 0.0% Packages/com.unity.visualscripting/Runtime/VisualScripting.Core/Graphs/IGraphParent.cs
 0.1 kb	 0.0% Packages/com.unity.visualscripting/Runtime/VisualScripting.Core/Graphs/IGraphNester.cs
 0.1 kb	 0.0% Packages/com.unity.visualscripting/Runtime/VisualScripting.Core/Graphs/IGraphNest.cs
 0.1 kb	 0.0% Packages/com.unity.visualscripting/Runtime/VisualScripting.Core/Graphs/IGraphItem.cs
 0.1 kb	 0.0% Packages/com.unity.visualscripting/Runtime/VisualScripting.Core/Graphs/IGraphData.cs
 0.1 kb	 0.0% Packages/com.unity.visualscripting/Runtime/VisualScripting.Core/Graphs/GraphStack.cs
 0.1 kb	 0.0% Packages/com.unity.visualscripting/Runtime/VisualScripting.Core/Graphs/GraphPointer.cs
 0.1 kb	 0.0% Packages/com.unity.visualscripting/Runtime/VisualScripting.Core/Exceptions/DebugUtility.cs
 0.1 kb	 0.0% Packages/com.unity.visualscripting/Runtime/VisualScripting.Core/Events/IEventGraph.cs
 0.1 kb	 0.0% Packages/com.unity.visualscripting/Runtime/VisualScripting.Core/Events/EventHooks.cs
 0.1 kb	 0.0% Packages/com.unity.visualscripting/Runtime/VisualScripting.Core/Events/EventHook.cs
 0.1 kb	 0.0% Packages/com.unity.visualscripting/Runtime/VisualScripting.Core/Ensure/Extensions/XComparable.cs
 0.1 kb	 0.0% Packages/com.unity.visualscripting/Runtime/VisualScripting.Core/Ensure/EnsureThat.cs
 0.1 kb	 0.0% Packages/com.unity.visualscripting/Runtime/VisualScripting.Core/Cloning/Cloners/ListCloner.cs
 0.1 kb	 0.0% Packages/com.unity.visualscripting/Runtime/VisualScripting.Core/Cloning/Cloners/FieldsCloner.cs
 0.1 kb	 0.0% Packages/com.unity.visualscripting/Runtime/VisualScripting.Core/Cloning/Cloners/ArrayCloner.cs
 0.1 kb	 0.0% Packages/com.unity.ugui/Runtime/UGUI/UI/Animation/CoroutineTween.cs
 0.1 kb	 0.0% Packages/com.unity.ugui/Runtime/UGUI/EventSystem/EventInterfaces.cs
 0.1 kb	 0.0% Packages/com.unity.ugui/Runtime/TMP/TMPro_ExtensionMethods.cs
 0.1 kb	 0.0% Packages/com.unity.ugui/Runtime/TMP/TMP_TextParsingUtilities.cs
 0.1 kb	 0.0% Packages/com.unity.ugui/Runtime/TMP/TMP_TextElement_Legacy.cs
 0.1 kb	 0.0% Packages/com.unity.ugui/Runtime/TMP/TMP_FontAssetUtilities.cs
 0.1 kb	 0.0% Packages/com.unity.ugui/Runtime/TMP/MaterialReferenceManager.cs
 0.1 kb	 0.0% Packages/com.unity.ugui/Runtime/TMP/FontFeatureCommonGSUB.cs
 0.1 kb	 0.0% Packages/com.unity.timeline/Runtime/Utilities/IPropertyCollector.cs
 0.1 kb	 0.0% Packages/com.unity.timeline/Runtime/Utilities/AnimatorBindingCache.cs
 0.1 kb	 0.0% Packages/com.unity.timeline/Runtime/Playables/TimeControlPlayable.cs
 0.1 kb	 0.0% Packages/com.unity.timeline/Runtime/Evaluation/ScheduleRuntimeClip.cs
 0.1 kb	 0.0% Packages/com.unity.timeline/Runtime/Evaluation/InfiniteRuntimeClip.cs
 0.1 kb	 0.0% Packages/com.unity.timeline/Runtime/Control/ControlPlayableAsset.cs
 0.1 kb	 0.0% Packages/com.unity.timeline/Runtime/Audio/AudioPlayableAsset.cs
 0.1 kb	 0.0% Packages/com.unity.timeline/Runtime/Audio/AudioMixerProperties.cs
 0.1 kb	 0.0% Packages/com.unity.timeline/Runtime/Audio/AudioClipProperties.cs
 0.1 kb	 0.0% Packages/com.unity.timeline/Runtime/Attributes/TrackColorAttribute.cs
 0.1 kb	 0.0% Packages/com.unity.render-pipelines.high-definition/Runtime/Tools/ColorCheckerTool.cs
 0.1 kb	 0.0% Packages/com.unity.render-pipelines.core/Runtime/Volume/Volume.cs
 0.1 kb	 0.0% Packages/com.unity.render-pipelines.core/Runtime/Volume/IVolume.cs
 0.1 kb	 0.0% Packages/com.unity.render-pipelines.core/Runtime/Utilities/GPUSort/GPUSort.cs
 0.1 kb	 0.0% Packages/com.unity.render-pipelines.core/Runtime/Utilities/FSRUtils.cs
 0.1 kb	 0.0% Packages/com.unity.render-pipelines.core/Runtime/Utilities/Blitter.cs
 0.1 kb	 0.0% Packages/com.unity.render-pipelines.core/Runtime/Textures/RTHandle.cs
 0.1 kb	 0.0% Packages/com.unity.render-pipelines.core/Runtime/Debugging/DebugUI.cs
 0.1 kb	 0.0% Packages/com.unity.collections/Unity.Collections/UnsafeQueue.cs
 0.1 kb	 0.0% Packages/com.unity.collections/Unity.Collections/NativeHashMap.cs
 0.1 kb	 0.0% Packages/com.unity.collections/Unity.Collections/FixedStringFormat.gen.cs
 0.1 kb	 0.0% Packages/com.unity.collections/Unity.Collections/FixedString.gen.cs
 0.1 kb	 0.0% Assets/_Game/Scripts/Player/ReferenceCharacter.cs
 0.1 kb	 0.0% Assets/_Game/Scripts/Player/FootContactEmitter.cs
 0.1 kb	 0.0% Assets/_Game/Scripts/Debug/M1ValidationRunner.cs
 0.1 kb	 0.0% Assets/_Game/Scripts/Debug/CoastalCaptureRunner.cs
 0.1 kb	 0.0% Packages/com.unity.visualeffectgraph/Runtime/Types/VFXTypes.cs
 0.1 kb	 0.0% Packages/com.unity.visualeffectgraph/Runtime/CustomSpawners/SetSpawnTime.cs
 0.1 kb	 0.0% Packages/com.unity.visualeffectgraph/Runtime/CustomSpawners/LoopAndDelay.cs
 0.1 kb	 0.0% Packages/com.unity.ugui/Runtime/UGUI/UI/Core/SetPropertyUtility.cs
 0.1 kb	 0.0% Packages/com.unity.ugui/Runtime/UGUI/UI/Core/MaterialModifiers/IMaterialModifier.cs
 0.1 kb	 0.0% Packages/com.unity.ugui/Runtime/UGUI/UI/Core/Layout/VerticalLayoutGroup.cs
 0.1 kb	 0.0% Packages/com.unity.ugui/Runtime/UGUI/UI/Core/Layout/ContentSizeFitter.cs
 0.1 kb	 0.0% Packages/com.unity.ugui/Runtime/UGUI/UI/Core/Layout/AspectRatioFitter.cs
 0.1 kb	 0.0% Packages/com.unity.ugui/Runtime/UGUI/UI/Core/FontUpdateTracker.cs
 0.1 kb	 0.0% Packages/com.unity.ugui/Runtime/UGUI/UI/Core/CanvasUpdateRegistry.cs
 0.1 kb	 0.0% Packages/com.unity.ugui/Runtime/UGUI/UI/Core/AnimationTriggers.cs
 0.1 kb	 0.0% Packages/com.unity.ugui/Runtime/UGUI/EventSystem/UIElements/PanelRaycaster.cs
 0.1 kb	 0.0% Packages/com.unity.ugui/Runtime/UGUI/EventSystem/Raycasters/PhysicsRaycaster.cs
 0.1 kb	 0.0% Packages/com.unity.ugui/Runtime/UGUI/EventSystem/Raycasters/BaseRaycaster.cs
 0.1 kb	 0.0% Packages/com.unity.ugui/Runtime/UGUI/EventSystem/RaycasterManager.cs
 0.1 kb	 0.0% Packages/com.unity.ugui/Runtime/UGUI/EventSystem/RaycastResult.cs
 0.1 kb	 0.0% Packages/com.unity.ugui/Runtime/UGUI/EventSystem/InputModules/TouchInputModule.cs
 0.1 kb	 0.0% Packages/com.unity.ugui/Runtime/UGUI/EventSystem/InputModules/BaseInputModule.cs
 0.1 kb	 0.0% Packages/com.unity.ugui/Runtime/UGUI/EventSystem/ExecuteEvents.cs
 0.1 kb	 0.0% Packages/com.unity.ugui/Runtime/UGUI/EventSystem/EventData/PointerEventData.cs
 0.1 kb	 0.0% Packages/com.unity.ugui/Runtime/UGUI/EventSystem/EventData/BaseEventData.cs
 0.1 kb	 0.0% Packages/com.unity.ugui/Runtime/UGUI/EventSystem/EventData/AxisEventData.cs
 0.1 kb	 0.0% Packages/com.unity.ugui/Runtime/TMP/TMP_TextProcessingStack.cs
 0.1 kb	 0.0% Packages/com.unity.ugui/Runtime/TMP/TMP_FontFeaturesCommon.cs
 0.1 kb	 0.0% Packages/com.unity.timeline/Runtime/Extensions/TrackExtensions.cs
 0.1 kb	 0.0% Packages/com.unity.timeline/Runtime/ClipCaps.cs
 0.1 kb	 0.0% Packages/com.unity.render-pipelines.core/Runtime/Lights/LightAnchor.cs
 0.1 kb	 0.0% Packages/com.unity.render-pipelines.core/Runtime/GPUDriven/AABB.cs
 0.1 kb	 0.0% Packages/com.unity.mathematics/Unity.Mathematics/rigid_transform.cs
 0.1 kb	 0.0% Packages/com.unity.mathematics/Unity.Mathematics/math_unity_conversion.cs
 0.1 kb	 0.0% Packages/com.unity.mathematics/Unity.Mathematics/affine_transform.cs
 0.1 kb	 0.0% Packages/com.unity.mathematics/Unity.Mathematics/Geometry/MinMaxAABB.cs
 0.1 kb	 0.0% Packages/com.unity.collections/Unity.Collections/xxHash3.StreamingState.cs
 0.1 kb	 0.0% Packages/com.unity.collections/Unity.Collections/NativeSort.cs
 0.1 kb	 0.0% Packages/com.unity.collections/Unity.Collections/NativeBitArray.cs
 0.1 kb	 0.0% Packages/com.unity.collections/Unity.Collections/ListExtensions.cs
 0.1 kb	 0.0% Packages/com.unity.collections/Unity.Collections/Jobs/IJobParallelForDefer.cs
 0.1 kb	 0.0% Packages/com.unity.collections/Unity.Collections/Jobs/IJobParallelForBatch.cs
 0.1 kb	 0.0% Packages/com.unity.collections/Unity.Collections/FixedStringUtils.cs
 0.1 kb	 0.0% Packages/com.unity.collections/Unity.Collections/DataStreamWriter.cs
 0.1 kb	 0.0% Packages/com.unity.collections/Unity.Collections/DataStreamReader.cs
 0.1 kb	 0.0% Packages/com.unity.collections/Unity.Collections/ConcurrentMask.cs
 0.1 kb	 0.0% Packages/com.unity.collections/Unity.Collections/CollectionHelper.cs
 0.1 kb	 0.0% Packages/com.unity.collections/Unity.Collections/AllocatorManager.cs
 0.1 kb	 0.0% Packages/com.unity.burst/Runtime/SafeStringArrayHelper.cs
 0.1 kb	 0.0% Packages/com.unity.burst/Runtime/Editor/BurstEditorOptions.cs
 0.1 kb	 0.0% Packages/com.unity.burst/Runtime/Editor/BurstCompileTarget.cs
 0.1 kb	 0.0% Packages/com.unity.burst/Runtime/Editor/BurstAssemblyDisable.cs
 0.1 kb	 0.0% Packages/com.unity.burst/Runtime/BurstCompileAttribute.cs
 0.1 kb	 0.0% Packages/com.unity.visualscripting/Runtime/VisualScripting.State/State.cs
 0.1 kb	 0.0% Packages/com.unity.visualscripting/Runtime/VisualScripting.State/IState.cs
 0.1 kb	 0.0% Packages/com.unity.visualscripting/Runtime/VisualScripting.State/AnyState.cs
 0.1 kb	 0.0% Packages/com.unity.visualscripting/Runtime/VisualScripting.Flow/IUnit.cs
 0.1 kb	 0.0% Packages/com.unity.visualscripting/Runtime/VisualScripting.Flow/Framework/Time/WaitUnit.cs
 0.1 kb	 0.0% Packages/com.unity.visualscripting/Runtime/VisualScripting.Flow/Framework/Time/Timer.cs
 0.1 kb	 0.0% Packages/com.unity.visualscripting/Runtime/VisualScripting.Flow/Framework/Time/Cooldown.cs
 0.1 kb	 0.0% Packages/com.unity.visualscripting/Runtime/VisualScripting.Flow/Framework/Logic/NotEqual.cs
 0.1 kb	 0.0% Packages/com.unity.visualscripting/Runtime/VisualScripting.Flow/Framework/Logic/Negate.cs
 0.1 kb	 0.0% Packages/com.unity.visualscripting/Runtime/VisualScripting.Flow/Framework/Logic/Greater.cs
 0.1 kb	 0.0% Packages/com.unity.visualscripting/Runtime/VisualScripting.Flow/Framework/Logic/Equal.cs
 0.1 kb	 0.0% Packages/com.unity.visualscripting/Runtime/VisualScripting.Flow/Framework/Literal.cs
 0.1 kb	 0.0% Packages/com.unity.visualscripting/Runtime/VisualScripting.Flow/Framework/Formula.cs
 0.1 kb	 0.0% Packages/com.unity.visualscripting/Runtime/VisualScripting.Flow/Framework/Events/Lifecycle/Update.cs
 0.1 kb	 0.0% Packages/com.unity.visualscripting/Runtime/VisualScripting.Flow/Framework/Events/Lifecycle/Start.cs
 0.1 kb	 0.0% Packages/com.unity.visualscripting/Runtime/VisualScripting.Flow/Framework/Events/Lifecycle/OnEnable.cs
 0.1 kb	 0.0% Packages/com.unity.visualscripting/Runtime/VisualScripting.Flow/Framework/Events/GUI/OnSubmit.cs
 0.1 kb	 0.0% Packages/com.unity.visualscripting/Runtime/VisualScripting.Flow/Framework/Events/GUI/OnSelect.cs
 0.1 kb	 0.0% Packages/com.unity.visualscripting/Runtime/VisualScripting.Flow/Framework/Events/GUI/OnScroll.cs
 0.1 kb	 0.0% Packages/com.unity.visualscripting/Runtime/VisualScripting.Flow/Framework/Events/GUI/OnMove.cs
 0.1 kb	 0.0% Packages/com.unity.visualscripting/Runtime/VisualScripting.Flow/Framework/Events/GUI/OnGUI.cs
 0.1 kb	 0.0% Packages/com.unity.visualscripting/Runtime/VisualScripting.Flow/Framework/Events/GUI/OnDrop.cs
 0.1 kb	 0.0% Packages/com.unity.visualscripting/Runtime/VisualScripting.Flow/Framework/Events/GUI/OnDrag.cs
 0.1 kb	 0.0% Packages/com.unity.visualscripting/Runtime/VisualScripting.Flow/Framework/Events/GUI/OnCancel.cs
 0.1 kb	 0.0% Packages/com.unity.visualscripting/Runtime/VisualScripting.Flow/Framework/Control/While.cs
 0.1 kb	 0.0% Packages/com.unity.visualscripting/Runtime/VisualScripting.Flow/Framework/Control/TryCatch.cs
 0.1 kb	 0.0% Packages/com.unity.visualscripting/Runtime/VisualScripting.Flow/Framework/Control/Throw.cs
 0.1 kb	 0.0% Packages/com.unity.visualscripting/Runtime/VisualScripting.Flow/Framework/Control/Sequence.cs
 0.1 kb	 0.0% Packages/com.unity.visualscripting/Runtime/VisualScripting.Flow/Framework/Control/LoopUnit.cs
 0.1 kb	 0.0% Packages/com.unity.visualscripting/Runtime/VisualScripting.Flow/Framework/Control/ForEach.cs
 0.1 kb	 0.0% Packages/com.unity.visualscripting/Runtime/VisualScripting.Flow/Framework/Control/Cache.cs
 0.1 kb	 0.0% Packages/com.unity.visualscripting/Runtime/VisualScripting.Flow/Framework/Control/Break.cs
 0.1 kb	 0.0% Packages/com.unity.visualscripting/Runtime/VisualScripting.Flow/Framework/Collections/LastItem.cs
 0.1 kb	 0.0% Packages/com.unity.visualscripting/Runtime/VisualScripting.Flow/Framework/Codebase/Expose.cs
 0.1 kb	 0.0% Packages/com.unity.visualscripting/Runtime/VisualScripting.Core/Utilities/XColor.cs
 0.1 kb	 0.0% Packages/com.unity.visualscripting/Runtime/VisualScripting.Core/Reflection/TypeName.cs
 0.1 kb	 0.0% Packages/com.unity.visualscripting/Runtime/VisualScripting.Core/Reflection/Member.cs
 0.1 kb	 0.0% Packages/com.unity.visualscripting/Runtime/VisualScripting.Core/Macros/IMacro.cs
 0.1 kb	 0.0% Packages/com.unity.visualscripting/Runtime/VisualScripting.Core/Machines/IMachine.cs
 0.1 kb	 0.0% Packages/com.unity.visualscripting/Runtime/VisualScripting.Core/Graphs/IGraph.cs
 0.1 kb	 0.0% Packages/com.unity.visualscripting/Runtime/VisualScripting.Core/Graphs/Graph.cs
 0.1 kb	 0.0% Packages/com.unity.visualscripting/Runtime/VisualScripting.Core/Events/EventBus.cs
 0.1 kb	 0.0% Packages/com.unity.visualscripting/Runtime/VisualScripting.Core/Ensure/Extensions/XString.cs
 0.1 kb	 0.0% Packages/com.unity.visualscripting/Runtime/VisualScripting.Core/Ensure/Ensure.cs
 0.1 kb	 0.0% Packages/com.unity.visualscripting/Runtime/VisualScripting.Core/Collections/AotList.cs
 0.1 kb	 0.0% Packages/com.unity.visualscripting/Runtime/VisualScripting.Core/Cloning/ICloner.cs
 0.1 kb	 0.0% Packages/com.unity.visualscripting/Runtime/VisualScripting.Core/Cloning/Cloning.cs
 0.1 kb	 0.0% Packages/com.unity.ugui/Runtime/TMP/TMPro_EventManager.cs
 0.1 kb	 0.0% Packages/com.unity.ugui/Runtime/TMP/TMP_UpdateRegistery.cs
 0.1 kb	 0.0% Packages/com.unity.ugui/Runtime/TMP/TMP_UpdateManager.cs
 0.1 kb	 0.0% Packages/com.unity.ugui/Runtime/TMP/TMP_TextUtilities.cs
 0.1 kb	 0.0% Packages/com.unity.ugui/Runtime/TMP/TMP_TextProcessingCommon.cs
 0.1 kb	 0.0% Packages/com.unity.ugui/Runtime/TMP/TMP_SpriteCharacter.cs
 0.1 kb	 0.0% Packages/com.unity.ugui/Runtime/TMP/TMP_SpriteAnimator.cs
 0.1 kb	 0.0% Packages/com.unity.ugui/Runtime/TMP/TMP_SelectionCaret.cs
 0.1 kb	 0.0% Packages/com.unity.ugui/Runtime/TMP/TMP_ResourcesManager.cs
 0.1 kb	 0.0% Packages/com.unity.ugui/Runtime/TMP/TMP_MaterialManager.cs
 0.1 kb	 0.0% Packages/com.unity.ugui/Runtime/TMP/TMP_InputValidator.cs
 0.1 kb	 0.0% Packages/com.unity.ugui/Runtime/TMP/TMP_FontFeatureTable.cs
 0.1 kb	 0.0% Packages/com.unity.ugui/Runtime/TMP/TMP_DefaultControls.cs
 0.1 kb	 0.0% Packages/com.unity.ugui/Runtime/TMP/TMP_Compatibility.cs
 0.1 kb	 0.0% Packages/com.unity.ugui/Runtime/TMP/TMP_ColorGradient.cs
 0.1 kb	 0.0% Packages/com.unity.ugui/Runtime/TMP/TMP_CharacterInfo.cs
 0.1 kb	 0.0% Packages/com.unity.ugui/Runtime/TMP/ITextPreProcessor.cs
 0.1 kb	 0.0% Packages/com.unity.ugui/Runtime/TMP/FontFeatureCommonGPOS.cs
 0.1 kb	 0.0% Packages/com.unity.timeline/Runtime/Utilities/WeightUtility.cs
 0.1 kb	 0.0% Packages/com.unity.timeline/Runtime/Utilities/IPropertyPreview.cs
 0.1 kb	 0.0% Packages/com.unity.timeline/Runtime/Utilities/Extrapolation.cs
 0.1 kb	 0.0% Packages/com.unity.timeline/Runtime/TimelinePlayable.cs
 0.1 kb	 0.0% Packages/com.unity.timeline/Runtime/TimelineAsset.cs
 0.1 kb	 0.0% Packages/com.unity.timeline/Runtime/Scripting/PlayableTrack.cs
 0.1 kb	 0.0% Packages/com.unity.timeline/Runtime/Events/Signals/SignalReceiver.cs
 0.1 kb	 0.0% Packages/com.unity.timeline/Runtime/Events/Signals/SignalEmitter.cs
 0.1 kb	 0.0% Packages/com.unity.timeline/Runtime/Evaluation/RuntimeElement.cs
 0.1 kb	 0.0% Packages/com.unity.timeline/Runtime/Evaluation/RuntimeClipBase.cs
 0.1 kb	 0.0% Packages/com.unity.timeline/Runtime/Animation/AnimationTrack.cs
 0.1 kb	 0.0% Packages/com.unity.timeline/Runtime/Activation/ActivationTrack.cs
 0.1 kb	 0.0% Packages/com.unity.render-pipelines.core/Runtime/STP/STP.cs
 0.1 kb	 0.0% Packages/com.unity.mathematics/Unity.Mathematics/double4x4.gen.cs
 0.1 kb	 0.0% Packages/com.unity.mathematics/Unity.Mathematics/double4x3.gen.cs
 0.1 kb	 0.0% Packages/com.unity.mathematics/Unity.Mathematics/double4x2.gen.cs
 0.1 kb	 0.0% Packages/com.unity.mathematics/Unity.Mathematics/double3x4.gen.cs
 0.1 kb	 0.0% Packages/com.unity.mathematics/Unity.Mathematics/double3x3.gen.cs
 0.1 kb	 0.0% Packages/com.unity.mathematics/Unity.Mathematics/double3x2.gen.cs
 0.1 kb	 0.0% Packages/com.unity.mathematics/Unity.Mathematics/double2x4.gen.cs
 0.1 kb	 0.0% Packages/com.unity.mathematics/Unity.Mathematics/double2x3.gen.cs
 0.1 kb	 0.0% Packages/com.unity.mathematics/Unity.Mathematics/double2x2.gen.cs
 0.1 kb	 0.0% Packages/com.unity.collections/Unity.Collections/NativeText.gen.cs
 0.1 kb	 0.0% Packages/com.unity.collections/Unity.Collections/FixedList.gen.cs
 0.1 kb	 0.0% Assets/_Game/Scripts/Player/FirstPersonBody.cs
 0.1 kb	 0.0% Assets/_Game/Scripts/Environment/WindField.cs
 0.1 kb	 0.0% Assets/_Game/Scripts/Environment/SurfaceQuery.cs
 0.1 kb	 0.0% Assets/_Game/Scripts/Debug/BaselineRunner.cs
 0.1 kb	 0.0% Packages/com.unity.ugui/Runtime/UGUI/UI/Core/VertexModifiers/PositionAsUV1.cs
 0.1 kb	 0.0% Packages/com.unity.ugui/Runtime/UGUI/UI/Core/VertexModifiers/IMeshModifier.cs
 0.1 kb	 0.0% Packages/com.unity.ugui/Runtime/UGUI/UI/Core/VertexModifiers/BaseMeshEffect.cs
 0.1 kb	 0.0% Packages/com.unity.ugui/Runtime/UGUI/UI/Core/StencilMaterial.cs
 0.1 kb	 0.0% Packages/com.unity.ugui/Runtime/UGUI/UI/Core/MaskableGraphic.cs
 0.1 kb	 0.0% Packages/com.unity.ugui/Runtime/UGUI/UI/Core/MaskUtilities.cs
 0.1 kb	 0.0% Packages/com.unity.ugui/Runtime/UGUI/UI/Core/Layout/LayoutUtility.cs
 0.1 kb	 0.0% Packages/com.unity.ugui/Runtime/UGUI/UI/Core/Layout/LayoutRebuilder.cs
 0.1 kb	 0.0% Packages/com.unity.ugui/Runtime/UGUI/UI/Core/Layout/LayoutElement.cs
 0.1 kb	 0.0% Packages/com.unity.ugui/Runtime/UGUI/UI/Core/Layout/ILayoutElement.cs
 0.1 kb	 0.0% Packages/com.unity.ugui/Runtime/UGUI/UI/Core/Layout/GridLayoutGroup.cs
 0.1 kb	 0.0% Packages/com.unity.ugui/Runtime/UGUI/UI/Core/GraphicRegistry.cs
 0.1 kb	 0.0% Packages/com.unity.ugui/Runtime/UGUI/UI/Core/GraphicRaycaster.cs
 0.1 kb	 0.0% Packages/com.unity.ugui/Runtime/UGUI/UI/Core/DefaultControls.cs
 0.1 kb	 0.0% Packages/com.unity.ugui/Runtime/UGUI/UI/Core/Culling/ClipperRegistry.cs
 0.1 kb	 0.0% Packages/com.unity.ugui/Runtime/UGUI/EventSystem/UIBehaviour.cs
 0.1 kb	 0.0% Packages/com.unity.ugui/Runtime/UGUI/EventSystem/InputModules/BaseInput.cs
 0.1 kb	 0.0% Packages/com.unity.ugui/Runtime/UGUI/EventSystem/EventTrigger.cs
 0.1 kb	 0.0% Packages/com.unity.ugui/Runtime/UGUI/EventSystem/EventSystem.cs
 0.1 kb	 0.0% Packages/com.unity.ugui/Runtime/TMP/TMPro_MeshUtilities.cs
 0.1 kb	 0.0% Packages/com.unity.ugui/Runtime/TMP/TMP_ShaderUtilities.cs
 0.1 kb	 0.0% Packages/com.unity.ugui/Runtime/TMP/TMP_RichTextTagsCommon.cs
 0.1 kb	 0.0% Packages/com.unity.ugui/Runtime/TMP/TMP_FontAssetCommon.cs
 0.1 kb	 0.0% Packages/com.unity.mathematics/Unity.Mathematics/quaternion.cs
 0.1 kb	 0.0% Packages/com.unity.mathematics/Unity.Mathematics/Noise/classicnoise4D.cs
 0.1 kb	 0.0% Packages/com.unity.mathematics/Unity.Mathematics/Noise/classicnoise3D.cs
 0.1 kb	 0.0% Packages/com.unity.mathematics/Unity.Mathematics/Noise/classicnoise2D.cs
 0.1 kb	 0.0% Packages/com.unity.mathematics/Unity.Mathematics/Noise/cellular2x2x2.cs
 0.1 kb	 0.0% Packages/com.unity.mathematics/Unity.Mathematics/Geometry/Plane.cs
 0.1 kb	 0.0% Packages/com.unity.collections/Unity.Collections/UIntFloat.cs
 0.1 kb	 0.0% Packages/com.unity.collections/Unity.Collections/NativeStream.cs
 0.1 kb	 0.0% Packages/com.unity.collections/Unity.Collections/Jobs/EarlyInitHelpers.cs
 0.1 kb	 0.0% Packages/com.unity.burst/Runtime/Intrinsics/SimdDebugViews.cs
 0.1 kb	 0.0% Packages/com.unity.burst/Runtime/Editor/BurstReflection.cs
 0.1 kb	 0.0% Packages/com.unity.burst/Runtime/BurstCompilerOptions.cs
 0.1 kb	 0.0% Packages/com.unity.visualscripting/Runtime/VisualScripting.Flow/Unit.cs
 0.1 kb	 0.0% Packages/com.unity.visualscripting/Runtime/VisualScripting.Flow/Framework/This.cs
 0.1 kb	 0.0% Packages/com.unity.visualscripting/Runtime/VisualScripting.Flow/Framework/Nulls/Null.cs
 0.1 kb	 0.0% Packages/com.unity.visualscripting/Runtime/VisualScripting.Flow/Framework/Logic/Or.cs
 0.1 kb	 0.0% Packages/com.unity.visualscripting/Runtime/VisualScripting.Flow/Framework/Logic/Less.cs
 0.1 kb	 0.0% Packages/com.unity.visualscripting/Runtime/VisualScripting.Flow/Framework/Logic/And.cs
 0.1 kb	 0.0% Packages/com.unity.visualscripting/Runtime/VisualScripting.Flow/Framework/Control/Once.cs
 0.1 kb	 0.0% Packages/com.unity.visualscripting/Runtime/VisualScripting.Flow/Framework/Control/If.cs
 0.1 kb	 0.0% Packages/com.unity.visualscripting/Runtime/VisualScripting.Flow/Framework/Control/For.cs
 0.1 kb	 0.0% Packages/com.unity.visualscripting/Runtime/VisualScripting.Flow/Flow.cs
 0.1 kb	 0.0% Packages/com.unity.ugui/Runtime/TMP/TextMeshProUGUI.cs
 0.1 kb	 0.0% Packages/com.unity.ugui/Runtime/TMP/TextContainer.cs
 0.1 kb	 0.0% Packages/com.unity.ugui/Runtime/TMP/TMP_TextElement.cs
 0.1 kb	 0.0% Packages/com.unity.ugui/Runtime/TMP/TMP_SubMeshUI.cs
 0.1 kb	 0.0% Packages/com.unity.ugui/Runtime/TMP/TMP_StyleSheet.cs
 0.1 kb	 0.0% Packages/com.unity.ugui/Runtime/TMP/TMP_SpriteGlyph.cs
 0.1 kb	 0.0% Packages/com.unity.ugui/Runtime/TMP/TMP_SpriteAsset.cs
 0.1 kb	 0.0% Packages/com.unity.ugui/Runtime/TMP/TMP_InputField.cs
 0.1 kb	 0.0% Packages/com.unity.ugui/Runtime/TMP/TMP_FontAsset.cs
 0.1 kb	 0.0% Packages/com.unity.ugui/Runtime/TMP/TMP_CoroutineTween.cs
 0.1 kb	 0.0% Packages/com.unity.ugui/Runtime/TMP/TMP_Character.cs
 0.1 kb	 0.0% Packages/com.unity.timeline/Runtime/Utilities/TimelineUndo.cs
 0.1 kb	 0.0% Packages/com.unity.timeline/Runtime/Utilities/TimeUtility.cs
 0.1 kb	 0.0% Packages/com.unity.timeline/Runtime/Utilities/HashUtility.cs
 0.1 kb	 0.0% Packages/com.unity.timeline/Runtime/TrackAsset.cs
 0.1 kb	 0.0% Packages/com.unity.timeline/Runtime/TimelineClip.cs
 0.1 kb	 0.0% Packages/com.unity.timeline/Runtime/Playables/ITimeControl.cs
 0.1 kb	 0.0% Packages/com.unity.timeline/Runtime/ILayerable.cs
 0.1 kb	 0.0% Packages/com.unity.timeline/Runtime/GroupTrack.cs
 0.1 kb	 0.0% Packages/com.unity.timeline/Runtime/Events/Signals/SignalAsset.cs
 0.1 kb	 0.0% Packages/com.unity.timeline/Runtime/Events/SignalTrack.cs
 0.1 kb	 0.0% Packages/com.unity.timeline/Runtime/Events/MarkerTrack.cs
 0.1 kb	 0.0% Packages/com.unity.timeline/Runtime/Events/MarkerList.cs
 0.1 kb	 0.0% Packages/com.unity.timeline/Runtime/Evaluation/RuntimeClip.cs
 0.1 kb	 0.0% Packages/com.unity.timeline/Runtime/Evaluation/IntervalTree.cs
 0.1 kb	 0.0% Packages/com.unity.timeline/Runtime/DiscreteTime.cs
 0.1 kb	 0.0% Packages/com.unity.timeline/Runtime/Control/ControlTrack.cs
 0.1 kb	 0.0% Packages/com.unity.timeline/Runtime/Audio/AudioTrack.cs
 0.1 kb	 0.0% Packages/com.unity.timeline/Runtime/AssetUpgrade/ClipUpgrade.cs
 0.1 kb	 0.0% Packages/com.unity.timeline/Runtime/Animation/ICurvesOwner.cs
 0.1 kb	 0.0% Packages/com.unity.mathematics/Unity.Mathematics/uint4x4.gen.cs
 0.1 kb	 0.0% Packages/com.unity.mathematics/Unity.Mathematics/uint4x3.gen.cs
 0.1 kb	 0.0% Packages/com.unity.mathematics/Unity.Mathematics/uint4x2.gen.cs
 0.1 kb	 0.0% Packages/com.unity.mathematics/Unity.Mathematics/uint4.gen.cs
 0.1 kb	 0.0% Packages/com.unity.mathematics/Unity.Mathematics/uint3x4.gen.cs
 0.1 kb	 0.0% Packages/com.unity.mathematics/Unity.Mathematics/uint3x3.gen.cs
 0.1 kb	 0.0% Packages/com.unity.mathematics/Unity.Mathematics/uint3x2.gen.cs
 0.1 kb	 0.0% Packages/com.unity.mathematics/Unity.Mathematics/uint3.gen.cs
 0.1 kb	 0.0% Packages/com.unity.mathematics/Unity.Mathematics/uint2x4.gen.cs
 0.1 kb	 0.0% Packages/com.unity.mathematics/Unity.Mathematics/uint2x3.gen.cs
 0.1 kb	 0.0% Packages/com.unity.mathematics/Unity.Mathematics/uint2x2.gen.cs
 0.1 kb	 0.0% Packages/com.unity.mathematics/Unity.Mathematics/uint2.gen.cs
 0.1 kb	 0.0% Packages/com.unity.mathematics/Unity.Mathematics/int4x4.gen.cs
 0.1 kb	 0.0% Packages/com.unity.mathematics/Unity.Mathematics/int4x3.gen.cs
 0.1 kb	 0.0% Packages/com.unity.mathematics/Unity.Mathematics/int4x2.gen.cs
 0.1 kb	 0.0% Packages/com.unity.mathematics/Unity.Mathematics/int3x4.gen.cs
 0.1 kb	 0.0% Packages/com.unity.mathematics/Unity.Mathematics/int3x3.gen.cs
 0.1 kb	 0.0% Packages/com.unity.mathematics/Unity.Mathematics/int3x2.gen.cs
 0.1 kb	 0.0% Packages/com.unity.mathematics/Unity.Mathematics/int2x4.gen.cs
 0.1 kb	 0.0% Packages/com.unity.mathematics/Unity.Mathematics/int2x3.gen.cs
 0.1 kb	 0.0% Packages/com.unity.mathematics/Unity.Mathematics/int2x2.gen.cs
 0.1 kb	 0.0% Packages/com.unity.mathematics/Unity.Mathematics/half4.gen.cs
 0.1 kb	 0.0% Packages/com.unity.mathematics/Unity.Mathematics/half3.gen.cs
 0.1 kb	 0.0% Packages/com.unity.mathematics/Unity.Mathematics/half2.gen.cs
 0.1 kb	 0.0% Packages/com.unity.mathematics/Unity.Mathematics/float4x4.gen.cs
 0.1 kb	 0.0% Packages/com.unity.mathematics/Unity.Mathematics/float4x3.gen.cs
 0.1 kb	 0.0% Packages/com.unity.mathematics/Unity.Mathematics/float4x2.gen.cs
 0.1 kb	 0.0% Packages/com.unity.mathematics/Unity.Mathematics/float4.gen.cs
 0.1 kb	 0.0% Packages/com.unity.mathematics/Unity.Mathematics/float3x4.gen.cs
 0.1 kb	 0.0% Packages/com.unity.mathematics/Unity.Mathematics/float3x3.gen.cs
 0.1 kb	 0.0% Packages/com.unity.mathematics/Unity.Mathematics/float3x2.gen.cs
 0.1 kb	 0.0% Packages/com.unity.mathematics/Unity.Mathematics/float3.gen.cs
 0.1 kb	 0.0% Packages/com.unity.mathematics/Unity.Mathematics/float2x4.gen.cs
 0.1 kb	 0.0% Packages/com.unity.mathematics/Unity.Mathematics/float2x3.gen.cs
 0.1 kb	 0.0% Packages/com.unity.mathematics/Unity.Mathematics/float2x2.gen.cs
 0.1 kb	 0.0% Packages/com.unity.mathematics/Unity.Mathematics/float2.gen.cs
 0.1 kb	 0.0% Packages/com.unity.mathematics/Unity.Mathematics/double4.gen.cs
 0.1 kb	 0.0% Packages/com.unity.mathematics/Unity.Mathematics/double3.gen.cs
 0.1 kb	 0.0% Packages/com.unity.mathematics/Unity.Mathematics/double2.gen.cs
 0.1 kb	 0.0% Packages/com.unity.mathematics/Unity.Mathematics/bool4x4.gen.cs
 0.1 kb	 0.0% Packages/com.unity.mathematics/Unity.Mathematics/bool4x3.gen.cs
 0.1 kb	 0.0% Packages/com.unity.mathematics/Unity.Mathematics/bool4x2.gen.cs
 0.1 kb	 0.0% Packages/com.unity.mathematics/Unity.Mathematics/bool4.gen.cs
 0.1 kb	 0.0% Packages/com.unity.mathematics/Unity.Mathematics/bool3x4.gen.cs
 0.1 kb	 0.0% Packages/com.unity.mathematics/Unity.Mathematics/bool3x3.gen.cs
 0.1 kb	 0.0% Packages/com.unity.mathematics/Unity.Mathematics/bool3x2.gen.cs
 0.1 kb	 0.0% Packages/com.unity.mathematics/Unity.Mathematics/bool3.gen.cs
 0.1 kb	 0.0% Packages/com.unity.mathematics/Unity.Mathematics/bool2x4.gen.cs
 0.1 kb	 0.0% Packages/com.unity.mathematics/Unity.Mathematics/bool2x3.gen.cs
 0.1 kb	 0.0% Packages/com.unity.mathematics/Unity.Mathematics/bool2x2.gen.cs
 0.1 kb	 0.0% Packages/com.unity.mathematics/Unity.Mathematics/bool2.gen.cs
 0.1 kb	 0.0% Packages/com.unity.mathematics/Unity.Mathematics/Noise/psrdnoise2D.cs
 0.1 kb	 0.0% Packages/com.unity.mathematics/Unity.Mathematics/Noise/noise3Dgrad.cs
 0.1 kb	 0.0% Packages/com.unity.mathematics/Unity.Mathematics/Noise/cellular3D.cs
 0.1 kb	 0.0% Packages/com.unity.mathematics/Unity.Mathematics/Noise/cellular2x2.cs
 0.1 kb	 0.0% Packages/com.unity.mathematics/Unity.Mathematics/Noise/cellular2D.cs
 0.1 kb	 0.0% Packages/com.unity.collections/Unity.Collections/xxHash3.AVX2.cs
 0.1 kb	 0.0% Packages/com.unity.burst/Runtime/Intrinsics/Arm/NEON_AArch64_rdma.cs
 0.1 kb	 0.0% Packages/com.unity.burst/Runtime/Intrinsics/Arm/NEON_AArch64_dotprod.cs
 0.1 kb	 0.0% Packages/com.unity.burst/Runtime/Intrinsics/Arm/NEON_AArch64_crypto.cs
 0.1 kb	 0.0% Packages/com.unity.ugui/Runtime/UGUI/UI/Core/Utility/VertexHelper.cs
 0.1 kb	 0.0% Packages/com.unity.ugui/Runtime/UGUI/UI/Core/ToggleGroup.cs
 0.1 kb	 0.0% Packages/com.unity.ugui/Runtime/UGUI/UI/Core/SpriteState.cs
 0.1 kb	 0.0% Packages/com.unity.ugui/Runtime/UGUI/UI/Core/Selectable.cs
 0.1 kb	 0.0% Packages/com.unity.ugui/Runtime/UGUI/UI/Core/Scrollbar.cs
 0.1 kb	 0.0% Packages/com.unity.ugui/Runtime/UGUI/UI/Core/ScrollRect.cs
 0.1 kb	 0.0% Packages/com.unity.ugui/Runtime/UGUI/UI/Core/RectMask2D.cs
 0.1 kb	 0.0% Packages/com.unity.ugui/Runtime/UGUI/UI/Core/Navigation.cs
 0.1 kb	 0.0% Packages/com.unity.ugui/Runtime/UGUI/UI/Core/Layout/LayoutGroup.cs
 0.1 kb	 0.0% Packages/com.unity.ugui/Runtime/UGUI/UI/Core/Layout/CanvasScaler.cs
 0.1 kb	 0.0% Packages/com.unity.ugui/Runtime/UGUI/UI/Core/InputField.cs
 0.1 kb	 0.0% Packages/com.unity.ugui/Runtime/UGUI/UI/Core/IMaskable.cs
 0.1 kb	 0.0% Packages/com.unity.ugui/Runtime/UGUI/UI/Core/ColorBlock.cs
 0.1 kb	 0.0% Packages/com.unity.mathematics/Unity.Mathematics/random.cs
 0.1 kb	 0.0% Packages/com.unity.mathematics/Unity.Mathematics/matrix.gen.cs
 0.1 kb	 0.0% Packages/com.unity.mathematics/Unity.Mathematics/matrix.cs
 0.1 kb	 0.0% Packages/com.unity.mathematics/Unity.Mathematics/Noise/noise4D.cs
 0.1 kb	 0.0% Packages/com.unity.mathematics/Unity.Mathematics/Noise/noise3D.cs
 0.1 kb	 0.0% Packages/com.unity.mathematics/Unity.Mathematics/Noise/noise2D.cs
 0.1 kb	 0.0% Packages/com.unity.mathematics/Unity.Mathematics/Noise/common.cs
 0.1 kb	 0.0% Packages/com.unity.collections/Unity.Collections/xxHash3.cs
 0.1 kb	 0.0% Packages/com.unity.collections/Unity.Collections/Unicode.cs
 0.1 kb	 0.0% Packages/com.unity.collections/Unity.Collections/Memory.cs
 0.1 kb	 0.0% Packages/com.unity.collections/Unity.Collections/Jobs/IJobFilter.cs
 0.1 kb	 0.0% Packages/com.unity.collections/Unity.Collections/BitField.cs
 0.1 kb	 0.0% Packages/com.unity.burst/Runtime/NoAliasAttribute.cs
 0.1 kb	 0.0% Packages/com.unity.burst/Runtime/FunctionPointer.cs
 0.1 kb	 0.0% Packages/com.unity.burst/Runtime/Editor/BurstLoader.cs
 0.1 kb	 0.0% Packages/com.unity.burst/Runtime/CompilerServices/Constant.cs
 0.1 kb	 0.0% Packages/com.unity.burst/Runtime/CompilerServices/Aliasing.cs
 0.1 kb	 0.0% Packages/com.unity.burst/Runtime/BurstString.Float.cs
 0.1 kb	 0.0% Packages/com.unity.burst/Runtime/BurstCompiler.cs
 0.1 kb	 0.0% Packages/com.unity.ugui/Runtime/UGUI/UI/Core/Culling/IClipRegion.cs
 0.1 kb	 0.0% Packages/com.unity.ugui/Runtime/TMP/TextMeshPro.cs
 0.1 kb	 0.0% Packages/com.unity.ugui/Runtime/TMP/TMP_TextInfo.cs
 0.1 kb	 0.0% Packages/com.unity.ugui/Runtime/TMP/TMP_SubMesh.cs
 0.1 kb	 0.0% Packages/com.unity.ugui/Runtime/TMP/TMP_Style.cs
 0.1 kb	 0.0% Packages/com.unity.ugui/Runtime/TMP/TMP_Sprite.cs
 0.1 kb	 0.0% Packages/com.unity.ugui/Runtime/TMP/TMP_Settings.cs
 0.1 kb	 0.0% Packages/com.unity.ugui/Runtime/TMP/TMP_MeshInfo.cs
 0.1 kb	 0.0% Packages/com.unity.ugui/Runtime/TMP/TMP_LineInfo.cs
 0.1 kb	 0.0% Packages/com.unity.ugui/Runtime/TMP/TMP_Dropdown.cs
 0.1 kb	 0.0% Packages/com.unity.ugui/Runtime/TMP/TMP_Asset.cs
 0.1 kb	 0.0% Packages/com.unity.ugui/Runtime/TMP/FastAction.cs
 0.1 kb	 0.0% Packages/com.unity.timeline/Runtime/Events/Marker.cs
 0.1 kb	 0.0% Packages/com.unity.timeline/Runtime/Events/IMarker.cs
 0.1 kb	 0.0% Packages/com.unity.mathematics/Unity.Mathematics/int4.gen.cs
 0.1 kb	 0.0% Packages/com.unity.mathematics/Unity.Mathematics/int3.gen.cs
 0.1 kb	 0.0% Packages/com.unity.mathematics/Unity.Mathematics/int2.gen.cs
 0.1 kb	 0.0% Packages/com.unity.burst/Runtime/Intrinsics/Common.cs
 0.1 kb	 0.0% Packages/com.unity.burst/Runtime/Intrinsics/Arm/NEON_ctor.cs
 0.1 kb	 0.0% Packages/com.unity.burst/Runtime/Intrinsics/Arm/NEON_AArch64.cs
 0.1 kb	 0.0% Packages/com.unity.visualeffectgraph/Runtime/Utilities/RuntimeResources.asset
 0.1 kb	 0.0% Packages/com.unity.ugui/Runtime/UGUI/UI/Core/VertexModifiers/Shadow.cs
 0.1 kb	 0.0% Packages/com.unity.ugui/Runtime/UGUI/UI/Core/VertexModifiers/Outline.cs
 0.1 kb	 0.0% Packages/com.unity.ugui/Runtime/UGUI/UI/Core/Toggle.cs
 0.1 kb	 0.0% Packages/com.unity.ugui/Runtime/UGUI/UI/Core/Slider.cs
 0.1 kb	 0.0% Packages/com.unity.ugui/Runtime/UGUI/UI/Core/RawImage.cs
 0.1 kb	 0.0% Packages/com.unity.ugui/Runtime/UGUI/UI/Core/Image.cs
 0.1 kb	 0.0% Packages/com.unity.ugui/Runtime/UGUI/UI/Core/IMask.cs
 0.1 kb	 0.0% Packages/com.unity.ugui/Runtime/UGUI/UI/Core/Graphic.cs
 0.1 kb	 0.0% Packages/com.unity.ugui/Runtime/UGUI/UI/Core/FontData.cs
 0.1 kb	 0.0% Packages/com.unity.ugui/Runtime/UGUI/UI/Core/Dropdown.cs
 0.1 kb	 0.0% Packages/com.unity.ugui/Runtime/UGUI/UI/Core/Culling/Clipping.cs
 0.1 kb	 0.0% Packages/com.unity.ugui/Runtime/UGUI/UI/Core/Button.cs
 0.1 kb	 0.0% Packages/com.unity.mathematics/Unity.Mathematics/svd.cs
 0.1 kb	 0.0% Packages/com.unity.mathematics/Unity.Mathematics/math.cs
 0.1 kb	 0.0% Packages/com.unity.mathematics/Unity.Mathematics/half.cs
 0.1 kb	 0.0% Packages/com.unity.burst/Runtime/SharedStatic.cs
 0.1 kb	 0.0% Packages/com.unity.burst/Runtime/Intrinsics/x86/Ssse3.cs
 0.1 kb	 0.0% Packages/com.unity.burst/Runtime/Intrinsics/x86/Sse4_2.cs
 0.1 kb	 0.0% Packages/com.unity.burst/Runtime/Intrinsics/x86/Sse4_1.cs
 0.1 kb	 0.0% Packages/com.unity.burst/Runtime/Intrinsics/x86/Popcnt.cs
 0.1 kb	 0.0% Packages/com.unity.burst/Runtime/Intrinsics/x86/Common.cs
 0.1 kb	 0.0% Packages/com.unity.burst/Runtime/CompilerServices/Hint.cs
 0.1 kb	 0.0% Packages/com.unity.burst/Runtime/BurstString.cs
 0.1 kb	 0.0% Packages/com.unity.burst/Runtime/BurstRuntime.cs
 0.1 kb	 0.0% Packages/com.unity.ugui/Runtime/TMP/TMP_Text.cs
 0.1 kb	 0.0% Packages/com.unity.burst/Runtime/Intrinsics/x86/Sse3.cs
 0.1 kb	 0.0% Packages/com.unity.burst/Runtime/Intrinsics/x86/Sse2.cs
 0.1 kb	 0.0% Packages/com.unity.burst/Runtime/Intrinsics/x86/Sse.cs
 0.1 kb	 0.0% Packages/com.unity.burst/Runtime/Intrinsics/x86/Fma.cs
 0.1 kb	 0.0% Packages/com.unity.burst/Runtime/Intrinsics/x86/F16C.cs
 0.1 kb	 0.0% Packages/com.unity.burst/Runtime/Intrinsics/x86/Csr.cs
 0.1 kb	 0.0% Packages/com.unity.burst/Runtime/Intrinsics/x86/Bmi2.cs
 0.1 kb	 0.0% Packages/com.unity.burst/Runtime/Intrinsics/x86/Bmi1.cs
 0.1 kb	 0.0% Packages/com.unity.burst/Runtime/Intrinsics/x86/Avx2.cs
 0.1 kb	 0.0% Packages/com.unity.burst/Runtime/Intrinsics/x86/Avx.cs
 0.1 kb	 0.0% Packages/com.unity.burst/Runtime/Intrinsics/v64.cs
 0.1 kb	 0.0% Packages/com.unity.burst/Runtime/Intrinsics/v256.cs
 0.1 kb	 0.0% Packages/com.unity.burst/Runtime/Intrinsics/v128.cs
 0.1 kb	 0.0% Packages/com.unity.burst/Runtime/Intrinsics/Arm/NEON.cs
 0.1 kb	 0.0% Packages/com.unity.ugui/Runtime/UGUI/UI/Core/Text.cs
 0.1 kb	 0.0% Packages/com.unity.ugui/Runtime/UGUI/UI/Core/Misc.cs
 0.1 kb	 0.0% Packages/com.unity.ugui/Runtime/UGUI/UI/Core/Mask.cs
 0.1 kb	 0.0% Assets/TutorialInfo/Scripts/Readme.cs
 0.1 kb	 0.0% Packages/com.unity.render-pipelines.high-definition/Runtime/RenderPipelineResources/ComputeMaterialLibrary.asset
 0.1 kb	 0.0% Assets/Resources/PerformanceTestRunSettings.json
-------------------------------------------------------------------------------
Unloading 1 Unused Serialized files (Serialized files now loaded: 0)
Unloading 1605 unused Assets / (3.7 MB). Loaded Objects now: 8449.
Memory consumption went from 303.6 MB to 299.9 MB.
Total: 8.545200 ms (FindLiveObjects: 0.287000 ms CreateObjectMapping: 0.119200 ms MarkObjects: 6.847000 ms  DeleteObjects: 1.290800 ms)

DisplayProgressNotification: Build Successful
Build Finished, Result: Success.
##utp:{"type":"PlayerBuildInfo","version":2,"phase":"Immediate","time":1789404199734,"processId":140152,"steps":[{"description":"Preprocess Player","duration":1794},{"description":"Prepare For Build","duration":4},{"description":"ProducePlayerScriptAssemblies","duration":3225},{"description":"Verify Build setup","duration":19},{"description":"Prepare assets for target platform","duration":2},{"description":"Prepare splash screen","duration":1},{"description":"Building scenes","duration":417},{"description":"Build scripts DLLs","duration":47},{"description":"Build GlobalGameManagers file","duration":141},{"description":"Writing asset files","duration":4366},{"description":"Building Resources/unity_builtin_extra","duration":183},{"description":"Write data build dirty tracking information","duration":386},{"description":"Postprocess built player","duration":4451}],"duration":15036}
Unloading 14 Unused Serialized files (Serialized files now loaded: 0)
Loaded scene 'Temp/__Backupscenes/0.backup'
	Deserialize:            14.165 ms
	Integration:            1168.940 ms
	Integration of assets:  0.501 ms
	Thread Wait Time:       0.012 ms
	Total Operation Time:   1183.618 ms
Unloading 4 unused Assets / (191.0 KB). Loaded Objects now: 10150.
Memory consumption went from 464.8 MB to 464.6 MB.
Total: 6.056700 ms (FindLiveObjects: 0.320800 ms CreateObjectMapping: 0.138500 ms MarkObjects: 5.518100 ms  DeleteObjects: 0.078600 ms)

Batchmode quit successfully invoked - shutting down!
Killing ADB server in 0.0419973 seconds.
[Physics::Module] Cleanup current backned.
[Physics::Module] Id: 0xf2b8ea05
[Licensing::IpcConnector] License Notification channel disconnected successfully.
[Licensing::IpcConnector] License Client channel disconnected successfully.
AcceleratorClientConnectionCallback - disconnected - :0
Cleanup mono
00:43:21.433 |V| RiderPlugin                    | :1                             | AppDomain.CurrentDomain.DomainUnload lifetimeDefinition.Terminate
Exiting batchmode successfully now!
Exiting without the bug reporter. Application will terminate with return code 0